Validated generated product metadata.
Web source frozen: 24 chapters, 290 movements, 122 interactions.
Validated source-asset provenance and hashes.
Delivery locked: 1 essential + 7 paid packages, 24 unique chapters, 6 GB ceiling.
Validated 0 approved native assets; compiler remains fail-closed for unregistered files.
Harvest visual production contract locked to 86 future files; no asset or shipping approval was created.
Harvest central-grain source authority is byte-bound and non-shipping; editor, production-master, package and shipping authority remain absent.
.....
----------------------------------------------------------------------
Ran 5 tests in 0.700s

OK
Validated Harvest v22 11dc4dd55d7fe25341de1962af625834ffd5b153090c0f6fe9ce1a3227918d66, full-resolution v23 c2f71d113775dce78b2bfcae8486a84e5872e829a8d346b891c6b918ac0d4596, exact-canvas v24 bfc3ea276fa2d63857381e31845d25716dc7c71b82cf38afd734a021dff8b7c1, material-corrected v25 5ddcef3511e0b29dd0ace635a26135290bcf50402531b7d55b60e30422873762, and garment-corrected v26 e00eebcac9c20b7cd4c30193ea21bc7f032981817840cb85694298240d0618ca; audited pixels remain isolated and every candidate remains non-shipping.
{"status":"BACKSTAGE_PARALLAX_HALO_PROOF_PARTIAL_PASS","receiptSHA256":"dbc54f8afef3dceb6a49bd6e21ce9efe0fcd5f039f80d925465d4838a2851277","includedMovingLayers":["people","grain","foreground"],"reduceMotionChangedPixelCount":0,"shippingState":"PROHIBITED","runtimeStatus":"BACKSTAGE_RUNTIME_METAL_V26_RESTRICTED_PARTIAL_PASS","runtimeReceiptSHA256":"3b7ec93c42a5126fc5a6f1764ca86834cb94728616c38dc5a0a3150acc382b00","simulatorResult":"PASS","runtimeReduceMotionChangedPixelCount":0}
Physical-device protocol locked: 8 run classes; physical execution remains pending.
Thread Sanitizer receipt current: 199/199; simulator-only.
Validated 15 First Farmers findings against 37 public narrative segments; register remains backstage-only.
✔ distribution config is fail-closed and Chapter 1-scoped (1.088375ms)
✔ candidate paths replace only Chapter 1 WAV leaves (0.146625ms)
✔ source inventory requires exact receipt bytes, hashes and open approvals (5.278ms)
✔ pinned AAC-LC coding is byte-repeatable and frame-bounded on a loop (262.96575ms)
✔ uniform black output fails before visual review (1.283292ms)
✔ varied full-resolution PNG reaches manual-review boundary (1.046959ms)
✔ valid pixels cannot conceal an undersized master (0.91275ms)
✔ reports the current source gate with the exact review counts (648.527292ms)
✔ keeps the gate at CANDIDATE and rejects a premature PASS declaration (0.69675ms)
✔ locks canonical beat, scene and save identities (19.832834ms)
✔ rejects evidence that tries to promote shipping or weakens audio restore (10.319667ms)
✔ requires identical touch, VoiceOver and Reduce Motion outcomes (9.252958ms)
✔ requires all 17 entry and exit restores plus all six mid-interaction restores (7.759084ms)
✔ binds the required non-XCTest simulator round to its log and recording (9.46625ms)
✔ binds offline PASS to 100 percent packet loss and a zero-request log (10.98275ms)
✔ requires byte-identical signed fixtures and ordinary Release rejection (10.408166ms)
✔ unsigned development repository and loader remain DEBUG-only (3.05025ms)
✔ generated development payload resources stay outside Release and live-test trust (0.953834ms)
✔ signed fixture has one explicit release-optimized non-shipping trust domain (2.762041ms)
✔ ordinary Release still excludes the signed fixture and its trust receipt (0.804792ms)
✔ live-test signing is isolated from production push, CloudKit and app-group state (2.468375ms)
✔ live-test bootstrap compiles out Apple commerce while Debug and Release retain it (1.111166ms)
✔ app chapter route is coordinator-driven and the public content tree remains empty (2.951333ms)
✔ validates the sealed First Farmers register and covers every narrative segment (6.348917ms)
✔ records only the two narrative-writer repairs as closed (0.200625ms)
✔ records all four editor decisions as closed and applied backstage (0.158166ms)
✔ rejects a register when the sealed source draft hash drifts (1.599834ms)
✔ rejects verifier-written public prose anywhere in the register (0.32975ms)
✔ rejects an uncovered public narrative segment (0.613583ms)
✔ rejects a claim locator when its verbatim draft text drifts (0.405209ms)
✔ rejects summary totals that no longer match the findings (0.933375ms)
✔ rejects a narrative-writer closure of an editor decision (0.543ms)
✔ rejects an editor decision attributed to anyone but the editor-in-chief (0.45275ms)
✔ rejects a repair record that claims to alter the editorial frame (0.385541ms)
✔ the public-content firewall rejects the backstage claim register (1.245583ms)
✔ complete measured First Farmers evidence passes (54.3635ms)
✔ NOT_TESTED cannot satisfy the physical gate (25.025167ms)
✔ all 17 beats and six measured interaction scenes are required (50.021917ms)
✔ short runs, battery overruns and missing trace bytes fail (134.043417ms)
✔ wrong app or signed-package identity cannot be substituted (36.11375ms)
✔ serious thermal state, excess memory or failed display p99 fails (41.728667ms)
✔ cold restoration requires one measured run for every principal interaction (63.656709ms)
✔ audio restoration requires ten exact paired repetitions (30.954916ms)
✔ controlled-pause restoration rejects one sample of drift (15.630208ms)
✔ hard-kill restoration rejects more than 12000 samples at 48 kHz (18.123459ms)
✔ audio restoration rejects wrong sample rate and raw identity (61.503958ms)
✔ audio-restoration artifacts cannot be reused (19.728666ms)
✔ the Harvest donor authorities are byte-bound (3.888708ms)
✔ each authority binds its exact source, prompt and grayscale mask (12.118416ms)
✔ the donor mask cannot grant write, production or shipping authority (1.486083ms)
✔ the destination rail measurement is byte-bound to its sidecar (2.663292ms)
✔ every destination displacement is derived from the bound scene rail (2.582417ms)
✔ the measurement remains a non-shipping technical input (0.806958ms)
✔ validates the byte-bound local Harvest edit and its pixel-isolated composite (1404.973208ms)
✔ rejects a direct edit or composite that claims shipping authority (1.951625ms)
✔ rejects drift in the full-resolution composite before its isolation is trusted (12.144ms)
✔ rejects drift in any bound candidate bytes before isolation is trusted (5.689791ms)
✔ rejects drift in the exact v26 parent chain before garment isolation is trusted (24.314959ms)
✔ accepts only the frozen non-shipping restricted Harvest parallax proof (42.267208ms)
✔ rejects runtime promotion, broadened scope and renderer-boundary drift (84.702125ms)
✔ rejects runtime frame parity drift and lost authority denials (62.165667ms)
✔ rejects any promotion to shipping or full visual authority (18.809625ms)
✔ rejects Reduce Motion drift and any broadened moving-layer scope (40.787875ms)
✔ rejects frozen output hash drift before accepting review claims (9.247542ms)
✔ locked physical-device protocol passes (1.819625ms)
✔ simulator evidence cannot replace the physical floor (0.945417ms)
✔ performance budgets cannot loosen silently (0.226708ms)
✔ complete First Farmers battery run cannot be removed or shortened (1.10125ms)
✔ cold restore must exercise all six First Farmers interactions (0.25575ms)
✔ missing First Farmers physical evidence is a release failure (0.248416ms)
✔ local completion proxies cannot replace retained display traces (0.490583ms)
✔ storage test cannot consume unrelated device capacity (0.1745ms)
✔ simulator report classification and local-only instrumentation cannot drift (0.362125ms)
✔ backstage report schema is closed and cannot encode a pass claim (0.18275ms)
✔ performance instrumentation has no analytics or network dependency (3.499167ms)
✔ accepts a clean release app bundle in boundary-only mode (7.724209ms)
✔ rejects every DEBUG-only resource basename (23.792084ms)
✔ rejects every key, test and config extension (9.778667ms)
✔ rejects every DEBUG-only byte sequence in arbitrary app files (51.018292ms)
✔ rejects the exact signed runtime fixture and trust receipt after renaming (487.598417ms)
✔ rejects a binary private key even after it is renamed (1.782792ms)
✔ rejects JWK private material even after it is renamed (1.311083ms)
✔ release-candidate mode requires approved trust and accepts actual bytes within budget (15.62775ms)
✔ release-candidate byte boundary rejects package, shell and complete bundle excess (0.250708ms)
✔ release-candidate mode rejects noncanonical, extra or unapproved trust (11.509959ms)
✔ release-candidate mode requires one complete signed essential package root (20.221292ms)
✔ release-candidate mode rejects manifest, signature, inventory and file drift (25.713916ms)
✔ release-candidate mode rejects duplicate roots, symlinks and foreign directories (14.469625ms)
✔ approved essential receipt binds every required package authority field (75.447084ms)
✔ approved essential receipt remains canonical and external to the app (16.198792ms)
✔ CLI help names the signed essential root and external approval receipt (58.633916ms)
✔ rejects a path that is not a built app directory (0.4065ms)
✔ focused Thread Sanitizer receipt matches the current source authority (27.13875ms)
✔ a simulator Thread Sanitizer run cannot claim shipping approval (0.767291ms)
✔ the pass cannot survive a changed source authority (15.597708ms)
✔ the source-authority helper reproduces the bound digest (16.448875ms)
✔ provisional freeze authority cannot be written outside the backstage tree (71.8735ms)
✔ provisional build cannot target a public or arbitrary output tree (71.580834ms)
✔ provisional DAG and receipt cannot leave backstage even when output is a development path (72.302666ms)
ℹ tests 99
ℹ suites 0
ℹ pass 99
ℹ fail 0
ℹ cancelled 0
ℹ skipped 0
ℹ todo 0
ℹ duration_ms 1536.973208
Verified 122 source interactions, 99 principal interactions, 7 non-interactive beat effects, 106 arc effects and 152 later activations.
Validated generated editor approval brief.
✔ Harvest review binds authority, real allocation choice and one historical consequence (3.927792ms)
✔ Harvest review rejects false approval and a hidden exact allocation (2.365166ms)
✔ accepts only the editor-approved reconstruction target (3.943042ms)
✔ rejects approval status, role, path and scope drift (2.371958ms)
✔ keeps shipping prohibited behind both production approvals (1.070542ms)
✔ rejects changed image dimensions and bytes (2.305667ms)
ℹ tests 6
ℹ suites 0
ℹ pass 6
ℹ fail 0
ℹ cancelled 0
ℹ skipped 0
ℹ todo 0
ℹ duration_ms 76.895459
Phase 1 laboratory locked: 5 scenes, 5 grammars, 3 free chapters, selected visual 48f5b82daf7cbcfe46e1afdd021c5f79ed3135c9e4d91a65974e291401cdf22c.
✔ payload generator is deterministic and the canonical validator accepts its exact bytes (38.309291ms)
✔ Raise the House remains receipt-bound in the fully authored six-program projection (1.74825ms)
✔ A Continent Remade replaces its placeholder with a source-bound authored Transform program (1.880417ms)
✔ More Mouths replaces its placeholder with the herd-bound settlement Transform program (1.466666ms)
✔ Household Crosses replaces its placeholder with the source-bound crossing program (1.404125ms)
✔ Three Records projects its common-player causal mix without backstage production fields (1.851ms)
✔ all seventeen scenes, thirty-seven manuscript cues and accessibility specs bind one exact chapter (1.425041ms)
✔ Harvest reuses the Phase 1 SceneSpec and every other asset path is an explicit future requirement (3.231542ms)
✔ canonical payload contains no backstage apparatus or academic regression (3.054167ms)
✔ package validation fails closed on missing visual binding, narration drift, unsafe asset and backstage field (26.984625ms)
✔ production Longhouse projection has distinct material sources and bearing slots (4.606166ms)
✔ runtime source and signed development fixture carry the same Longhouse projection (2.273375ms)
✔ targeted fixture integrity metadata binds the migrated chapter bytes (3.399833ms)
✔ Longhouse generator branch emits the source-slot schema and no legacy binding (0.800625ms)
✔ validates six shared review worlds across all 17 stable scenes (8.171333ms)
✔ rejects shipping escalation and public-schema leakage (3.511708ms)
✔ rejects a seventh world, a changed restore anchor and a thin touch target (7.338833ms)
✔ rejects a missing interaction state and weak Reduce Motion parity (4.889916ms)
✔ freezes all 37 Chapter 01 narration segments by exact text hash (3.613208ms)
✔ rejects one changed segment hash or a shipping-bound freeze (3.475792ms)
✔ rejects narration-binding order drift (1.15925ms)
✔ validates the complete provisional First Farmers native chapter (7.314084ms)
✔ rejects approval escalation and academic leakage (2.061042ms)
✔ rejects editorial, arc, interaction and world-effect drift (10.166625ms)
✔ rejects a hidden Harvest answer and broken session pacing (4.713667ms)
✔ rejects a second haptic vocabulary (2.268458ms)
✔ locks the four editor-approved Chapter 01 factual repairs (8.849459ms)
ℹ tests 27
ℹ suites 0
ℹ pass 27
ℹ fail 0
ℹ cancelled 0
ℹ skipped 0
ℹ todo 0
ℹ duration_ms 156.628417
First Farmers native production draft validated without editor or shipping approval.
First Farmers non-shipping chapter projection is current.
First Farmers non-shipping payload projection is current.
CHAPTER_01_REVIEW_READY: CANDIDATE; 8 open blocker(s).
- automated-suites: automated-suites: receipt has no review-subject SHA-256
- fixture-determinism: fixture-determinism: receipt has no review-subject SHA-256
- simulator-traversal: simulator-traversal: receipt has no review-subject SHA-256
- interaction-recordings: interaction-recordings: receipt has no review-subject SHA-256
- restore-matrix: restore-matrix: receipt has no review-subject SHA-256
- audio-restore: audio-restore: receipt has no review-subject SHA-256
- accessibility: missing PASS receipt
- offline: missing PASS receipt
test_editor_authority_is_review_only_and_keeps_v12_production_closed (test_first_farmers_review_narration.FirstFarmersReviewNarrationTests.test_editor_authority_is_review_only_and_keeps_v12_production_closed) ... ok
test_exact_chapter_structure_projects_to_37_unique_cues (test_first_farmers_review_narration.FirstFarmersReviewNarrationTests.test_exact_chapter_structure_projects_to_37_unique_cues) ... ok
test_generated_review_manifest_binds_all_37_actual_cues (test_first_farmers_review_narration.FirstFarmersReviewNarrationTests.test_generated_review_manifest_binds_all_37_actual_cues) ... ok
test_qwen_fallback_is_one_candidate_for_the_whole_chapter (test_first_farmers_review_narration.FirstFarmersReviewNarrationTests.test_qwen_fallback_is_one_candidate_for_the_whole_chapter) ... ok
test_review_output_is_confined_outside_public_content (test_first_farmers_review_narration.FirstFarmersReviewNarrationTests.test_review_output_is_confined_outside_public_content) ... ok
test_runtime_duration_excludes_aac_decoder_remainder (test_first_farmers_review_narration.FirstFarmersReviewNarrationTests.test_runtime_duration_excludes_aac_decoder_remainder) ... ok
test_voxcpm2_probe_is_two_voices_one_take_and_no_retry (test_first_farmers_review_narration.FirstFarmersReviewNarrationTests.test_voxcpm2_probe_is_two_voices_one_take_and_no_retry) ... ok
test_exact_review_transition_inventory (test_first_farmers_review_transitions.FirstFarmersReviewTransitionTests.test_exact_review_transition_inventory) ... ok
test_generated_manifest_and_assets_validate (test_first_farmers_review_transitions.FirstFarmersReviewTransitionTests.test_generated_manifest_and_assets_validate) ... ok
test_transitions_reuse_responsive_world_previews (test_first_farmers_review_transitions.FirstFarmersReviewTransitionTests.test_transitions_reuse_responsive_world_previews) ... ok
test_artistic_and_editor_gates_remain_open (test_pipeline.NarrationPipelineTests.test_artistic_and_editor_gates_remain_open) ... ok
test_candidate_set_requires_all_six_bound_audio_records (test_pipeline.NarrationPipelineTests.test_candidate_set_requires_all_six_bound_audio_records) ... ok
test_casting_passage_is_exact_approved_prose_with_name_coverage (test_pipeline.NarrationPipelineTests.test_casting_passage_is_exact_approved_prose_with_name_coverage) ... ok
test_editor_selection_is_byte_bound_and_exactly_two_finalists (test_pipeline.NarrationPipelineTests.test_editor_selection_is_byte_bound_and_exactly_two_finalists) ... ok
test_non_streaming_generation_rejects_split_or_silent_results (test_pipeline.NarrationPipelineTests.test_non_streaming_generation_rejects_split_or_silent_results) ... ok
test_offline_preflight_contract_does_not_synthesize (test_pipeline.NarrationPipelineTests.test_offline_preflight_contract_does_not_synthesize) ... ok
test_output_root_must_be_new_or_empty (test_pipeline.NarrationPipelineTests.test_output_root_must_be_new_or_empty) ... ok
test_production_cast_is_exactly_six_anonymous_candidates (test_pipeline.NarrationPipelineTests.test_production_cast_is_exactly_six_anonymous_candidates) ... ok
test_receipt_binding_covers_pipeline_config_lock_and_ffmpeg_binary (test_pipeline.NarrationPipelineTests.test_receipt_binding_covers_pipeline_config_lock_and_ffmpeg_binary) ... ok
test_run_cast_rejects_anything_except_complete_six (test_pipeline.NarrationPipelineTests.test_run_cast_rejects_anything_except_complete_six) ... ok
test_short_text_cannot_be_labelled_a_stress_test (test_pipeline.NarrationPipelineTests.test_short_text_cannot_be_labelled_a_stress_test) ... ok
test_stress_contract_is_one_uninterrupted_twenty_minute_generation (test_pipeline.NarrationPipelineTests.test_stress_contract_is_one_uninterrupted_twenty_minute_generation) ... ok
test_technical_probe_receipt_matches_preserved_audio_without_artistic_claim (test_pipeline.NarrationPipelineTests.test_technical_probe_receipt_matches_preserved_audio_without_artistic_claim) ... ok
test_weight_lineage_is_exact_and_commercially_permissive (test_pipeline.NarrationPipelineTests.test_weight_lineage_is_exact_and_commercially_permissive) ... ok
test_cues_reassemble_the_shared_text_without_rewriting (test_provisional_pipeline.ProvisionalPipelineTests.test_cues_reassemble_the_shared_text_without_rewriting) ... ok
test_lossless_native_assembly_has_exact_boundaries_and_one_gain (test_provisional_pipeline.ProvisionalPipelineTests.test_lossless_native_assembly_has_exact_boundaries_and_one_gain) ... ok
test_overlong_calibration_is_bound_and_rejected (test_provisional_pipeline.ProvisionalPipelineTests.test_overlong_calibration_is_bound_and_rejected) ... ok
test_production_pipeline_rejects_provisional_selection (test_provisional_pipeline.ProvisionalPipelineTests.test_production_pipeline_rejects_provisional_selection) ... ok
test_ranking_uses_exactly_two_eligible_candidates (test_provisional_pipeline.ProvisionalPipelineTests.test_ranking_uses_exactly_two_eligible_candidates) ... ok
test_single_call_token_loops_are_bound_and_rejected (test_provisional_pipeline.ProvisionalPipelineTests.test_single_call_token_loops_are_bound_and_rejected) ... ok
test_stress_master_has_stricter_asr_gates_than_casting (test_provisional_pipeline.ProvisionalPipelineTests.test_stress_master_has_stricter_asr_gates_than_casting) ... ok
test_stress_master_is_segmented_without_transform_operations (test_provisional_pipeline.ProvisionalPipelineTests.test_stress_master_is_segmented_without_transform_operations) ... ok
test_stress_pronunciation_screen_only_uses_terms_present (test_provisional_pipeline.ProvisionalPipelineTests.test_stress_pronunciation_screen_only_uses_terms_present) ... ok
test_stress_text_is_exact_approved_contract_material (test_provisional_pipeline.ProvisionalPipelineTests.test_stress_text_is_exact_approved_contract_material) ... ok
test_trust_domain_is_not_editor_approval (test_provisional_pipeline.ProvisionalPipelineTests.test_trust_domain_is_not_editor_approval) ... ok
test_validate_reports_separate_trust_domains (test_provisional_pipeline.ProvisionalPipelineTests.test_validate_reports_separate_trust_domains) ... ok
test_voice_consistency_screen_uses_frozen_cosine_gates (test_provisional_pipeline.ProvisionalPipelineTests.test_voice_consistency_screen_uses_frozen_cosine_gates) ... ok
test_audit_derivative_only_resamples_and_adds_authored_pause (test_v10_openvoice_v2_adapter.V10OpenVoiceAdapterTests.test_audit_derivative_only_resamples_and_adds_authored_pause) ... ok
test_method_is_one_fixed_fourteen_by_two_grid (test_v10_openvoice_v2_adapter.V10OpenVoiceAdapterTests.test_method_is_one_fixed_fourteen_by_two_grid) ... ok
test_phone_distribution_matches_pinned_melo_algorithm (test_v10_openvoice_v2_adapter.V10OpenVoiceAdapterTests.test_phone_distribution_matches_pinned_melo_algorithm) ... ok
test_seed_grid_is_stable_and_unique (test_v10_openvoice_v2_adapter.V10OpenVoiceAdapterTests.test_seed_grid_is_stable_and_unique) ... ok
test_unknown_seed_index_fails (test_v10_openvoice_v2_adapter.V10OpenVoiceAdapterTests.test_unknown_seed_index_fails) ... ok
test_generation_receipt_is_exact_and_still_non_shipping (test_v10_openvoice_v2_audit_comparison.V10OpenVoiceAuditComparisonTests.test_generation_receipt_is_exact_and_still_non_shipping) ... ok
test_unchanged_gate_function_is_reused (test_v10_openvoice_v2_audit_comparison.V10OpenVoiceAuditComparisonTests.test_unchanged_gate_function_is_reused) ... ok
test_a_passing_claim_fails_closed (test_v10_openvoice_v2_evidence.V10OpenVoiceEvidenceTests.test_a_passing_claim_fails_closed) ... ok
test_all_live_method_sources_match_frozen_hashes (test_v10_openvoice_v2_evidence.V10OpenVoiceEvidenceTests.test_all_live_method_sources_match_frozen_hashes) ... ok
test_durable_negative_evidence_passes (test_v10_openvoice_v2_evidence.V10OpenVoiceEvidenceTests.test_durable_negative_evidence_passes) ... ok
test_audio_file_count_is_three_per_synthesis (test_v10_openvoice_v2_generate_comparison.V10OpenVoiceGenerationTests.test_audio_file_count_is_three_per_synthesis) ... ok
test_exact_fourteen_utterances_are_bound (test_v10_openvoice_v2_generate_comparison.V10OpenVoiceGenerationTests.test_exact_fourteen_utterances_are_bound) ... ok
test_generation_prerequisites_keep_full_work_closed (test_v10_openvoice_v2_generate_comparison.V10OpenVoiceGenerationTests.test_generation_prerequisites_keep_full_work_closed) ... ok
test_model_paths_are_inside_exact_snapshot (test_v10_openvoice_v2_model_load.V10OpenVoiceModelLoadTests.test_model_paths_are_inside_exact_snapshot) ... ok
test_reference_inventory_is_exact (test_v10_openvoice_v2_model_load.V10OpenVoiceModelLoadTests.test_reference_inventory_is_exact) ... ok
test_authored_pause_values_are_inherited_unchanged (test_v10_openvoice_v2_preflight.V10OpenVoiceV2PreflightTests.test_authored_pause_values_are_inherited_unchanged) ... ok
test_candidate_keeps_unchanged_fourteen_by_two_gate (test_v10_openvoice_v2_preflight.V10OpenVoiceV2PreflightTests.test_candidate_keeps_unchanged_fourteen_by_two_gate) ... ok
test_download_plan_is_exact_and_rejects_mutable_aliases (test_v10_openvoice_v2_preflight.V10OpenVoiceV2PreflightTests.test_download_plan_is_exact_and_rejects_mutable_aliases) ... ok
test_every_whitelisted_model_file_has_a_sha256 (test_v10_openvoice_v2_preflight.V10OpenVoiceV2PreflightTests.test_every_whitelisted_model_file_has_a_sha256) ... ok
test_method_bypasses_melo_tail_padding (test_v10_openvoice_v2_preflight.V10OpenVoiceV2PreflightTests.test_method_bypasses_melo_tail_padding) ... ok
test_primary_documents_and_models_are_pinned_to_revisions (test_v10_openvoice_v2_preflight.V10OpenVoiceV2PreflightTests.test_primary_documents_and_models_are_pinned_to_revisions) ... ok
test_snapshot_inventory_is_the_exact_whitelist (test_v10_openvoice_v2_preflight.V10OpenVoiceV2PreflightTests.test_snapshot_inventory_is_the_exact_whitelist) ... ok
test_critical_register_is_exact_and_complete (test_v10_openvoice_v2_pronunciation_gate.V10OpenVoicePronunciationGateTests.test_critical_register_is_exact_and_complete) ... ok
test_only_frozen_project_overrides_exist (test_v10_openvoice_v2_pronunciation_gate.V10OpenVoicePronunciationGateTests.test_only_frozen_project_overrides_exist) ... ok
test_punctuation_is_not_sent_to_fallback (test_v10_openvoice_v2_pronunciation_gate.V10OpenVoicePronunciationGateTests.test_punctuation_is_not_sent_to_fallback) ... ok
test_unknown_token_fails_closed (test_v10_openvoice_v2_pronunciation_gate.V10OpenVoicePronunciationGateTests.test_unknown_token_fails_closed) ... ok
test_openvoice_patch_is_exactly_one_lazy_import_move (test_v10_openvoice_v2_runtime.V10OpenVoiceRuntimeAuditTests.test_openvoice_patch_is_exactly_one_lazy_import_move) ... ok
test_runtime_has_no_unavoidable_copyleft_dependency (test_v10_openvoice_v2_runtime.V10OpenVoiceRuntimeAuditTests.test_runtime_has_no_unavoidable_copyleft_dependency) ... ok
test_single_wheel_lock_matches_every_approved_licence (test_v10_openvoice_v2_runtime.V10OpenVoiceRuntimeAuditTests.test_single_wheel_lock_matches_every_approved_licence) ... ok
test_candidate_universe_and_stopped_decision_are_exact (test_v11_narration_candidate_preflight.V11NarrationCandidateGateTests.test_candidate_universe_and_stopped_decision_are_exact) ... ok
test_durable_evidence_binds_gate_and_preflight_sources (test_v11_narration_candidate_preflight.V11NarrationCandidateGateTests.test_durable_evidence_binds_gate_and_preflight_sources) ... ok
test_durable_primary_source_gate_passes_offline (test_v11_narration_candidate_preflight.V11NarrationCandidateGateTests.test_durable_primary_source_gate_passes_offline) ... ok
test_primary_document_whitelist_cannot_resolve_model_or_audio_bytes (test_v11_narration_candidate_preflight.V11NarrationCandidateGateTests.test_primary_document_whitelist_cannot_resolve_model_or_audio_bytes) ... ok
test_winner_or_synthesis_permission_mutation_fails_closed (test_v11_narration_candidate_preflight.V11NarrationCandidateGateTests.test_winner_or_synthesis_permission_mutation_fails_closed) ... ok
test_representative_tree_contains_no_job_or_generation_receipt (test_v11_voxcpm2_terminal_evidence.V11VoxCPM2TerminalEvidenceTests.test_representative_tree_contains_no_job_or_generation_receipt) ... ok
test_terminal_negative_evidence_is_exact_and_non_shipping (test_v11_voxcpm2_terminal_evidence.V11VoxCPM2TerminalEvidenceTests.test_terminal_negative_evidence_is_exact_and_non_shipping) ... ok
test_final_validator_requires_a_closed_synthesis_boundary (test_v12_voxcpm2_presynthesis.V12VoxCPM2PresynthesisTests.test_final_validator_requires_a_closed_synthesis_boundary) ... ok
test_legacy_numba_inventory_binds_all_46_files (test_v12_voxcpm2_presynthesis.V12VoxCPM2PresynthesisTests.test_legacy_numba_inventory_binds_all_46_files) ... ok
test_local_different_method_inventory_is_exactly_empty (test_v12_voxcpm2_presynthesis.V12VoxCPM2PresynthesisTests.test_local_different_method_inventory_is_exactly_empty) ... ok
test_lock_creates_a_distinct_non_authorising_trust_domain (test_v12_voxcpm2_presynthesis.V12VoxCPM2PresynthesisTests.test_lock_creates_a_distinct_non_authorising_trust_domain) ... ok
test_lock_json_contains_no_synthesis_authority (test_v12_voxcpm2_presynthesis.V12VoxCPM2PresynthesisTests.test_lock_json_contains_no_synthesis_authority) ... ok
test_tree_manifest_detects_one_byte_mutation (test_v12_voxcpm2_presynthesis.V12VoxCPM2PresynthesisTests.test_tree_manifest_detects_one_byte_mutation) ... ok
test_worker_source_has_no_generation_call_expression (test_v12_voxcpm2_presynthesis.V12VoxCPM2PresynthesisTests.test_worker_source_has_no_generation_call_expression) ... ok
test_alignment_partitions_every_hypothesis_word_across_cue_boundaries (test_v5_pipeline.V5PipelineTests.test_alignment_partitions_every_hypothesis_word_across_cue_boundaries) ... ok
test_alignment_threshold_edges_are_inclusive (test_v5_pipeline.V5PipelineTests.test_alignment_threshold_edges_are_inclusive) ... ok
test_candidate_duration_gate_uses_decoded_seconds_and_inclusive_edges (test_v5_pipeline.V5PipelineTests.test_candidate_duration_gate_uses_decoded_seconds_and_inclusive_edges) ... ok
test_completed_generation_lineage_accepts_only_exact_bound_methods (test_v5_pipeline.V5PipelineTests.test_completed_generation_lineage_accepts_only_exact_bound_methods) ... ok
test_composite_cue_receipt_rejects_forged_token_count (test_v5_pipeline.V5PipelineTests.test_composite_cue_receipt_rejects_forged_token_count) ... ok
test_cue_projection_enforces_anchors_coverage_runs_and_boundaries (test_v5_pipeline.V5PipelineTests.test_cue_projection_enforces_anchors_coverage_runs_and_boundaries) ... ok
test_cue_tempo_gate_rejects_a_local_outlier (test_v5_pipeline.V5PipelineTests.test_cue_tempo_gate_rejects_a_local_outlier) ... ok
test_exact_config_and_asr_contract_fail_closed (test_v5_pipeline.V5PipelineTests.test_exact_config_and_asr_contract_fail_closed) ... ok
test_failed_generation_commits_remove_uncommitted_staging (test_v5_pipeline.V5PipelineTests.test_failed_generation_commits_remove_uncommitted_staging) ... ok
test_generation_result_retains_token_count_and_fails_at_ceiling (test_v5_pipeline.V5PipelineTests.test_generation_result_retains_token_count_and_fails_at_ceiling) ... ok
test_generation_resume_inventory_and_progress_are_fail_closed (test_v5_pipeline.V5PipelineTests.test_generation_resume_inventory_and_progress_are_fail_closed) ... ok
test_hirschberg_alignment_is_global_monotone_and_minimal (test_v5_pipeline.V5PipelineTests.test_hirschberg_alignment_is_global_monotone_and_minimal) ... ok
test_identity_recomputes_whole_cues_and_every_20s_10s_window (test_v5_pipeline.V5PipelineTests.test_identity_recomputes_whole_cues_and_every_20s_10s_window) ... ok
test_master_format_duration_and_native_relation_are_recomputed (test_v5_pipeline.V5PipelineTests.test_master_format_duration_and_native_relation_are_recomputed) ... ok
test_negative_vector_manifest_is_exact_and_exercised_once (test_v5_pipeline.V5PipelineTests.test_negative_vector_manifest_is_exact_and_exercised_once) ... ok
test_offline_is_mandatory_for_validation_and_audit (test_v5_pipeline.V5PipelineTests.test_offline_is_mandatory_for_validation_and_audit) ... ok
test_parent_chain_validates_actual_bytes_and_rejects_forgery (test_v5_pipeline.V5PipelineTests.test_parent_chain_validates_actual_bytes_and_rejects_forgery) ... ok
test_path_confinement_rejects_escape_nesting_reuse_and_symlinks (test_v5_pipeline.V5PipelineTests.test_path_confinement_rejects_escape_nesting_reuse_and_symlinks) ... ok
test_receipt_leaf_paths_are_exact_bound_and_not_redirectable (test_v5_pipeline.V5PipelineTests.test_receipt_leaf_paths_are_exact_bound_and_not_redirectable) ... ok
test_repetition_subtracts_reference_multiset_and_rejects_excess (test_v5_pipeline.V5PipelineTests.test_repetition_subtracts_reference_multiset_and_rejects_excess) ... ok
test_repetition_threshold_is_inclusive_and_requires_two_occurrences (test_v5_pipeline.V5PipelineTests.test_repetition_threshold_is_inclusive_and_requires_two_occurrences) ... ok
test_resegmentation_preserves_text_and_removes_original_cue04_ambiguity (test_v5_pipeline.V5PipelineTests.test_resegmentation_preserves_text_and_removes_original_cue04_ambiguity) ... ok
test_silence_gate_covers_total_cue_edges_and_boundaries (test_v5_pipeline.V5PipelineTests.test_silence_gate_covers_total_cue_edges_and_boundaries) ... ok
test_synthetic_generation_commits_resumes_and_validates_final_receipt (test_v5_pipeline.V5PipelineTests.test_synthetic_generation_commits_resumes_and_validates_final_receipt) ... ok
test_timed_word_grouping_is_monotone_bounded_and_bpe_aware (test_v5_pipeline.V5PipelineTests.test_timed_word_grouping_is_monotone_bounded_and_bpe_aware) ... ok
test_v4_evidence_remains_exact_diagnostic_only (test_v5_pipeline.V5PipelineTests.test_v4_evidence_remains_exact_diagnostic_only) ... ok
test_v5_cue_synthesis_uses_pinned_seed_settings_and_retained_tokens (test_v5_pipeline.V5PipelineTests.test_v5_cue_synthesis_uses_pinned_seed_settings_and_retained_tokens) ... ok
test_v5_is_frozen_nonshipping_and_exposes_only_bound_generation (test_v5_pipeline.V5PipelineTests.test_v5_is_frozen_nonshipping_and_exposes_only_bound_generation) ... ok
test_whole_master_asr_is_pinned_in_process_and_confined (test_v5_pipeline.V5PipelineTests.test_whole_master_asr_is_pinned_in_process_and_confined) ... ok
test_adaptive_pacing_adds_only_bounded_semantic_boundary_silence (test_v6_pipeline.V6PipelineTests.test_adaptive_pacing_adds_only_bounded_semantic_boundary_silence) ... ok
test_adaptive_pacing_is_proven_on_exact_rejected_r3_batch (test_v6_pipeline.V6PipelineTests.test_adaptive_pacing_is_proven_on_exact_rejected_r3_batch) ... ok
test_batches_and_attempt_seeds_are_deterministic (test_v6_pipeline.V6PipelineTests.test_batches_and_attempt_seeds_are_deterministic) ... ok
test_cli_refuses_missing_explicit_offline (test_v6_pipeline.V6PipelineTests.test_cli_refuses_missing_explicit_offline) ... ok
test_config_drift_fails_closed (test_v6_pipeline.V6PipelineTests.test_config_drift_fails_closed) ... ok
test_inventory_rejects_staging_unknown_candidates_and_nonprefix_paths (test_v6_pipeline.V6PipelineTests.test_inventory_rejects_staging_unknown_candidates_and_nonprefix_paths) ... ok
test_method_is_exact_offline_and_nonshipping (test_v6_pipeline.V6PipelineTests.test_method_is_exact_offline_and_nonshipping) ... ok
test_negative_evidence_is_diagnostic_and_never_parentage (test_v6_pipeline.V6PipelineTests.test_negative_evidence_is_diagnostic_and_never_parentage) ... ok
test_processing_is_deterministic_zero_edge_and_pause_bound (test_v6_pipeline.V6PipelineTests.test_processing_is_deterministic_zero_edge_and_pause_bound) ... ok
test_reference_tempo_1p22_is_lowest_proven_factor_not_lab_parentage (test_v6_pipeline.V6PipelineTests.test_reference_tempo_1p22_is_lowest_proven_factor_not_lab_parentage) ... ok
test_semantic_partition_is_exact_and_frozen (test_v6_pipeline.V6PipelineTests.test_semantic_partition_is_exact_and_frozen) ... ok
test_synthetic_batch_commit_is_gated_atomic_and_resumable (test_v6_pipeline.V6PipelineTests.test_synthetic_batch_commit_is_gated_atomic_and_resumable) ... ok
test_unbounded_whisper_tail_is_a_discarded_variant_not_a_crash (test_v6_pipeline.V6PipelineTests.test_unbounded_whisper_tail_is_a_discarded_variant_not_a_crash) ... ok
test_utterance_gate_accepts_exact_short_speech (test_v6_pipeline.V6PipelineTests.test_utterance_gate_accepts_exact_short_speech) ... ok
test_utterance_gate_rejects_token_ceiling_identity_and_loop (test_v6_pipeline.V6PipelineTests.test_utterance_gate_rejects_token_ceiling_identity_and_loop) ... ok
test_malformed_token_geometry_is_recorded_but_not_used (test_v7_pipeline.SegmentTimingFallbackTests.test_malformed_token_geometry_is_recorded_but_not_used) ... ok
test_segment_and_token_lexical_disagreement_fails (test_v7_pipeline.SegmentTimingFallbackTests.test_segment_and_token_lexical_disagreement_fails) ... ok
test_frozen_config_validates_and_keeps_approval_exclusions (test_v7_pipeline.V7ContractTests.test_frozen_config_validates_and_keeps_approval_exclusions) ... ok
test_inherited_cue_coverage_cannot_be_lowered (test_v7_pipeline.V7ContractTests.test_inherited_cue_coverage_cannot_be_lowered) ... ok
test_monolithic_whisper_cannot_become_passing_evidence (test_v7_pipeline.V7ContractTests.test_monolithic_whisper_cannot_become_passing_evidence) ... ok
test_old_one_call_contract_is_rejected (test_v7_pipeline.V7ContractTests.test_old_one_call_contract_is_rejected) ... ok
test_silence_transform_cannot_be_enabled_in_mapping_revision (test_v7_pipeline.V7ContractTests.test_silence_transform_cannot_be_enabled_in_mapping_revision) ... ok
test_gap_in_window_inventory_fails (test_v7_pipeline.WindowCoverageTests.test_gap_in_window_inventory_fails) ... ok
test_regular_grid_reaches_final_sample_with_short_final_window (test_v7_pipeline.WindowCoverageTests.test_regular_grid_reaches_final_sample_with_short_final_window) ... ok
test_bounded_independent_decoder_seam_timing_is_reconciled (test_v7_pipeline.WindowStitchTests.test_bounded_independent_decoder_seam_timing_is_reconciled) ... ok
test_exact_overlap_anchor_deduplicates_transcript (test_v7_pipeline.WindowStitchTests.test_exact_overlap_anchor_deduplicates_transcript) ... ok
test_excessive_decoder_seam_timing_reversal_fails (test_v7_pipeline.WindowStitchTests.test_excessive_decoder_seam_timing_reversal_fails) ... ok
test_overlap_without_exact_shared_words_fails (test_v7_pipeline.WindowStitchTests.test_overlap_without_exact_shared_words_fails) ... ok
test_comparison_generation_is_bounded_and_single_attempt (test_v8_experiments.V8ChatterboxComparisonTests.test_comparison_generation_is_bounded_and_single_attempt) ... ok
test_comparison_uses_exact_frozen_representatives (test_v8_experiments.V8ChatterboxComparisonTests.test_comparison_uses_exact_frozen_representatives) ... ok
test_critical_pronunciation_gate_requires_every_occurrence (test_v8_experiments.V8ChatterboxComparisonTests.test_critical_pronunciation_gate_requires_every_occurrence) ... ok
test_pinned_s3_token_derivation_is_exact (test_v8_experiments.V8ChatterboxComparisonTests.test_pinned_s3_token_derivation_is_exact) ... ok
test_grid_experiment_changes_geometry_only (test_v8_experiments.V8DecoderGridExperimentTests.test_grid_experiment_changes_geometry_only) ... ok
test_final_boundary_gate_cannot_be_lowered (test_v8_pipeline.V8MethodContractTests.test_final_boundary_gate_cannot_be_lowered) ... ok
test_frozen_method_validates (test_v8_pipeline.V8MethodContractTests.test_frozen_method_validates) ... ok
test_parent_audio_reuse_cannot_be_enabled (test_v8_pipeline.V8MethodContractTests.test_parent_audio_reuse_cannot_be_enabled) ... ok
test_silence_trimming_cannot_be_enabled (test_v8_pipeline.V8MethodContractTests.test_silence_trimming_cannot_be_enabled) ... ok
test_single_candidate_cannot_open_editor_choice (test_v8_pipeline.V8MethodContractTests.test_single_candidate_cannot_open_editor_choice) ... ok
test_exact_character_partition_and_manifest (test_v8_pipeline.V8SegmentationTests.test_exact_character_partition_and_manifest) ... ok
test_representative_set_covers_all_six_cues (test_v8_pipeline.V8SegmentationTests.test_representative_set_covers_all_six_cues) ... ok
test_30_15_grid_covers_every_sample_without_lowering_boundaries (test_v8_pipeline.V8WindowGeometryTests.test_30_15_grid_covers_every_sample_without_lowering_boundaries) ... ok
test_apple_say_has_controls_but_cannot_enter_gate (test_v9_local_inventory.V9LocalSynthesisInventoryTests.test_apple_say_has_controls_but_cannot_enter_gate) ... ok
test_cache_has_no_alternative_synthesis_snapshot (test_v9_local_inventory.V9LocalSynthesisInventoryTests.test_cache_has_no_alternative_synthesis_snapshot) ... ok
test_code_only_candidates_fail_before_synthesis (test_v9_local_inventory.V9LocalSynthesisInventoryTests.test_code_only_candidates_fail_before_synthesis) ... ok
test_local_apple_voice_licence_fails_commercial_gate (test_v9_local_inventory.V9LocalSynthesisInventoryTests.test_local_apple_voice_licence_fails_commercial_gate) ... ok
test_unchanged_fourteen_by_two_contract_is_bound (test_v9_local_inventory.V9LocalSynthesisInventoryTests.test_unchanged_fourteen_by_two_contract_is_bound) ... ok

----------------------------------------------------------------------
Ran 155 tests in 20.977s

OK
{
  "status": "VALID",
  "candidateCount": 6,
  "castingTextSHA256": "c473b155b4cd1696c867fae63a036f32026b9abd02228659716d2267e96114df",
  "castingNameTraditions": [
    "Greek",
    "Latin",
    "Germanic",
    "Slavic"
  ]
}
Verified exact audio sources, runtime, renderer, SoundFont, notice, receipt and zero-cost bindings.
Validated provisional Harvest work object 8c706df9424371b4bcf197b71a5d60c3ee4c78f49ba82fd5d930452a96ccc418 and receipt d0aaa353311a9866c6fd8b508f1e8c67bf1f30e7c778f35c4d1cfcef3f1f0f75.
Validated provisional Longhouse work object 23dfd0fee96858efc90f093c7c2777b62f6e451ec16a13fadcdf6bb25c6a1497 and receipt 09c92f49bffffe51e02ea4bbd3e8122e1742291cca27e285756fac975e03e4de.
Validated provisional Continent Remade work object 8c2e956fbc26f53f4d6270495e35a11c8c6331d60a267331a0addffaf5ab474f and receipt 992a6b9eeb9a83b7be277e89fe93af2555d7b765d94e68b09f596484c38be045.
Validated provisional More Mouths work object 548e8e18eb21825ad95d510e3f2e60f7a5e86c0f7166d3830504087598e7af24 and receipt 41952e36bb24d844c547ba58af10686c5545f2e8d592cadf6a2f70f2fc0c02b2.
Validated provisional Household Crosses work object 7da7b607b246da63558894bbc30439a760fc6d662ab71d126a788d237eaae2dd and receipt 3f3ad7e19e61151eb34dc315def022b2dd14154094a3c0f06122dc669e227203.
Validated provisional Three Records work object 70f860b11a7c7569c028cdfd67fe983f3224d4c014e81544158263ec1223313e and receipt 9345101a1c0ec86027ed2a951ff81d562f71ffb7c6d4b0e7e7c18701c77bab35.

> @the-long-west/native-tooling@0.1.0 test
> node --test test/*.test.mjs

✔ the checked-in zero-approved native registry remains valid and empty (7.877125ms)
✔ web derivative lineage binds to one exact eligible authoritative source (2.770417ms)
✔ web derivative lineage rejects fabricated paths and source hashes (3.896792ms)
✔ an inventoried but ineligible web plate cannot enter native lineage (2.274583ms)
✔ web lineage preserves every authoritative reuse obligation (1.939833ms)
✔ generated originals use a distinct project-owned lineage branch (0.606291ms)
✔ authored score and procedural sound sources retain exact project-owned lineage (0.815791ms)
✔ open-licensed audio sources distinguish CC0 from notice-bearing MIT inputs (0.421417ms)
✔ MS Basic score lineage binds the exact bank, full toolchain and physical notice (0.39225ms)
✔ unknown or undocumented Apple audio remains fail closed (0.234333ms)
✔ web lineage fails closed when the authoritative inventory is unavailable (1.362125ms)
✔ the Harvest technique plans preserve symbolic score, independent stems and authored silence (11.0975ms)
✔ score validation fails closed on uneditable, dangling and out-of-range material (7.726917ms)
✔ each score stem compiles to stable standard MIDI with the shared tempo track (6.238791ms)
✔ procedural material layers are deterministic 48 kHz 24-bit stereo WAVs (168.076333ms)
✔ herd ground movement is deterministic, source-bound and sensitive to authored density (441.469875ms)
✔ close water movement is deterministic, distinct from rain and sensitive to authored density (253.996291ms)
✔ distant human presence is deterministic, non-lexical and sensitive to authored density (430.813ms)
✔ new source-bound generators leave every earlier procedural generator byte-identical (143.842792ms)
✔ soundscape validation rejects missing source binding and implicit silence (1.206167ms)
✔ the production toolchain requires one pinned official source and licence chain (2.9905ms)
✔ the pinned local renderer produces separately hashed technical stems (15052.566541ms)
✔ audio evidence binds exact source, renderer, runtime, notice, receipt and cost bytes (3.946625ms)
✔ renderer preflight fails instead of skipping a missing production dependency (0.773ms)
✔ node test fixtures cannot accidentally emit a production-status receipt (1.072166ms)
✔ installed xcrun ba-package creates exactly seven receipted paid launch archives (1898.522417ms)
✔ an unchanged rerun verifies and reuses the same archive set (1408.523833ms)
✔ tampered input fails closed and preserves the previously published archives (1364.198417ms)
✔ symbolic links and foreign launch-root files are rejected before packaging (2223.637292ms)
✔ unapproved trust bytes cannot verify or replace an existing archive set (1321.602167ms)
✔ binds an exact public projection to approved thesis, arc, interaction and effects (2.718584ms)
✔ development authority binds exact bytes without fabricating editor approval (0.367167ms)
✔ development authority rejects launch, production-key and fabricated editor identity (0.515291ms)
✔ rejects locked arc, handoff, grammar, interaction and effect drift (0.811459ms)
✔ rejects thesis drift through the approved contract slice (0.381042ms)
✔ payload approval catches a causal WorldEffect body change under the same ID (0.274875ms)
✔ complete projection rejects omitted approved arcs while vertical-slice scope remains explicit (1.051958ms)
✔ the Continent Remade symbolic and procedural sources validate without rendering (8.031833ms)
✔ the Continent Remade responsive program is receipt-bound, deterministic and non-shipping (749.162167ms)
✔ Continent Remade state beds retain one sample position and carry no narration or timed haptics (0.928541ms)
✔ Release owns its exact payload and derives a bounded verification package (3.077792ms)
✔ future release path cannot claim launch chapters or launch package IDs (0.524667ms)
✔ backstage approval binds Release, payload, publication and world authority (20.858458ms)
✔ future release requires the locked decoded-audio budget authority (25.823833ms)
✔ future release rejects a syntactically valid placement outside the canonical world (17.438334ms)
✔ world authority cannot invent a placement node outside its exact world seed (17.308958ms)
✔ world authority rejects duplicate canonical seed nodes (10.189708ms)
✔ future release rejects world-seed continuity drift even after fresh approval (10.753916ms)
✔ future release compiler signs the separately approved, zero-cost package (41.418167ms)
✔ future release compiler fails closed on approval, provenance and P-256 gates (32.835458ms)
✔ future release source requires exactly one Release and rejects collection launch data (16.153833ms)
✔ the provisional Harvest responsive work object is fully receipt-bound and non-shipping (805.0635ms)
✔ Harvest phase beds are sample-identical and never loop narration or timed haptics (445.926208ms)
✔ the Household Crosses symbolic and procedural sources validate without rendering (18.63075ms)
✔ the Household Crosses responsive program is receipt-bound, deterministic and non-shipping (787.215292ms)
✔ Household Crosses state beds retain one sample position and carry no narration or timed haptics (0.803292ms)
✔ accepts only the locked per-configuration Background Assets setting (1.449709ms)
✔ CLI validates eight extracted payloads and prints the final world SHA-256 (121.384959ms)
✔ CLI reaches the cross-package seed gate after document validation (96.334666ms)
✔ CLI fails closed unless collection plus exactly eight payload paths are supplied (85.188083ms)
✔ assembles eight packages and returns a deterministic final world SHA-256 (6.238666ms)
✔ replays chapters by collection sequence rather than payload order (2.51325ms)
✔ rejects a missing launch package payload (0.440709ms)
✔ rejects world-seed drift between packages (0.254167ms)
✔ rejects an impossible consequence across package boundaries (1.020334ms)
✔ rejects duplicate world-effect IDs even when definitions are identical (0.226459ms)
✔ rejects package chapter order that differs from the collection manifest (0.273458ms)
✔ launch viewport crop contract requires the exact two portrait crops in both motion modes (1.308875ms)
✔ official launch compilation signs, replays and atomically publishes one eight-package set (1608.105959ms)
✔ official launch compilation rejects baseline-only scenes without touching a published set (310.435875ms)
✔ launch-set receipt deterministically binds key, chapter ownership and payload path (0.447542ms)
✔ missing launch package input fails before a set can be published (0.782208ms)
✔ cross-package world-seed drift preserves the previously published set (552.59525ms)
✔ the official CLI rejects standalone launch-package signing (61.388ms)
✔ the Longhouse symbolic and procedural sources validate without rendering (7.350292ms)
✔ the Longhouse responsive program is receipt-bound, deterministic and non-shipping (753.461041ms)
✔ Longhouse state beds retain one sample position and carry no narration or timed haptics (0.942541ms)
✔ the More Mouths symbolic and procedural sources validate without rendering (6.261083ms)
✔ the More Mouths responsive program is receipt-bound, deterministic and non-shipping (753.155083ms)
✔ More Mouths state beds retain one sample position and carry no narration or timed haptics (2.936792ms)
✔ the Three Records symbolic and procedural sources validate without rendering (14.813667ms)
✔ the Three Records work object is deterministic, receipt-bound and non-shipping (978.555458ms)
✔ all interaction phases reuse seven exact material assets and expose monotonic causal states (0.540417ms)
✔ Three Records keeps quiet source-scoped and narration and haptics fail closed (0.133125ms)
✔ accepts the exact Swift ContentPackagePayload wire model (8.665458ms)
✔ accepts the public app shell and keeps the launch descriptor exactly English (2.715125ms)
✔ app shell rejects copy-key drift, backstage fields and non-canonical locale tags (2.210125ms)
✔ public copy requires stable localization keys instead of raw launch strings (2.160792ms)
✔ narration cues bind exact manuscript bytes and chapter-arc-beat scope (6.961041ms)
✔ the haptic contract accepts only the six authored response semantics (9.113833ms)
✔ standalone trace scene accepts its typed visual-binding wire case (1.545291ms)
✔ standalone allocate scene accepts its typed visual-binding wire case (1.020667ms)
✔ standalone assemble scene accepts its typed visual-binding wire case (1.223875ms)
✔ standalone pressure scene accepts its typed visual-binding wire case (1.020209ms)
✔ standalone transform scene accepts its typed visual-binding wire case (0.84075ms)
✔ accepts a shipping trace interaction with its exact runtime visual binding (1.129125ms)
✔ accepts a shipping allocate interaction with its exact runtime visual binding (1.68775ms)
✔ accepts a shipping assemble interaction with its exact runtime visual binding (1.992833ms)
✔ accepts a shipping pressure interaction with its exact runtime visual binding (2.453042ms)
✔ accepts a shipping transform interaction with its exact runtime visual binding (1.507875ms)
✔ requires every shipping trace beat to carry an authored visual binding (1.048166ms)
✔ requires every shipping allocate beat to carry an authored visual binding (1.113792ms)
✔ requires every shipping assemble beat to carry an authored visual binding (1.063625ms)
✔ requires every shipping pressure beat to carry an authored visual binding (0.769291ms)
✔ requires every shipping transform beat to carry an authored visual binding (1.17625ms)
✔ rejects shipping trace visual binding interaction-ID drift (0.745458ms)
✔ rejects a shipping trace binding that leaves one stateful layer unresolved (0.627ms)
✔ rejects shipping allocate visual binding interaction-ID drift (0.673917ms)
✔ rejects a shipping allocate binding that leaves one stateful layer unresolved (0.790959ms)
✔ rejects shipping assemble visual binding interaction-ID drift (0.649542ms)
✔ rejects a shipping assemble binding that leaves one stateful layer unresolved (0.614ms)
✔ rejects shipping pressure visual binding interaction-ID drift (0.598209ms)
✔ rejects a shipping pressure binding that leaves one stateful layer unresolved (0.900459ms)
✔ rejects shipping transform visual binding interaction-ID drift (1.600083ms)
✔ rejects a shipping transform binding that leaves one stateful layer unresolved (1.056083ms)
✔ rejects assembly component-set and runtime-layer alias drift (2.188666ms)
✔ requires distinct, globally unique assembly source and slot targets (6.64675ms)
✔ rejects pressure force-set and transform stage-set binding drift (2.565792ms)
✔ keeps standalone laboratory SceneSpec validation permissive (0.293875ms)
✔ requires typed, grammar-bound accessibility action tokens (1.081666ms)
✔ requires a complete operable VoiceOver path for every interaction (1.659333ms)
✔ a documentary beat may own a world effect without inventing player control (1.578ms)
✔ pressure uses Swift ClosedRange's two-element wire array (0.604667ms)
✔ accepts canonical CollectionManifest and Release wire models (1.323792ms)
✔ binds a launch collection to central product, catalog and delivery metadata (1.343375ms)
✔ installed package bytes include the signed manifest and cannot consume the shell reservation (0.3925ms)
✔ responsive audio decoded buffers reject a three-branch non-causal transition peak (1.171958ms)
✔ responsive audio decoded buffers count causal layers once across three branches (0.32825ms)
✔ package signing metadata exactly matches the owning collection package (0.356167ms)
✔ rejects the superseded web-shaped chapter document (0.104375ms)
✔ rejects missing required payload fields and unknown fields (2.335584ms)
✔ accepts optional causal mix while preserving phase-only responsive programs (1.887667ms)
✔ audio event gains share the native linear 0...4 transport bound (1.954875ms)
✔ responsive beds reject zero-length audible cues and loops beyond UInt32.max (1.416917ms)
✔ zero-length finite legacy cues remain decodable outside responsive beds (0.774ms)
✔ causal mix fails closed on backstage fields, identity and irreversible-state defects (4.775917ms)
✔ causal mix fails closed on cue, geometry, state-zero and Transform binding drift (4.284959ms)
✔ public JSON Schema exposes authored exit policy and optional causal mix through shipping-safe shapes (9.712666ms)
✔ responsive audio exit policy is explicit, bounded and no longer than its consequence (3.858ms)
✔ rejects package IDs that the Swift verifier cannot trust (0.942709ms)
✔ rejects normalised backstage alias researchNotes (1.228125ms)
✔ rejects normalised backstage alias research_notes (0.912708ms)
✔ rejects normalised backstage alias source_ids (1.512666ms)
✔ rejects normalised backstage alias sourceMaterial (1.010041ms)
✔ rejects normalised backstage alias citation_list (1.173333ms)
✔ rejects normalised backstage alias verifierFinding (1.143666ms)
✔ rejects normalised backstage alias verifier-finding (1.291291ms)
✔ rejects academic leakage (1.717792ms)
✔ rejects unsupported interaction grammar and mismatched configuration (2.312625ms)
✔ rejects incomplete or cyclic grammar configurations (2.927417ms)
✔ rejects missing package cross-references (4.070542ms)
✔ binds every interactive scene to the same operable accessibility reducer path (4.346125ms)
✔ enforces the portrait scene canvas, baseline crop and authored overscan (4.066375ms)
✔ rejects invalid scene rectangles, crop aspect and layer ordering (3.799792ms)
✔ rejects duplicate camera progress and every non-finite scene scalar (3.876417ms)
✔ requires real scene targets bound to a layer and accessibility element (3.802042ms)
✔ requires bounded signed atmosphere vectors and deterministic 32-bit seeds (4.58825ms)
✔ requires an independent safe Reduce Motion asset and matching baseline crop (3.244667ms)
✔ validates an allocate visual binding against its exact interaction (0.572792ms)
✔ rejects allocate visual binding interaction and destination drift (2.210083ms)
✔ rejects allocate resource thresholds that do not end at totalUnits (0.477708ms)
✔ rejects unknown allocate visual variants and targets (0.344875ms)
✔ requires Reduce Motion overlays for every stateful scene layer (0.166875ms)
✔ rejects target overlap and an active camera source outside the master (0.391541ms)
✔ rejects a target clipped only between camera anchors (0.304916ms)
✔ rejects targets that cross only between camera anchors (0.351ms)
✔ rejects target near-contact inside the normalized rail clearance (0.216916ms)
✔ checks the allocation source across the exact camera rail (0.213834ms)
✔ requires safe attached allocation transfer geometry (0.6285ms)
✔ keeps allocation regions separated in Reduce Motion (0.387459ms)
✔ collects every scene layer, state, mask and Reduce Motion shipping asset (0.294417ms)
✔ validates standalone laboratory scenes through the exact public scene gate (0.91925ms)
✔ rejects a chapter schema version that differs from its package (1.188708ms)
✔ accepts chapter completion carried entirely by authored beat effects (0.887709ms)
✔ rejects globally duplicated effect and cue IDs (1.200708ms)
✔ rejects invalid world-effect variant fields (0.711959ms)
✔ rejects a malformed launch collection (0.329708ms)
✔ rejects a cost-bearing tool (0.211958ms)
✔ cost registry requires typed, exclusive resolution records (0.152791ms)
✔ public tree requires referenced offline assets (13.426417ms)
✔ public tree rejects unreferenced and opaque binary payloads (13.785166ms)
✔ shipping assets require exact cleared backstage provenance (75.220625ms)
✔ public tree cross-checks payload chapter ownership against collection.json (14.937166ms)
✔ rejects public trees without a canonical payload or outside the allowlist (5.028708ms)
✔ compiler binds metadata and files, signs with P-256 and verifies the installed tree (96.554166ms)
✔ compiler carries a reviewed save-migration graph into the signed manifest (49.394125ms)
✔ compiler binds migration authority to real backstage descriptor bytes (56.333708ms)
✔ save-migration graph gate rejects incomplete, ambiguous and implicit source coverage (0.321375ms)
✔ save-migration graph requires explicit canonical world ownership (0.471583ms)
✔ compiler rejects a descriptor inventory which does not exactly match the graph (11.172958ms)
✔ integrity material is deterministic, line-based and includes package metadata (0.238083ms)
✔ package manifest integrity binds canonical save-migration graph edges (0.450125ms)
✔ manifest validation rejects missing signatures and metadata tampering (36.082292ms)
✔ signature and file corruption fail closed (40.370084ms)
✔ production compile refuses a missing approved blueprint (12.570625ms)
✔ production launch compiler requires exact Phase 0 and package-specific approval (605.603333ms)
✔ production approval gate rejects any pending contract or arc chapter (0.177833ms)
✔ production approval record binds the complete Phase 0 editorial world (0.139459ms)
✔ test-only approval escape never bypasses mandatory P-256 signing (3.301166ms)
✔ accepts the locked native device and orientation contract (0.157541ms)
✔ rejects loss of the performance gaming tier (0.051584ms)
✔ rejects landscape support (0.037667ms)
✔ rejects drift from managed Apple-hosted Background Assets (0.039167ms)
✔ rejects loss of a CloudKit silent-push background mode (0.034834ms)
✔ accepts the bound CloudKit, APNs and Background Assets capabilities (0.087458ms)
✔ rejects an app-extension asset-group split (0.035792ms)
✔ rejects an unknown APNs entitlement environment (0.036875ms)
✔ compiles and verifies a development-only vertical slice through the package boundary (190.469709ms)
✔ rebuilds the complete development package and trust receipt byte-for-byte (319.567583ms)
✔ rejects every locked launch package ID before development signing (32.533792ms)
✔ development compiler accepts no caller-supplied production signing identity (9.842083ms)
✔ provisional authority cannot claim launch identity, production key or editor status (307.146167ms)
✔ release compiler refuses the development-only signing key ID (0.429041ms)
✔ shipping compilers refuse the provisional development authority option (0.305ms)
✔ debug verification refuses a changed trust domain (133.174417ms)
✔ an approved projection cannot be reused after public payload drift (86.619333ms)
✔ repository runtime fixture contains no fabricated editor decision (1.4645ms)
Warning: Output file suffix should be heic
✔ tiled HEIF probing reports the primary image canvas rather than a 512-pixel grid tile (136.383167ms)
✔ Harvest production contract binds the exact 86-file SceneSpec inventory (11.165333ms)
✔ v2 disocclusion coverage rejects a missing alpha-normal layer and a reveal-capable exemption (6.943833ms)
✔ contract rejects fixture drift and a pipeline that claims artistic approval (6.421125ms)
✔ lossless layers, five mask kinds, bounds, local edits and recomposition are reproducible (1467.735667ms)
✔ v2 DAG admits a measured layer-plate underlay only through a working-layer output (630.449584ms)
✔ v2 measured underlay rejects source-authority byte drift (3.462875ms)
✔ v2 underlay rejects every source pixel changed outside its bound authorization mask (608.094375ms)
✔ v2 DAG fails while any disocclusion recipe remains PENDING_MEASUREMENT (99.307417ms)
✔ an exact Codex provisional master can build and replay only the non-shipping development DAG (1172.707125ms)
✔ renaming a provisional authority reference cannot fabricate editor master approval (99.379209ms)
✔ development and editor build modes reject a master from the other trust domain (192.7135ms)
✔ provisional authority fails closed when candidate metadata drifts after the freeze (112.066792ms)
✔ a state edit outside its local authorization mask fails closed (557.615ms)
✔ generated master provenance requires the exact registered model snapshot and every weight hash (82.64425ms)
✔ world replay is deterministic from hidden nodes and dormant traces (2.728583ms)
✔ world replay rejects a route whose endpoint does not exist (0.308917ms)
✔ world replay rejects a transformation with no causal object (0.39ms)
ℹ tests 235
ℹ suites 0
ℹ pass 235
ℹ fail 0
ℹ cancelled 0
ℹ skipped 0
ℹ todo 0
ℹ duration_ms 16617.852083

> @the-long-west/native-tooling@0.1.0 validate:blueprint
> node src/cli.mjs validate-blueprint ../blueprint

Validated Phase 0: 24 chapters, 55 arcs, 290 movements, 122 interactions and 48 world traces.

> @the-long-west/native-tooling@0.1.0 validate:costs
> node src/cli.mjs validate-costs registries/cost-license.json

Validated 30 zero-cost production entries.
⚙️  Generating plists...
⚙️  Generating project...
⚙️  Writing project...
Created project at /Users/bard/Documents/Eurocentric/native/ios/LongWestJourney.xcodeproj

> @the-long-west/native-tooling@0.1.0 validate:ios
> node src/cli.mjs validate-ios ../ios

Validated EUROCENTRIC: iOS 26.4, iPhone portrait, performance gaming tier.
Building for debugging...
[0/2] Write swift-version--58304C5D6DBC2206.txt
Build complete! (0.10s)
Test Suite 'All tests' started at 2026-07-27 19:59:11.240.
Test Suite 'LongWestNativePackageTests.xctest' started at 2026-07-27 19:59:11.241.
Test Suite 'AContinentRemadeSignedRuntimeTests' started at 2026-07-27 19:59:11.241.
Test Case '-[ChapterRuntimeTests.AContinentRemadeSignedRuntimeTests testSignedContinentRemadeRunsThreeStagesAcrossTouchVoiceOverRestoreAndReduceMotion]' started.
Test Case '-[ChapterRuntimeTests.AContinentRemadeSignedRuntimeTests testSignedContinentRemadeRunsThreeStagesAcrossTouchVoiceOverRestoreAndReduceMotion]' passed (0.179 seconds).
Test Suite 'AContinentRemadeSignedRuntimeTests' passed at 2026-07-27 19:59:11.421.
	 Executed 1 test, with 0 failures (0 unexpected) in 0.179 (0.179) seconds
Test Suite 'ActiveAudioCursorWorkerTests' started at 2026-07-27 19:59:11.421.
Test Case '-[DramaticAudioTests.ActiveAudioCursorWorkerTests testActivationTokenCannotBeReusedAfterStop]' started.
Test Case '-[DramaticAudioTests.ActiveAudioCursorWorkerTests testActivationTokenCannotBeReusedAfterStop]' passed (0.002 seconds).
Test Case '-[DramaticAudioTests.ActiveAudioCursorWorkerTests testAwaitingAuthorityPersistsProjectionWithoutExtendingCutoff]' started.
Test Case '-[DramaticAudioTests.ActiveAudioCursorWorkerTests testAwaitingAuthorityPersistsProjectionWithoutExtendingCutoff]' passed (0.005 seconds).
Test Case '-[DramaticAudioTests.ActiveAudioCursorWorkerTests testGateLatchingAfterHandoffWriteRetiresActiveSuccessor]' started.
Test Case '-[DramaticAudioTests.ActiveAudioCursorWorkerTests testGateLatchingAfterHandoffWriteRetiresActiveSuccessor]' passed (0.001 seconds).
Test Case '-[DramaticAudioTests.ActiveAudioCursorWorkerTests testHandoffSeedsSuccessorBeforeExtendingItsCutoff]' started.
Test Case '-[DramaticAudioTests.ActiveAudioCursorWorkerTests testHandoffSeedsSuccessorBeforeExtendingItsCutoff]' passed (0.001 seconds).
Test Case '-[DramaticAudioTests.ActiveAudioCursorWorkerTests testHandoffSupersedesAnInitialActivationBlockedOnItsFirstWrite]' started.
Test Case '-[DramaticAudioTests.ActiveAudioCursorWorkerTests testHandoffSupersedesAnInitialActivationBlockedOnItsFirstWrite]' passed (0.001 seconds).
Test Case '-[DramaticAudioTests.ActiveAudioCursorWorkerTests testInitialCheckpointMustBecomeDurableBeforeGateAuthorization]' started.
Test Case '-[DramaticAudioTests.ActiveAudioCursorWorkerTests testInitialCheckpointMustBecomeDurableBeforeGateAuthorization]' passed (0.001 seconds).
Test Case '-[DramaticAudioTests.ActiveAudioCursorWorkerTests testLateDurableCompletionCannotReopenLatchedGate]' started.
Test Case '-[DramaticAudioTests.ActiveAudioCursorWorkerTests testLateDurableCompletionCannotReopenLatchedGate]' passed (0.003 seconds).
Test Case '-[DramaticAudioTests.ActiveAudioCursorWorkerTests testNestedHandoffWhileSuccessorWriteIsBlockedDoesNotDamageIt]' started.
Test Case '-[DramaticAudioTests.ActiveAudioCursorWorkerTests testNestedHandoffWhileSuccessorWriteIsBlockedDoesNotDamageIt]' passed (0.001 seconds).
Test Case '-[DramaticAudioTests.ActiveAudioCursorWorkerTests testObsoleteHandoffTokenCannotReplaceCurrentSuccessor]' started.
Test Case '-[DramaticAudioTests.ActiveAudioCursorWorkerTests testObsoleteHandoffTokenCannotReplaceCurrentSuccessor]' passed (0.001 seconds).
Test Case '-[DramaticAudioTests.ActiveAudioCursorWorkerTests testPeriodicCursorWritesContinueWhileMainActorIsBusy]' started.
Test Case '-[DramaticAudioTests.ActiveAudioCursorWorkerTests testPeriodicCursorWritesContinueWhileMainActorIsBusy]' passed (0.356 seconds).
Test Case '-[DramaticAudioTests.ActiveAudioCursorWorkerTests testPeriodicStoreFailurePublishesOneImmutableTerminalResult]' started.
Test Case '-[DramaticAudioTests.ActiveAudioCursorWorkerTests testPeriodicStoreFailurePublishesOneImmutableTerminalResult]' passed (0.005 seconds).
Test Case '-[DramaticAudioTests.ActiveAudioCursorWorkerTests testReusedSuccessorTokenLeavesPriorActivationRunning]' started.
Test Case '-[DramaticAudioTests.ActiveAudioCursorWorkerTests testReusedSuccessorTokenLeavesPriorActivationRunning]' passed (0.001 seconds).
Test Case '-[DramaticAudioTests.ActiveAudioCursorWorkerTests testScheduleOverflowAfterHandoffRetiresActiveSuccessor]' started.
Test Case '-[DramaticAudioTests.ActiveAudioCursorWorkerTests testScheduleOverflowAfterHandoffRetiresActiveSuccessor]' passed (0.003 seconds).
Test Case '-[DramaticAudioTests.ActiveAudioCursorWorkerTests testScopedStopDuringBlockedHandoffRetiresLateSuccessor]' started.
Test Case '-[DramaticAudioTests.ActiveAudioCursorWorkerTests testScopedStopDuringBlockedHandoffRetiresLateSuccessor]' passed (0.001 seconds).
Test Case '-[DramaticAudioTests.ActiveAudioCursorWorkerTests testScopedStopFromSupersededProtectionCannotStopSuccessor]' started.
Test Case '-[DramaticAudioTests.ActiveAudioCursorWorkerTests testScopedStopFromSupersededProtectionCannotStopSuccessor]' passed (0.001 seconds).
Test Case '-[DramaticAudioTests.ActiveAudioCursorWorkerTests testStopCancelsCadenceWithoutFurtherCaptureOrAuthorization]' started.
Test Case '-[DramaticAudioTests.ActiveAudioCursorWorkerTests testStopCancelsCadenceWithoutFurtherCaptureOrAuthorization]' passed (0.003 seconds).
Test Case '-[DramaticAudioTests.ActiveAudioCursorWorkerTests testSupersededInitialWriteCannotAuthorizeOldGeneration]' started.
Test Case '-[DramaticAudioTests.ActiveAudioCursorWorkerTests testSupersededInitialWriteCannotAuthorizeOldGeneration]' passed (0.001 seconds).
Test Case '-[DramaticAudioTests.ActiveAudioCursorWorkerTests testWakeAfterCutoffFailsBeforeAnyNewStoreWrite]' started.
Test Case '-[DramaticAudioTests.ActiveAudioCursorWorkerTests testWakeAfterCutoffFailsBeforeAnyNewStoreWrite]' passed (0.003 seconds).
Test Suite 'ActiveAudioCursorWorkerTests' passed at 2026-07-27 19:59:11.810.
	 Executed 18 tests, with 0 failures (0 unexpected) in 0.388 (0.389) seconds
Test Suite 'BundledEssentialContentLoaderTests' started at 2026-07-27 19:59:11.810.
Test Case '-[JourneyContentTests.BundledEssentialContentLoaderTests testCanonicalEssentialBytesOpenOneFailClosedRepository]' started.
Test Case '-[JourneyContentTests.BundledEssentialContentLoaderTests testCanonicalEssentialBytesOpenOneFailClosedRepository]' passed (0.008 seconds).
Test Case '-[JourneyContentTests.BundledEssentialContentLoaderTests testDecodedEssentialPayloadCanEnterMixedTrustAssembly]' started.
Test Case '-[JourneyContentTests.BundledEssentialContentLoaderTests testDecodedEssentialPayloadCanEnterMixedTrustAssembly]' passed (0.007 seconds).
Test Case '-[JourneyContentTests.BundledEssentialContentLoaderTests testMalformedBytesFailBeforeAnyRepositoryExists]' started.
Test Case '-[JourneyContentTests.BundledEssentialContentLoaderTests testMalformedBytesFailBeforeAnyRepositoryExists]' passed (0.000 seconds).
Test Case '-[JourneyContentTests.BundledEssentialContentLoaderTests testMissingBundleResourceIsExplicitAndFailClosed]' started.
Test Case '-[JourneyContentTests.BundledEssentialContentLoaderTests testMissingBundleResourceIsExplicitAndFailClosed]' passed (0.000 seconds).
Test Case '-[JourneyContentTests.BundledEssentialContentLoaderTests testPaidPackageCannotMasqueradeAsBundledEssentialContent]' started.
Test Case '-[JourneyContentTests.BundledEssentialContentLoaderTests testPaidPackageCannotMasqueradeAsBundledEssentialContent]' passed (0.004 seconds).
Test Case '-[JourneyContentTests.BundledEssentialContentLoaderTests testRepositoryStillRejectsCatalogDriftAfterCanonicalDecode]' started.
Test Case '-[JourneyContentTests.BundledEssentialContentLoaderTests testRepositoryStillRejectsCatalogDriftAfterCanonicalDecode]' passed (0.007 seconds).
Test Suite 'BundledEssentialContentLoaderTests' passed at 2026-07-27 19:59:11.837.
	 Executed 6 tests, with 0 failures (0 unexpected) in 0.027 (0.027) seconds
Test Suite 'ChapterCoordinatorTests' started at 2026-07-27 19:59:11.837.
Test Case '-[JourneyContentTests.ChapterCoordinatorTests testAdvancePlansRecoverDeterministicallyAtEveryPersistedActionBoundary]' started.
Test Case '-[JourneyContentTests.ChapterCoordinatorTests testAdvancePlansRecoverDeterministicallyAtEveryPersistedActionBoundary]' passed (0.014 seconds).
Test Case '-[JourneyContentTests.ChapterCoordinatorTests testAdvanceRefusesMissingReadyAndActiveInteractions]' started.
Test Case '-[JourneyContentTests.ChapterCoordinatorTests testAdvanceRefusesMissingReadyAndActiveInteractions]' passed (0.005 seconds).
Test Case '-[JourneyContentTests.ChapterCoordinatorTests testBeginActionsResolveTheExactFirstCursorWithoutHardcodedRuntimeContent]' started.
Test Case '-[JourneyContentTests.ChapterCoordinatorTests testBeginActionsResolveTheExactFirstCursorWithoutHardcodedRuntimeContent]' passed (0.006 seconds).
Test Case '-[JourneyContentTests.ChapterCoordinatorTests testChapterCompletionAuthorityRejectsForgeryPrematurityAndBrokenWorldState]' started.
Test Case '-[JourneyContentTests.ChapterCoordinatorTests testChapterCompletionAuthorityRejectsForgeryPrematurityAndBrokenWorldState]' passed (0.007 seconds).
Test Case '-[JourneyContentTests.ChapterCoordinatorTests testCompletedInteractionAdvancesAcrossArcAndFinalBeatCompletesChapter]' started.
Test Case '-[JourneyContentTests.ChapterCoordinatorTests testCompletedInteractionAdvancesAcrossArcAndFinalBeatCompletesChapter]' passed (0.006 seconds).
Test Case '-[JourneyContentTests.ChapterCoordinatorTests testCoordinatorFailsClosedOnForgedResponsiveAudioIdentityAndCursor]' started.
Test Case '-[JourneyContentTests.ChapterCoordinatorTests testCoordinatorFailsClosedOnForgedResponsiveAudioIdentityAndCursor]' passed (0.004 seconds).
Test Case '-[JourneyContentTests.ChapterCoordinatorTests testCursorRejectsForgedCompleteProgressAndMissingWorldConsequence]' started.
Test Case '-[JourneyContentTests.ChapterCoordinatorTests testCursorRejectsForgedCompleteProgressAndMissingWorldConsequence]' passed (0.005 seconds).
Test Case '-[JourneyContentTests.ChapterCoordinatorTests testCursorRejectsForgedPackageVersionRelationshipsAndCompletionState]' started.
Test Case '-[JourneyContentTests.ChapterCoordinatorTests testCursorRejectsForgedPackageVersionRelationshipsAndCompletionState]' passed (0.004 seconds).
Test Case '-[JourneyContentTests.ChapterCoordinatorTests testCursorRejectsMismatchedInstalledVersionAndCompletedActiveChapter]' started.
Test Case '-[JourneyContentTests.ChapterCoordinatorTests testCursorRejectsMismatchedInstalledVersionAndCompletedActiveChapter]' passed (0.004 seconds).
Test Case '-[JourneyContentTests.ChapterCoordinatorTests testResponsiveAudioCursorIsDurableRepositoryBoundAndRestorationRequiresAuthority]' started.
Test Case '-[JourneyContentTests.ChapterCoordinatorTests testResponsiveAudioCursorIsDurableRepositoryBoundAndRestorationRequiresAuthority]' passed (0.005 seconds).
Test Case '-[JourneyContentTests.ChapterCoordinatorTests testResumeFillsAnExactEmptySessionAndActivatesItsFirstScene]' started.
Test Case '-[JourneyContentTests.ChapterCoordinatorTests testResumeFillsAnExactEmptySessionAndActivatesItsFirstScene]' passed (0.004 seconds).
Test Case '-[JourneyContentTests.ChapterCoordinatorTests testResumeRepairsOnlyTheCrashBoundaryBeforeInteractionStart]' started.
Test Case '-[JourneyContentTests.ChapterCoordinatorTests testResumeRepairsOnlyTheCrashBoundaryBeforeInteractionStart]' passed (0.004 seconds).
Test Case '-[JourneyContentTests.ChapterCoordinatorTests testResumeSelectsTheSavedCausalPointWithoutResettingItsState]' started.
Test Case '-[JourneyContentTests.ChapterCoordinatorTests testResumeSelectsTheSavedCausalPointWithoutResettingItsState]' passed (0.004 seconds).
Test Case '-[JourneyContentTests.ChapterCoordinatorTests testSceneAuthorityMustBeDurableBeforePresentationAndCannotBeForged]' started.
Test Case '-[JourneyContentTests.ChapterCoordinatorTests testSceneAuthorityMustBeDurableBeforePresentationAndCannotBeForged]' passed (0.004 seconds).
Test Suite 'ChapterCoordinatorTests' passed at 2026-07-27 19:59:11.911.
	 Executed 14 tests, with 0 failures (0 unexpected) in 0.074 (0.074) seconds
Test Suite 'ChapterPresentationAuthorityGateTests' started at 2026-07-27 19:59:11.911.
Test Case '-[ChapterRuntimeTests.ChapterPresentationAuthorityGateTests testExactIdentityStillRequiresReadyRuntimeAndPresentation]' started.
Test Case '-[ChapterRuntimeTests.ChapterPresentationAuthorityGateTests testExactIdentityStillRequiresReadyRuntimeAndPresentation]' passed (0.000 seconds).
Test Case '-[ChapterRuntimeTests.ChapterPresentationAuthorityGateTests testMismatchedIdentityAdmitsNeitherPresentationNorInput]' started.
Test Case '-[ChapterRuntimeTests.ChapterPresentationAuthorityGateTests testMismatchedIdentityAdmitsNeitherPresentationNorInput]' passed (0.000 seconds).
Test Suite 'ChapterPresentationAuthorityGateTests' passed at 2026-07-27 19:59:11.912.
	 Executed 2 tests, with 0 failures (0 unexpected) in 0.000 (0.000) seconds
Test Suite 'ChapterResponsiveAudioSessionPolicyTests' started at 2026-07-27 19:59:11.912.
Test Case '-[ChapterRuntimeTests.ChapterResponsiveAudioSessionPolicyTests testColdChapterWithoutActiveSessionStillRequiresInitialChoice]' started.
Test Case '-[ChapterRuntimeTests.ChapterResponsiveAudioSessionPolicyTests testColdChapterWithoutActiveSessionStillRequiresInitialChoice]' passed (0.000 seconds).
Test Case '-[ChapterRuntimeTests.ChapterResponsiveAudioSessionPolicyTests testColdRestoredActiveSessionRequiresExplicitResume]' started.
Test Case '-[ChapterRuntimeTests.ChapterResponsiveAudioSessionPolicyTests testColdRestoredActiveSessionRequiresExplicitResume]' passed (0.000 seconds).
Test Case '-[ChapterRuntimeTests.ChapterResponsiveAudioSessionPolicyTests testFailedInFlightStartRequiresResumeAfterPersistenceOnlyRebind]' started.
Test Case '-[ChapterRuntimeTests.ChapterResponsiveAudioSessionPolicyTests testFailedInFlightStartRequiresResumeAfterPersistenceOnlyRebind]' passed (0.000 seconds).
Test Case '-[ChapterRuntimeTests.ChapterResponsiveAudioSessionPolicyTests testNewBindingFencesAStaleAuthorizedRebindCompletion]' started.
Test Case '-[ChapterRuntimeTests.ChapterResponsiveAudioSessionPolicyTests testNewBindingFencesAStaleAuthorizedRebindCompletion]' passed (0.000 seconds).
Test Case '-[ChapterRuntimeTests.ChapterResponsiveAudioSessionPolicyTests testNewChapterBackgroundAndRouteExitNeverAutoplay]' started.
Test Case '-[ChapterRuntimeTests.ChapterResponsiveAudioSessionPolicyTests testNewChapterBackgroundAndRouteExitNeverAutoplay]' passed (0.000 seconds).
Test Case '-[ChapterRuntimeTests.ChapterResponsiveAudioSessionPolicyTests testPlayingChoiceContinuesAcrossBeatAndProgramBindings]' started.
Test Case '-[ChapterRuntimeTests.ChapterResponsiveAudioSessionPolicyTests testPlayingChoiceContinuesAcrossBeatAndProgramBindings]' passed (0.000 seconds).
Test Case '-[ChapterRuntimeTests.ChapterResponsiveAudioSessionPolicyTests testPlayingChoiceContinuesAcrossCropAndReduceMotionRebinds]' started.
Test Case '-[ChapterRuntimeTests.ChapterResponsiveAudioSessionPolicyTests testPlayingChoiceContinuesAcrossCropAndReduceMotionRebinds]' passed (0.000 seconds).
Test Case '-[ChapterRuntimeTests.ChapterResponsiveAudioSessionPolicyTests testRebindingWhileExplicitStartIsPendingRequiresResume]' started.
Test Case '-[ChapterRuntimeTests.ChapterResponsiveAudioSessionPolicyTests testRebindingWhileExplicitStartIsPendingRequiresResume]' passed (0.000 seconds).
Test Case '-[ChapterRuntimeTests.ChapterResponsiveAudioSessionPolicyTests testRestoredAuthorityDoesNotOverrideSameChapterSilence]' started.
Test Case '-[ChapterRuntimeTests.ChapterResponsiveAudioSessionPolicyTests testRestoredAuthorityDoesNotOverrideSameChapterSilence]' passed (0.000 seconds).
Test Case '-[ChapterRuntimeTests.ChapterResponsiveAudioSessionPolicyTests testSilenceContinuesAcrossEverySameChapterBinding]' started.
Test Case '-[ChapterRuntimeTests.ChapterResponsiveAudioSessionPolicyTests testSilenceContinuesAcrossEverySameChapterBinding]' passed (0.000 seconds).
Test Case '-[ChapterRuntimeTests.ChapterResponsiveAudioSessionPolicyTests testStaleSilenceActionCannotRelabelAudiblePlayback]' started.
Test Case '-[ChapterRuntimeTests.ChapterResponsiveAudioSessionPolicyTests testStaleSilenceActionCannotRelabelAudiblePlayback]' passed (0.000 seconds).
Test Case '-[ChapterRuntimeTests.ChapterResponsiveAudioSessionPolicyTests testSuccessfulInFlightStartAuthorizesPersistenceOnlyRebind]' started.
Test Case '-[ChapterRuntimeTests.ChapterResponsiveAudioSessionPolicyTests testSuccessfulInFlightStartAuthorizesPersistenceOnlyRebind]' passed (0.000 seconds).
Test Suite 'ChapterResponsiveAudioSessionPolicyTests' passed at 2026-07-27 19:59:11.913.
	 Executed 12 tests, with 0 failures (0 unexpected) in 0.001 (0.001) seconds
Test Suite 'ChapterRouteActivationRequestFenceTests' started at 2026-07-27 19:59:11.913.
Test Case '-[ChapterRuntimeTests.ChapterRouteActivationRequestFenceTests testInvalidationPreventsSuspendedRequestFromResuming]' started.
Test Case '-[ChapterRuntimeTests.ChapterRouteActivationRequestFenceTests testInvalidationPreventsSuspendedRequestFromResuming]' passed (0.000 seconds).
Test Case '-[ChapterRuntimeTests.ChapterRouteActivationRequestFenceTests testOnlyLatestActivationRequestRemainsCurrent]' started.
Test Case '-[ChapterRuntimeTests.ChapterRouteActivationRequestFenceTests testOnlyLatestActivationRequestRemainsCurrent]' passed (0.000 seconds).
Test Suite 'ChapterRouteActivationRequestFenceTests' passed at 2026-07-27 19:59:11.913.
	 Executed 2 tests, with 0 failures (0 unexpected) in 0.000 (0.000) seconds
Test Suite 'ChapterRuntimeInputAdmissionPolicyTests' started at 2026-07-27 19:59:11.913.
Test Case '-[ChapterRuntimeTests.ChapterRuntimeInputAdmissionPolicyTests testAuthorityPreparationRejectsWhenChapterPendingFlagIsFalse]' started.
Test Case '-[ChapterRuntimeTests.ChapterRuntimeInputAdmissionPolicyTests testAuthorityPreparationRejectsWhenChapterPendingFlagIsFalse]' passed (0.000 seconds).
Test Case '-[ChapterRuntimeTests.ChapterRuntimeInputAdmissionPolicyTests testEveryTransitionBlockerRejectsInputIndependently]' started.
Test Case '-[ChapterRuntimeTests.ChapterRuntimeInputAdmissionPolicyTests testEveryTransitionBlockerRejectsInputIndependently]' passed (0.000 seconds).
Test Case '-[ChapterRuntimeTests.ChapterRuntimeInputAdmissionPolicyTests testExactIdentityMismatchAndMissingIdentityAreRejected]' started.
Test Case '-[ChapterRuntimeTests.ChapterRuntimeInputAdmissionPolicyTests testExactIdentityMismatchAndMissingIdentityAreRejected]' passed (0.000 seconds).
Test Case '-[ChapterRuntimeTests.ChapterRuntimeInputAdmissionPolicyTests testExactIdentityWithInactiveTransitionIsAdmitted]' started.
Test Case '-[ChapterRuntimeTests.ChapterRuntimeInputAdmissionPolicyTests testExactIdentityWithInactiveTransitionIsAdmitted]' passed (0.000 seconds).
Test Suite 'ChapterRuntimeInputAdmissionPolicyTests' passed at 2026-07-27 19:59:11.913.
	 Executed 4 tests, with 0 failures (0 unexpected) in 0.000 (0.000) seconds
Test Suite 'ChapterRuntimeInputReservationGateTests' started at 2026-07-27 19:59:11.913.
Test Case '-[JourneyContentTests.ChapterRuntimeInputReservationGateTests testFinishIsIdempotentAndForeignTokensCannotReleaseOwnership]' started.
Test Case '-[JourneyContentTests.ChapterRuntimeInputReservationGateTests testFinishIsIdempotentAndForeignTokensCannotReleaseOwnership]' passed (0.000 seconds).
Test Case '-[JourneyContentTests.ChapterRuntimeInputReservationGateTests testGenerationExhaustionFailsClosedWithoutReleasingExistingToken]' started.
Test Case '-[JourneyContentTests.ChapterRuntimeInputReservationGateTests testGenerationExhaustionFailsClosedWithoutReleasingExistingToken]' passed (0.000 seconds).
Test Case '-[JourneyContentTests.ChapterRuntimeInputReservationGateTests testReservationsAreUniqueOwnedAndCountedUntilFinished]' started.
Test Case '-[JourneyContentTests.ChapterRuntimeInputReservationGateTests testReservationsAreUniqueOwnedAndCountedUntilFinished]' passed (0.000 seconds).
Test Suite 'ChapterRuntimeInputReservationGateTests' passed at 2026-07-27 19:59:11.914.
	 Executed 3 tests, with 0 failures (0 unexpected) in 0.000 (0.000) seconds
Test Suite 'ChapterSceneRuntimeControllerTests' started at 2026-07-27 19:59:11.914.
Test Case '-[ChapterRuntimeTests.ChapterSceneRuntimeControllerTests testAcceptedAllocateDropPublishesResponseOnlyAfterDurableAppend]' started.
Test Case '-[ChapterRuntimeTests.ChapterSceneRuntimeControllerTests testAcceptedAllocateDropPublishesResponseOnlyAfterDurableAppend]' passed (0.038 seconds).
Test Case '-[ChapterRuntimeTests.ChapterSceneRuntimeControllerTests testAllocateContactAndCarryAreEphemeralAndNeverJournaled]' started.
Test Case '-[ChapterRuntimeTests.ChapterSceneRuntimeControllerTests testAllocateContactAndCarryAreEphemeralAndNeverJournaled]' passed (0.035 seconds).
Test Case '-[ChapterRuntimeTests.ChapterSceneRuntimeControllerTests testAllocateDropAtTheCurrentAbsoluteValueNeverAppendsANoop]' started.
Test Case '-[ChapterRuntimeTests.ChapterSceneRuntimeControllerTests testAllocateDropAtTheCurrentAbsoluteValueNeverAppendsANoop]' passed (0.033 seconds).
Test Case '-[ChapterRuntimeTests.ChapterSceneRuntimeControllerTests testAssembleAcceptedDropCommitsOnePlaceThenRestoresWithoutEphemera]' started.
Test Case '-[ChapterRuntimeTests.ChapterSceneRuntimeControllerTests testAssembleAcceptedDropCommitsOnePlaceThenRestoresWithoutEphemera]' passed (0.009 seconds).
Test Case '-[ChapterRuntimeTests.ChapterSceneRuntimeControllerTests testAssembleCancellationSnapsBackWithoutPreviewOrJournalMutation]' started.
Test Case '-[ChapterRuntimeTests.ChapterSceneRuntimeControllerTests testAssembleCancellationSnapsBackWithoutPreviewOrJournalMutation]' passed (0.010 seconds).
Test Case '-[ChapterRuntimeTests.ChapterSceneRuntimeControllerTests testAssembleDirectRuntimeHasNoThreeRecordsRepositoryDependency]' started.
Test Case '-[ChapterRuntimeTests.ChapterSceneRuntimeControllerTests testAssembleDirectRuntimeHasNoThreeRecordsRepositoryDependency]' passed (0.007 seconds).
Test Case '-[ChapterRuntimeTests.ChapterSceneRuntimeControllerTests testAssemblePhysicalActivateTargetCannotBypassDirectPlacement]' started.
Test Case '-[ChapterRuntimeTests.ChapterSceneRuntimeControllerTests testAssemblePhysicalActivateTargetCannotBypassDirectPlacement]' passed (0.005 seconds).
Test Case '-[ChapterRuntimeTests.ChapterSceneRuntimeControllerTests testAssembleSourceTapCannotCommitOrAppend]' started.
Test Case '-[ChapterRuntimeTests.ChapterSceneRuntimeControllerTests testAssembleSourceTapCannotCommitOrAppend]' passed (0.005 seconds).
Test Case '-[ChapterRuntimeTests.ChapterSceneRuntimeControllerTests testAssembleTouchAndVoiceOverDispatchSamePlaceActionsAndConverge]' started.
Test Case '-[ChapterRuntimeTests.ChapterSceneRuntimeControllerTests testAssembleTouchAndVoiceOverDispatchSamePlaceActionsAndConverge]' passed (0.011 seconds).
Test Case '-[ChapterRuntimeTests.ChapterSceneRuntimeControllerTests testAssembleWrongSlotPreviewsResistanceWithoutJournalMutation]' started.
Test Case '-[ChapterRuntimeTests.ChapterSceneRuntimeControllerTests testAssembleWrongSlotPreviewsResistanceWithoutJournalMutation]' passed (0.007 seconds).
Test Case '-[ChapterRuntimeTests.ChapterSceneRuntimeControllerTests testAssemblyGestureHapticsAreEphemeralDeduplicatedAndCompletionSealsAfterAppend]' started.
Test Case '-[ChapterRuntimeTests.ChapterSceneRuntimeControllerTests testAssemblyGestureHapticsAreEphemeralDeduplicatedAndCompletionSealsAfterAppend]' passed (0.014 seconds).
Test Case '-[ChapterRuntimeTests.ChapterSceneRuntimeControllerTests testAudioFailureAfterAppendReturnsAcceptedCommitAndCannotDuplicateAction]' started.
Test Case '-[ChapterRuntimeTests.ChapterSceneRuntimeControllerTests testAudioFailureAfterAppendReturnsAcceptedCommitAndCannotDuplicateAction]' passed (0.005 seconds).
Test Case '-[ChapterRuntimeTests.ChapterSceneRuntimeControllerTests testBlockedVoiceOverPlacementStaysAvailableAndRejectsWithoutDurableEvent]' started.
Test Case '-[ChapterRuntimeTests.ChapterSceneRuntimeControllerTests testBlockedVoiceOverPlacementStaysAvailableAndRejectsWithoutDurableEvent]' passed (0.007 seconds).
Test Case '-[ChapterRuntimeTests.ChapterSceneRuntimeControllerTests testCancellationAfterAdmissionStillReturnsTheDurableCommit]' started.
Test Case '-[ChapterRuntimeTests.ChapterSceneRuntimeControllerTests testCancellationAfterAdmissionStillReturnsTheDurableCommit]' passed (0.004 seconds).
Test Case '-[ChapterRuntimeTests.ChapterSceneRuntimeControllerTests testCancelledQueuedInputThrowsCancellationWithoutAppend]' started.
Test Case '-[ChapterRuntimeTests.ChapterSceneRuntimeControllerTests testCancelledQueuedInputThrowsCancellationWithoutAppend]' passed (0.005 seconds).
Test Case '-[ChapterRuntimeTests.ChapterSceneRuntimeControllerTests testCandidatePresentationFailurePreventsAppend]' started.
Test Case '-[ChapterRuntimeTests.ChapterSceneRuntimeControllerTests testCandidatePresentationFailurePreventsAppend]' passed (0.004 seconds).
Test Case '-[ChapterRuntimeTests.ChapterSceneRuntimeControllerTests testCompleteAllocateTouchAndVoiceOverConverge]' started.
Test Case '-[ChapterRuntimeTests.ChapterSceneRuntimeControllerTests testCompleteAllocateTouchAndVoiceOverConverge]' passed (0.049 seconds).
Test Case '-[ChapterRuntimeTests.ChapterSceneRuntimeControllerTests testCompleteAssembleTouchAndVoiceOverConverge]' started.
Test Case '-[ChapterRuntimeTests.ChapterSceneRuntimeControllerTests testCompleteAssembleTouchAndVoiceOverConverge]' passed (0.006 seconds).
Test Case '-[ChapterRuntimeTests.ChapterSceneRuntimeControllerTests testCompletedTouchIsRejectedBeforeResolutionForEveryGrammar]' started.
Test Case '-[ChapterRuntimeTests.ChapterSceneRuntimeControllerTests testCompletedTouchIsRejectedBeforeResolutionForEveryGrammar]' passed (0.043 seconds).
Test Case '-[ChapterRuntimeTests.ChapterSceneRuntimeControllerTests testCompletePressureTouchAndVoiceOverConverge]' started.
Test Case '-[ChapterRuntimeTests.ChapterSceneRuntimeControllerTests testCompletePressureTouchAndVoiceOverConverge]' passed (0.007 seconds).
Test Case '-[ChapterRuntimeTests.ChapterSceneRuntimeControllerTests testCompleteTransformTouchAndVoiceOverConverge]' started.
Test Case '-[ChapterRuntimeTests.ChapterSceneRuntimeControllerTests testCompleteTransformTouchAndVoiceOverConverge]' passed (0.005 seconds).
Test Case '-[ChapterRuntimeTests.ChapterSceneRuntimeControllerTests testContinuousTouchPreviewClassifiesPressureBoundariesAndTransformStageWithoutCompleting]' started.
Test Case '-[ChapterRuntimeTests.ChapterSceneRuntimeControllerTests testContinuousTouchPreviewClassifiesPressureBoundariesAndTransformStageWithoutCompleting]' passed (0.009 seconds).
Test Case '-[ChapterRuntimeTests.ChapterSceneRuntimeControllerTests testContinuousTouchPreviewRespondsWithinFiftyMillisecondsWithoutDurableSideEffects]' started.
Test Case '-[ChapterRuntimeTests.ChapterSceneRuntimeControllerTests testContinuousTouchPreviewRespondsWithinFiftyMillisecondsWithoutDurableSideEffects]' passed (0.018 seconds).
Test Case '-[ChapterRuntimeTests.ChapterSceneRuntimeControllerTests testContinuousTracePreviewClassifiesAnchorsButDurableInputStillStartsFromCommittedAuthority]' started.
Test Case '-[ChapterRuntimeTests.ChapterSceneRuntimeControllerTests testContinuousTracePreviewClassifiesAnchorsButDurableInputStillStartsFromCommittedAuthority]' passed (0.004 seconds).
Test Case '-[ChapterRuntimeTests.ChapterSceneRuntimeControllerTests testExplicitResponsiveAudioSynchronizationPublishesBeforeFirstTrace]' started.
Test Case '-[ChapterRuntimeTests.ChapterSceneRuntimeControllerTests testExplicitResponsiveAudioSynchronizationPublishesBeforeFirstTrace]' passed (0.004 seconds).
Test Case '-[ChapterRuntimeTests.ChapterSceneRuntimeControllerTests testFIFOCoversAppendPublishHapticAndAudioFollowUp]' started.
Test Case '-[ChapterRuntimeTests.ChapterSceneRuntimeControllerTests testFIFOCoversAppendPublishHapticAndAudioFollowUp]' passed (0.005 seconds).
Test Case '-[ChapterRuntimeTests.ChapterSceneRuntimeControllerTests testFirstTraceReconcilesResponsiveAudioRaceWithoutEagerSynchronization]' started.
Test Case '-[ChapterRuntimeTests.ChapterSceneRuntimeControllerTests testFirstTraceReconcilesResponsiveAudioRaceWithoutEagerSynchronization]' passed (0.004 seconds).
Test Case '-[ChapterRuntimeTests.ChapterSceneRuntimeControllerTests testInjectedCommitterRestoreBuildsFrameMetalAndSemanticPresentation]' started.
Test Case '-[ChapterRuntimeTests.ChapterSceneRuntimeControllerTests testInjectedCommitterRestoreBuildsFrameMetalAndSemanticPresentation]' passed (0.003 seconds).
Test Case '-[ChapterRuntimeTests.ChapterSceneRuntimeControllerTests testKillRestoreRebuildsExactCompletedPresentationForEveryGrammar]' started.
Test Case '-[ChapterRuntimeTests.ChapterSceneRuntimeControllerTests testKillRestoreRebuildsExactCompletedPresentationForEveryGrammar]' passed (0.047 seconds).
Test Case '-[ChapterRuntimeTests.ChapterSceneRuntimeControllerTests testKillRestoreRebuildsExactPresentationAtEveryQuarter]' started.
Test Case '-[ChapterRuntimeTests.ChapterSceneRuntimeControllerTests testKillRestoreRebuildsExactPresentationAtEveryQuarter]' passed (0.023 seconds).
Test Case '-[ChapterRuntimeTests.ChapterSceneRuntimeControllerTests testLifecycleRestoreAdoptsSuspensionBeforeAudioOnlySynchronizationResumes]' started.
Test Case '-[ChapterRuntimeTests.ChapterSceneRuntimeControllerTests testLifecycleRestoreAdoptsSuspensionBeforeAudioOnlySynchronizationResumes]' passed (0.035 seconds).
Test Case '-[ChapterRuntimeTests.ChapterSceneRuntimeControllerTests testOlderPositiveAudioSequenceIsRejectedWithoutFollowUpAppend]' started.
Test Case '-[ChapterRuntimeTests.ChapterSceneRuntimeControllerTests testOlderPositiveAudioSequenceIsRejectedWithoutFollowUpAppend]' passed (0.004 seconds).
Test Case '-[ChapterRuntimeTests.ChapterSceneRuntimeControllerTests testOverAllocatedChoiceCanReturnAuthoredStepsAndStillConverge]' started.
Test Case '-[ChapterRuntimeTests.ChapterSceneRuntimeControllerTests testOverAllocatedChoiceCanReturnAuthoredStepsAndStillConverge]' passed (0.069 seconds).
Test Case '-[ChapterRuntimeTests.ChapterSceneRuntimeControllerTests testRejectedTouchFailsBeforeAppend]' started.
Test Case '-[ChapterRuntimeTests.ChapterSceneRuntimeControllerTests testRejectedTouchFailsBeforeAppend]' passed (0.004 seconds).
Test Case '-[ChapterRuntimeTests.ChapterSceneRuntimeControllerTests testResponsiveAudioSynchronizationRejectsBeatDrift]' started.
Test Case '-[ChapterRuntimeTests.ChapterSceneRuntimeControllerTests testResponsiveAudioSynchronizationRejectsBeatDrift]' passed (0.003 seconds).
Test Case '-[ChapterRuntimeTests.ChapterSceneRuntimeControllerTests testResponsiveAudioSynchronizationRejectsCameraDrift]' started.
Test Case '-[ChapterRuntimeTests.ChapterSceneRuntimeControllerTests testResponsiveAudioSynchronizationRejectsCameraDrift]' passed (0.003 seconds).
Test Case '-[ChapterRuntimeTests.ChapterSceneRuntimeControllerTests testResponsiveAudioSynchronizationRejectsInteractionDrift]' started.
Test Case '-[ChapterRuntimeTests.ChapterSceneRuntimeControllerTests testResponsiveAudioSynchronizationRejectsInteractionDrift]' passed (0.003 seconds).
Test Case '-[ChapterRuntimeTests.ChapterSceneRuntimeControllerTests testResponsiveAudioSynchronizationRejectsRouteDrift]' started.
Test Case '-[ChapterRuntimeTests.ChapterSceneRuntimeControllerTests testResponsiveAudioSynchronizationRejectsRouteDrift]' passed (0.004 seconds).
Test Case '-[ChapterRuntimeTests.ChapterSceneRuntimeControllerTests testResponsiveAudioSynchronizationRejectsWorldEffectDrift]' started.
Test Case '-[ChapterRuntimeTests.ChapterSceneRuntimeControllerTests testResponsiveAudioSynchronizationRejectsWorldEffectDrift]' passed (0.004 seconds).
Test Case '-[ChapterRuntimeTests.ChapterSceneRuntimeControllerTests testSharedCommitterDriftRejectsSceneActionBeforeItsAppend]' started.
Test Case '-[ChapterRuntimeTests.ChapterSceneRuntimeControllerTests testSharedCommitterDriftRejectsSceneActionBeforeItsAppend]' passed (0.004 seconds).
Test Case '-[ChapterRuntimeTests.ChapterSceneRuntimeControllerTests testTouchAndVoiceOverConvergeOnIdenticalDurableFinalState]' started.
Test Case '-[ChapterRuntimeTests.ChapterSceneRuntimeControllerTests testTouchAndVoiceOverConvergeOnIdenticalDurableFinalState]' passed (0.007 seconds).
Test Case '-[ChapterRuntimeTests.ChapterSceneRuntimeControllerTests testTouchAndVoiceOverPublishTheSameResistanceAudioIntent]' started.
Test Case '-[ChapterRuntimeTests.ChapterSceneRuntimeControllerTests testTouchAndVoiceOverPublishTheSameResistanceAudioIntent]' passed (0.006 seconds).
Test Case '-[ChapterRuntimeTests.ChapterSceneRuntimeControllerTests testTouchReconcilesEndedResponsiveAudioSessionBeforeInput]' started.
Test Case '-[ChapterRuntimeTests.ChapterSceneRuntimeControllerTests testTouchReconcilesEndedResponsiveAudioSessionBeforeInput]' passed (0.005 seconds).
Test Case '-[ChapterRuntimeTests.ChapterSceneRuntimeControllerTests testTraceEndpointJitterPreservesContactAndRouteMovementStaysEngaged]' started.
Test Case '-[ChapterRuntimeTests.ChapterSceneRuntimeControllerTests testTraceEndpointJitterPreservesContactAndRouteMovementStaysEngaged]' passed (0.006 seconds).
Test Case '-[ChapterRuntimeTests.ChapterSceneRuntimeControllerTests testTraceHapticsUseContactDragAndSealWithoutResistancePulse]' started.
Test Case '-[ChapterRuntimeTests.ChapterSceneRuntimeControllerTests testTraceHapticsUseContactDragAndSealWithoutResistancePulse]' passed (0.006 seconds).
Test Case '-[ChapterRuntimeTests.ChapterSceneRuntimeControllerTests testTraceResolverTreatsOnlyImmediateInToleranceEndpointJitterAsSemanticallyEmpty]' started.
Test Case '-[ChapterRuntimeTests.ChapterSceneRuntimeControllerTests testTraceResolverTreatsOnlyImmediateInToleranceEndpointJitterAsSemanticallyEmpty]' passed (0.003 seconds).
Test Case '-[ChapterRuntimeTests.ChapterSceneRuntimeControllerTests testVoiceOverAssemblyContactPrecedesAppendAndCompletionSealFollowsIt]' started.
Test Case '-[ChapterRuntimeTests.ChapterSceneRuntimeControllerTests testVoiceOverAssemblyContactPrecedesAppendAndCompletionSealFollowsIt]' passed (0.007 seconds).
Test Case '-[ChapterRuntimeTests.ChapterSceneRuntimeControllerTests testVoiceOverReconcilesAutomaticResponsiveAudioSnapshotBeforeInput]' started.
Test Case '-[ChapterRuntimeTests.ChapterSceneRuntimeControllerTests testVoiceOverReconcilesAutomaticResponsiveAudioSnapshotBeforeInput]' passed (0.004 seconds).
Test Suite 'ChapterSceneRuntimeControllerTests' passed at 2026-07-27 19:59:12.519.
	 Executed 48 tests, with 0 failures (0 unexpected) in 0.603 (0.606) seconds
Test Suite 'CommerceKitTests' started at 2026-07-27 19:59:12.519.
Test Case '-[CommerceKitTests.CommerceKitTests testAccessResolverKeepsFreeTriadOpenAndGatesEveryOtherLaunchChapter]' started.
Test Case '-[CommerceKitTests.CommerceKitTests testAccessResolverKeepsFreeTriadOpenAndGatesEveryOtherLaunchChapter]' passed (0.000 seconds).
Test Case '-[CommerceKitTests.CommerceKitTests testAuthenticatedSnapshotRoundTripsAndNewestCorruptSlotFallsBack]' started.
Test Case '-[CommerceKitTests.CommerceKitTests testAuthenticatedSnapshotRoundTripsAndNewestCorruptSlotFallsBack]' passed (0.001 seconds).
Test Case '-[CommerceKitTests.CommerceKitTests testCompletedRevocationSealsBothFallbackSlotsAgainstOwnershipRollback]' started.
Test Case '-[CommerceKitTests.CommerceKitTests testCompletedRevocationSealsBothFallbackSlotsAgainstOwnershipRollback]' passed (0.001 seconds).
Test Case '-[CommerceKitTests.CommerceKitTests testExpirationFailsClosedOfflineAndIsRecordedOnRefresh]' started.
Test Case '-[CommerceKitTests.CommerceKitTests testExpirationFailsClosedOfflineAndIsRecordedOnRefresh]' passed (0.001 seconds).
Test Case '-[CommerceKitTests.CommerceKitTests testListenerDoesNotFinishWhenDurableRevocationWriteFails]' started.
Test Case '-[CommerceKitTests.CommerceKitTests testListenerDoesNotFinishWhenDurableRevocationWriteFails]' passed (0.004 seconds).
Test Case '-[CommerceKitTests.CommerceKitTests testListenerIgnoresUnverifiedUpdateAndDoesNotFinishIt]' started.
Test Case '-[CommerceKitTests.CommerceKitTests testListenerIgnoresUnverifiedUpdateAndDoesNotFinishIt]' passed (0.004 seconds).
Test Case '-[CommerceKitTests.CommerceKitTests testListenerPersistsVerifiedRefundAndFinishesTransaction]' started.
Test Case '-[CommerceKitTests.CommerceKitTests testListenerPersistsVerifiedRefundAndFinishesTransaction]' passed (0.004 seconds).
Test Case '-[CommerceKitTests.CommerceKitTests testPartialDenialSealRevokesInMemoryAndRemainsUnfinishedForRedelivery]' started.
Test Case '-[CommerceKitTests.CommerceKitTests testPartialDenialSealRevokesInMemoryAndRemainsUnfinishedForRedelivery]' passed (0.004 seconds).
Test Case '-[CommerceKitTests.CommerceKitTests testPendingAndCancelledPurchaseNeverMutateEntitlement]' started.
Test Case '-[CommerceKitTests.CommerceKitTests testPendingAndCancelledPurchaseNeverMutateEntitlement]' passed (0.000 seconds).
Test Case '-[CommerceKitTests.CommerceKitTests testProductMustExistAndBeTheLaunchNonConsumable]' started.
Test Case '-[CommerceKitTests.CommerceKitTests testProductMustExistAndBeTheLaunchNonConsumable]' passed (0.000 seconds).
Test Case '-[CommerceKitTests.CommerceKitTests testRestoreSyncsThenRefreshesAndSyncFailureKeepsCache]' started.
Test Case '-[CommerceKitTests.CommerceKitTests testRestoreSyncsThenRefreshesAndSyncFailureKeepsCache]' passed (0.000 seconds).
Test Case '-[CommerceKitTests.CommerceKitTests testSnapshotTamperingOrWrongIntegrityKeyFailsClosed]' started.
Test Case '-[CommerceKitTests.CommerceKitTests testSnapshotTamperingOrWrongIntegrityKeyFailsClosed]' passed (0.001 seconds).
Test Case '-[CommerceKitTests.CommerceKitTests testStaleActiveUpdateCannotUndoDurableRevocation]' started.
Test Case '-[CommerceKitTests.CommerceKitTests testStaleActiveUpdateCannotUndoDurableRevocation]' passed (0.000 seconds).
Test Case '-[CommerceKitTests.CommerceKitTests testSuccessfulEmptyCurrentEntitlementsRemovesCachedOwnership]' started.
Test Case '-[CommerceKitTests.CommerceKitTests testSuccessfulEmptyCurrentEntitlementsRemovesCachedOwnership]' passed (0.001 seconds).
Test Case '-[CommerceKitTests.CommerceKitTests testUnverifiedPurchaseCannotUnlockOrFinish]' started.
Test Case '-[CommerceKitTests.CommerceKitTests testUnverifiedPurchaseCannotUnlockOrFinish]' passed (0.000 seconds).
Test Case '-[CommerceKitTests.CommerceKitTests testUnverifiedRefreshRetainsValidCachedOwnership]' started.
Test Case '-[CommerceKitTests.CommerceKitTests testUnverifiedRefreshRetainsValidCachedOwnership]' passed (0.000 seconds).
Test Case '-[CommerceKitTests.CommerceKitTests testValidatedProductDetailsPreserveStoreDisplayPrice]' started.
Test Case '-[CommerceKitTests.CommerceKitTests testValidatedProductDetailsPreserveStoreDisplayPrice]' passed (0.000 seconds).
Test Case '-[CommerceKitTests.CommerceKitTests testVerifiedPurchasePersistsBeforeFinishAndRestoresOffline]' started.
Test Case '-[CommerceKitTests.CommerceKitTests testVerifiedPurchasePersistsBeforeFinishAndRestoresOffline]' passed (0.001 seconds).
Test Suite 'CommerceKitTests' passed at 2026-07-27 19:59:12.543.
	 Executed 18 tests, with 0 failures (0 unexpected) in 0.023 (0.024) seconds
Test Suite 'ContentDeliveryTests' started at 2026-07-27 19:59:12.543.
Test Case '-[ContentDeliveryTests.ContentDeliveryTests testActivationAfterRollbackRetainsTheRolledBackGenerationAsPredecessor]' started.
Test Case '-[ContentDeliveryTests.ContentDeliveryTests testActivationAfterRollbackRetainsTheRolledBackGenerationAsPredecessor]' passed (0.008 seconds).
Test Case '-[ContentDeliveryTests.ContentDeliveryTests testActivationRejectsDifferentBytesUnderTheSamePackageVersion]' started.
Test Case '-[ContentDeliveryTests.ContentDeliveryTests testActivationRejectsDifferentBytesUnderTheSamePackageVersion]' passed (0.003 seconds).
Test Case '-[ContentDeliveryTests.ContentDeliveryTests testColdStartAndExplicitReconciliationRemoveOnlyOwnedDirectOrphans]' started.
Test Case '-[ContentDeliveryTests.ContentDeliveryTests testColdStartAndExplicitReconciliationRemoveOnlyOwnedDirectOrphans]' passed (0.004 seconds).
Test Case '-[ContentDeliveryTests.ContentDeliveryTests testCommittedActivationSurvivesPostCommitMaintenanceFailure]' started.
Test Case '-[ContentDeliveryTests.ContentDeliveryTests testCommittedActivationSurvivesPostCommitMaintenanceFailure]' passed (0.006 seconds).
Test Case '-[ContentDeliveryTests.ContentDeliveryTests testDeactivatedGenerationStillBlocksSameVersionDifferentBytes]' started.
Test Case '-[ContentDeliveryTests.ContentDeliveryTests testDeactivatedGenerationStillBlocksSameVersionDifferentBytes]' passed (0.003 seconds).
Test Case '-[ContentDeliveryTests.ContentDeliveryTests testDeactivatedHigherVersionStillBlocksNormalRegression]' started.
Test Case '-[ContentDeliveryTests.ContentDeliveryTests testDeactivatedHigherVersionStillBlocksNormalRegression]' passed (0.004 seconds).
Test Case '-[ContentDeliveryTests.ContentDeliveryTests testDirectoriesOutsideManagedStagingAndSymlinksAreRejected]' started.
Test Case '-[ContentDeliveryTests.ContentDeliveryTests testDirectoriesOutsideManagedStagingAndSymlinksAreRejected]' passed (0.001 seconds).
Test Case '-[ContentDeliveryTests.ContentDeliveryTests testDivergentCurrentSlotsForbidColdAndExplicitDeletion]' started.
Test Case '-[ContentDeliveryTests.ContentDeliveryTests testDivergentCurrentSlotsForbidColdAndExplicitDeletion]' passed (0.005 seconds).
Test Case '-[ContentDeliveryTests.ContentDeliveryTests testFutureInstalledIndexAuthorityBlocksFallbackAndActivationWithoutOverwrite]' started.
Test Case '-[ContentDeliveryTests.ContentDeliveryTests testFutureInstalledIndexAuthorityBlocksFallbackAndActivationWithoutOverwrite]' passed (0.003 seconds).
Test Case '-[ContentDeliveryTests.ContentDeliveryTests testNewestCorruptIndexSlotRecoversFromMirroredCompactState]' started.
Test Case '-[ContentDeliveryTests.ContentDeliveryTests testNewestCorruptIndexSlotRecoversFromMirroredCompactState]' passed (0.005 seconds).
Test Case '-[ContentDeliveryTests.ContentDeliveryTests testNormalActivationCannotRegressTheActivePackageVersion]' started.
Test Case '-[ContentDeliveryTests.ContentDeliveryTests testNormalActivationCannotRegressTheActivePackageVersion]' passed (0.002 seconds).
Test Case '-[ContentDeliveryTests.ContentDeliveryTests testRetainedAuthorityExposesRollbackWhenActiveDirectoryIsMissing]' started.
Test Case '-[ContentDeliveryTests.ContentDeliveryTests testRetainedAuthorityExposesRollbackWhenActiveDirectoryIsMissing]' passed (0.006 seconds).
Test Case '-[ContentDeliveryTests.ContentDeliveryTests testRetainedAuthorityRejectsActiveGenerationSymbolicLink]' started.
Test Case '-[ContentDeliveryTests.ContentDeliveryTests testRetainedAuthorityRejectsActiveGenerationSymbolicLink]' passed (0.002 seconds).
Test Case '-[ContentDeliveryTests.ContentDeliveryTests testRollbackChangesOnlyAtomicIndexPointerAndRetainsBothImmutableGenerations]' started.
Test Case '-[ContentDeliveryTests.ContentDeliveryTests testRollbackChangesOnlyAtomicIndexPointerAndRetainsBothImmutableGenerations]' passed (0.005 seconds).
Test Case '-[ContentDeliveryTests.ContentDeliveryTests testThreeActivationsRetainOnlyActiveAndImmediatePredecessorInBothSlots]' started.
Test Case '-[ContentDeliveryTests.ContentDeliveryTests testThreeActivationsRetainOnlyActiveAndImmediatePredecessorInBothSlots]' passed (0.008 seconds).
Test Case '-[ContentDeliveryTests.ContentDeliveryTests testVerificationFailureLeavesExistingGenerationActiveAndStagingUnpublished]' started.
Test Case '-[ContentDeliveryTests.ContentDeliveryTests testVerificationFailureLeavesExistingGenerationActiveAndStagingUnpublished]' passed (0.004 seconds).
Test Case '-[ContentDeliveryTests.ContentDeliveryTests testVerifiedStagingBecomesActiveOnlyAfterIndexCommit]' started.
Test Case '-[ContentDeliveryTests.ContentDeliveryTests testVerifiedStagingBecomesActiveOnlyAfterIndexCommit]' passed (0.002 seconds).
Test Suite 'ContentDeliveryTests' passed at 2026-07-27 19:59:12.616.
	 Executed 17 tests, with 0 failures (0 unexpected) in 0.072 (0.073) seconds
Test Suite 'ContentKitTests' started at 2026-07-27 19:59:12.616.
Test Case '-[ContentKitTests.ContentKitTests testAllocateRejectsDegenerateAndInvisibleTransferControlPoints]' started.
Test Case '-[ContentKitTests.ContentKitTests testAllocateRejectsDegenerateAndInvisibleTransferControlPoints]' passed (0.001 seconds).
Test Case '-[ContentKitTests.ContentKitTests testAllocateRejectsResourceDestinationOverlapAlongRail]' started.
Test Case '-[ContentKitTests.ContentKitTests testAllocateRejectsResourceDestinationOverlapAlongRail]' passed (0.000 seconds).
Test Case '-[ContentKitTests.ContentKitTests testAllocateRejectsWindDrivenTransferGeometry]' started.
Test Case '-[ContentKitTests.ContentKitTests testAllocateRejectsWindDrivenTransferGeometry]' passed (0.000 seconds).
Test Case '-[ContentKitTests.ContentKitTests testAllocateVisualBindingRejectsResourceThresholdThatDoesNotEndAtTotal]' started.
Test Case '-[ContentKitTests.ContentKitTests testAllocateVisualBindingRejectsResourceThresholdThatDoesNotEndAtTotal]' passed (0.000 seconds).
Test Case '-[ContentKitTests.ContentKitTests testAllocateVisualBindingRejectsUnknownDestinationVariantAndTarget]' started.
Test Case '-[ContentKitTests.ContentKitTests testAllocateVisualBindingRejectsUnknownDestinationVariantAndTarget]' passed (0.001 seconds).
Test Case '-[ContentKitTests.ContentKitTests testAllocateVisualBindingRejectsWrongInteractionAndDestinationSet]' started.
Test Case '-[ContentKitTests.ContentKitTests testAllocateVisualBindingRejectsWrongInteractionAndDestinationSet]' passed (0.001 seconds).
Test Case '-[ContentKitTests.ContentKitTests testAllocateVisualBindingValidatesAgainstTheExactInteraction]' started.
Test Case '-[ContentKitTests.ContentKitTests testAllocateVisualBindingValidatesAgainstTheExactInteraction]' passed (0.000 seconds).
Test Case '-[ContentKitTests.ContentKitTests testAppShellIsLocalizationReadyWhileLaunchRemainsEnglish]' started.
Test Case '-[ContentKitTests.ContentKitTests testAppShellIsLocalizationReadyWhileLaunchRemainsEnglish]' passed (0.002 seconds).
Test Case '-[ContentKitTests.ContentKitTests testAppShellRejectsConflictingCopyForOneStableLocalizedID]' started.
Test Case '-[ContentKitTests.ContentKitTests testAppShellRejectsConflictingCopyForOneStableLocalizedID]' passed (0.000 seconds).
Test Case '-[ContentKitTests.ContentKitTests testAssemblyRejectsCyclicPrerequisites]' started.
Test Case '-[ContentKitTests.ContentKitTests testAssemblyRejectsCyclicPrerequisites]' passed (0.000 seconds).
Test Case '-[ContentKitTests.ContentKitTests testCanonicalPackageRoundTripsThroughTheRuntimeDecoder]' started.
Test Case '-[ContentKitTests.ContentKitTests testCanonicalPackageRoundTripsThroughTheRuntimeDecoder]' passed (0.003 seconds).
Test Case '-[ContentKitTests.ContentKitTests testCompleteLaunchManifestMatchesGeneratedCatalogAndDeliveryPlan]' started.
Test Case '-[ContentKitTests.ContentKitTests testCompleteLaunchManifestMatchesGeneratedCatalogAndDeliveryPlan]' passed (0.001 seconds).
Test Case '-[ContentKitTests.ContentKitTests testDocumentaryBeatCanOwnAWorldEffectWithoutTurningItIntoPlay]' started.
Test Case '-[ContentKitTests.ContentKitTests testDocumentaryBeatCanOwnAWorldEffectWithoutTurningItIntoPlay]' passed (0.001 seconds).
Test Case '-[ContentKitTests.ContentKitTests testEveryInteractionVisualBindingHasAStableWireCase]' started.
Test Case '-[ContentKitTests.ContentKitTests testEveryInteractionVisualBindingHasAStableWireCase]' passed (0.000 seconds).
Test Case '-[ContentKitTests.ContentKitTests testHapticWireVocabularyIsSemanticAndClosed]' started.
Test Case '-[ContentKitTests.ContentKitTests testHapticWireVocabularyIsSemanticAndClosed]' passed (0.000 seconds).
Test Case '-[ContentKitTests.ContentKitTests testInteractionRequiresPermanentConsequences]' started.
Test Case '-[ContentKitTests.ContentKitTests testInteractionRequiresPermanentConsequences]' passed (0.000 seconds).
Test Case '-[ContentKitTests.ContentKitTests testLegacySingleTargetAssembleBindingDecodesButCannotBeReencoded]' started.
Test Case '-[ContentKitTests.ContentKitTests testLegacySingleTargetAssembleBindingDecodesButCannotBeReencoded]' passed (0.000 seconds).
Test Case '-[ContentKitTests.ContentKitTests testManifestDigestMatchesTheCrossRuntimeGoldenVector]' started.
Test Case '-[ContentKitTests.ContentKitTests testManifestDigestMatchesTheCrossRuntimeGoldenVector]' passed (0.000 seconds).
Test Case '-[ContentKitTests.ContentKitTests testManifestUsesStableFreeIDsAndValidates]' started.
Test Case '-[ContentKitTests.ContentKitTests testManifestUsesStableFreeIDsAndValidates]' passed (0.000 seconds).
Test Case '-[ContentKitTests.ContentKitTests testNarrationCueRejectsHashScopeAndOrphanDrift]' started.
Test Case '-[ContentKitTests.ContentKitTests testNarrationCueRejectsHashScopeAndOrphanDrift]' passed (0.003 seconds).
Test Case '-[ContentKitTests.ContentKitTests testPackageRequiresInteractiveSceneTargetAndMatchingAccessibilityPath]' started.
Test Case '-[ContentKitTests.ContentKitTests testPackageRequiresInteractiveSceneTargetAndMatchingAccessibilityPath]' passed (0.003 seconds).
Test Case '-[ContentKitTests.ContentKitTests testPressureRejectsAnUnreachableStableRange]' started.
Test Case '-[ContentKitTests.ContentKitTests testPressureRejectsAnUnreachableStableRange]' passed (0.000 seconds).
Test Case '-[ContentKitTests.ContentKitTests testProductionSceneContractValidates]' started.
Test Case '-[ContentKitTests.ContentKitTests testProductionSceneContractValidates]' passed (0.000 seconds).
Test Case '-[ContentKitTests.ContentKitTests testPublicAudioGainAndInteractionLoopFrameBoundsFailClosed]' started.
Test Case '-[ContentKitTests.ContentKitTests testPublicAudioGainAndInteractionLoopFrameBoundsFailClosed]' passed (0.001 seconds).
Test Case '-[ContentKitTests.ContentKitTests testReduceMotionStrataCannotOmitAStatefulLayer]' started.
Test Case '-[ContentKitTests.ContentKitTests testReduceMotionStrataCannotOmitAStatefulLayer]' passed (0.000 seconds).
Test Case '-[ContentKitTests.ContentKitTests testResponsiveAudioExitPolicyUsesTheConsequenceSampleDomain]' started.
Test Case '-[ContentKitTests.ContentKitTests testResponsiveAudioExitPolicyUsesTheConsequenceSampleDomain]' passed (0.001 seconds).
Test Case '-[ContentKitTests.ContentKitTests testRuntimeAdmissionDefersLargeAssetDigestButFullActivationDoesNot]' started.
Test Case '-[ContentKitTests.ContentKitTests testRuntimeAdmissionDefersLargeAssetDigestButFullActivationDoesNot]' passed (0.008 seconds).
Test Case '-[ContentKitTests.ContentKitTests testRuntimeAdmissionRejectsExactTreeAndDeclaredSizeDrift]' started.
Test Case '-[ContentKitTests.ContentKitTests testRuntimeAdmissionRejectsExactTreeAndDeclaredSizeDrift]' passed (0.008 seconds).
Test Case '-[ContentKitTests.ContentKitTests testRuntimeAdmissionRejectsSignedManifestAndPayloadDrift]' started.
Test Case '-[ContentKitTests.ContentKitTests testRuntimeAdmissionRejectsSignedManifestAndPayloadDrift]' passed (0.008 seconds).
Test Case '-[ContentKitTests.ContentKitTests testSceneHitTargetsRemainVisibleAndFortyFourPointsInEveryCrop]' started.
Test Case '-[ContentKitTests.ContentKitTests testSceneHitTargetsRemainVisibleAndFortyFourPointsInEveryCrop]' passed (0.000 seconds).
Test Case '-[ContentKitTests.ContentKitTests testSceneRejectsDuplicateCameraProgressAndInvalidAtmosphere]' started.
Test Case '-[ContentKitTests.ContentKitTests testSceneRejectsDuplicateCameraProgressAndInvalidAtmosphere]' passed (0.000 seconds).
Test Case '-[ContentKitTests.ContentKitTests testSceneRejectsInvalidRectsCropAspectAndLayerValues]' started.
Test Case '-[ContentKitTests.ContentKitTests testSceneRejectsInvalidRectsCropAspectAndLayerValues]' passed (0.000 seconds).
Test Case '-[ContentKitTests.ContentKitTests testSceneRejectsRemoteAssets]' started.
Test Case '-[ContentKitTests.ContentKitTests testSceneRejectsRemoteAssets]' passed (0.000 seconds).
Test Case '-[ContentKitTests.ContentKitTests testSceneRejectsTargetOutsideItsBoundLayer]' started.
Test Case '-[ContentKitTests.ContentKitTests testSceneRejectsTargetOutsideItsBoundLayer]' passed (0.000 seconds).
Test Case '-[ContentKitTests.ContentKitTests testSceneRejectsTargetOverlapAndCameraSourceEscape]' started.
Test Case '-[ContentKitTests.ContentKitTests testSceneRejectsTargetOverlapAndCameraSourceEscape]' passed (0.000 seconds).
Test Case '-[ContentKitTests.ContentKitTests testSceneRejectsTargetsThatCrossBetweenCameraAnchors]' started.
Test Case '-[ContentKitTests.ContentKitTests testSceneRejectsTargetsThatCrossBetweenCameraAnchors]' passed (0.000 seconds).
Test Case '-[ContentKitTests.ContentKitTests testSceneRejectsTargetThatClipsBetweenCameraAnchors]' started.
Test Case '-[ContentKitTests.ContentKitTests testSceneRejectsTargetThatClipsBetweenCameraAnchors]' passed (0.000 seconds).
Test Case '-[ContentKitTests.ContentKitTests testSceneRejectsUnsafeNestedAssetsAndReusedReduceMotionLayer]' started.
Test Case '-[ContentKitTests.ContentKitTests testSceneRejectsUnsafeNestedAssetsAndReusedReduceMotionLayer]' passed (0.000 seconds).
Test Case '-[ContentKitTests.ContentKitTests testSceneRequiresPortraitCanvasBaselineCropAndAuthoredOverscan]' started.
Test Case '-[ContentKitTests.ContentKitTests testSceneRequiresPortraitCanvasBaselineCropAndAuthoredOverscan]' passed (0.000 seconds).
Test Case '-[ContentKitTests.ContentKitTests testShippingAllocateRequiresAnExactRuntimeVisualBinding]' started.
Test Case '-[ContentKitTests.ContentKitTests testShippingAllocateRequiresAnExactRuntimeVisualBinding]' passed (0.003 seconds).
Test Case '-[ContentKitTests.ContentKitTests testShippingChapterSchemaContainsNoResearchApparatus]' started.
Test Case '-[ContentKitTests.ContentKitTests testShippingChapterSchemaContainsNoResearchApparatus]' passed (0.001 seconds).
Test Case '-[ContentKitTests.ContentKitTests testShippingEveryGrammarRequiresItsExactRuntimeVisualBinding]' started.
Test Case '-[ContentKitTests.ContentKitTests testShippingEveryGrammarRequiresItsExactRuntimeVisualBinding]' passed (0.004 seconds).
Test Case '-[ContentKitTests.ContentKitTests testSignedPackageRejectsTamperedContentAndMetadata]' started.
Test Case '-[ContentKitTests.ContentKitTests testSignedPackageRejectsTamperedContentAndMetadata]' passed (0.002 seconds).
Test Case '-[ContentKitTests.ContentKitTests testSignedPackageVerifiesAgainstCompilerWireContract]' started.
Test Case '-[ContentKitTests.ContentKitTests testSignedPackageVerifiesAgainstCompilerWireContract]' passed (0.005 seconds).
Test Case '-[ContentKitTests.ContentKitTests testTraceAnchorLimitBoundsDeferredTransportMemory]' started.
Test Case '-[ContentKitTests.ContentKitTests testTraceAnchorLimitBoundsDeferredTransportMemory]' passed (0.000 seconds).
Test Suite 'ContentKitTests' passed at 2026-07-27 19:59:12.678.
	 Executed 45 tests, with 0 failures (0 unexpected) in 0.060 (0.062) seconds
Test Suite 'ContentRepositoryTests' started at 2026-07-27 19:59:12.678.
Test Case '-[JourneyContentTests.ContentRepositoryTests testCanonicalPackagesAreRevalidatedAndIndexedInLaunchOrder]' started.
Test Case '-[JourneyContentTests.ContentRepositoryTests testCanonicalPackagesAreRevalidatedAndIndexedInLaunchOrder]' passed (0.008 seconds).
Test Case '-[JourneyContentTests.ContentRepositoryTests testEveryGlobalRuntimeIdentifierRejectsCrossPackageCollision]' started.
Test Case '-[JourneyContentTests.ContentRepositoryTests testEveryGlobalRuntimeIdentifierRejectsCrossPackageCollision]' passed (0.032 seconds).
Test Case '-[JourneyContentTests.ContentRepositoryTests testPackagesMustComposeOneDeterministicCumulativeWorld]' started.
Test Case '-[JourneyContentTests.ContentRepositoryTests testPackagesMustComposeOneDeterministicCumulativeWorld]' passed (0.007 seconds).
Test Case '-[JourneyContentTests.ContentRepositoryTests testProductionTrustDomainsAssembleBundledEssentialAndVerifiedDownloads]' started.
Test Case '-[JourneyContentTests.ContentRepositoryTests testProductionTrustDomainsAssembleBundledEssentialAndVerifiedDownloads]' passed (0.006 seconds).
Test Case '-[JourneyContentTests.ContentRepositoryTests testProductionTrustDomainsCannotShadowOrSubstituteEssentialPackage]' started.
Test Case '-[JourneyContentTests.ContentRepositoryTests testProductionTrustDomainsCannotShadowOrSubstituteEssentialPackage]' passed (0.002 seconds).
Test Case '-[JourneyContentTests.ContentRepositoryTests testRepositoryRejectsChapterSequenceAndCatalogCopyDrift]' started.
Test Case '-[JourneyContentTests.ContentRepositoryTests testRepositoryRejectsChapterSequenceAndCatalogCopyDrift]' passed (0.006 seconds).
Test Case '-[JourneyContentTests.ContentRepositoryTests testRepositoryRejectsPayloadSchemaAndWorldSeedDrift]' started.
Test Case '-[JourneyContentTests.ContentRepositoryTests testRepositoryRejectsPayloadSchemaAndWorldSeedDrift]' passed (0.008 seconds).
Test Case '-[JourneyContentTests.ContentRepositoryTests testRepositoryRejectsUnknownAndDuplicatePackages]' started.
Test Case '-[JourneyContentTests.ContentRepositoryTests testRepositoryRejectsUnknownAndDuplicatePackages]' passed (0.003 seconds).
Test Case '-[JourneyContentTests.ContentRepositoryTests testRepositoryRequiresOneCompleteEssentialPackage]' started.
Test Case '-[JourneyContentTests.ContentRepositoryTests testRepositoryRequiresOneCompleteEssentialPackage]' passed (0.003 seconds).
Test Case '-[JourneyContentTests.ContentRepositoryTests testRepositoryRequiresTheExactGeneratedLaunchManifest]' started.
Test Case '-[JourneyContentTests.ContentRepositoryTests testRepositoryRequiresTheExactGeneratedLaunchManifest]' passed (0.001 seconds).
Test Case '-[JourneyContentTests.ContentRepositoryTests testVerifiedPackageMetadataMustMatchTheCurrentCatalog]' started.
Test Case '-[JourneyContentTests.ContentRepositoryTests testVerifiedPackageMetadataMustMatchTheCurrentCatalog]' passed (0.006 seconds).
Test Case '-[JourneyContentTests.ContentRepositoryTests testVerifiedPackagesUseTheSameFailClosedIndexBoundary]' started.
Test Case '-[JourneyContentTests.ContentRepositoryTests testVerifiedPackagesUseTheSameFailClosedIndexBoundary]' passed (0.003 seconds).
Test Suite 'ContentRepositoryTests' passed at 2026-07-27 19:59:12.766.
	 Executed 12 tests, with 0 failures (0 unexpected) in 0.088 (0.088) seconds
Test Suite 'ContinentRemadeResponsiveAudioWorkObjectTests' started at 2026-07-27 19:59:12.766.
Test Case '-[DramaticAudioTests.ContinentRemadeResponsiveAudioWorkObjectTests testContinentRemadeHapticsAndNarrationStayFailClosed]' started.
Test Case '-[DramaticAudioTests.ContinentRemadeResponsiveAudioWorkObjectTests testContinentRemadeHapticsAndNarrationStayFailClosed]' passed (0.001 seconds).
Test Case '-[DramaticAudioTests.ContinentRemadeResponsiveAudioWorkObjectTests testProvisionalContinentRemadeWorkObjectRunsThroughTheResponsiveRuntime]' started.
Test Case '-[DramaticAudioTests.ContinentRemadeResponsiveAudioWorkObjectTests testProvisionalContinentRemadeWorkObjectRunsThroughTheResponsiveRuntime]' passed (0.003 seconds).
Test Suite 'ContinentRemadeResponsiveAudioWorkObjectTests' passed at 2026-07-27 19:59:12.770.
	 Executed 2 tests, with 0 failures (0 unexpected) in 0.004 (0.004) seconds
Test Suite 'DevelopmentFirstFarmersRepositoryTests' started at 2026-07-27 19:59:12.770.
Test Case '-[JourneyContentTests.DevelopmentFirstFarmersRepositoryTests testDevelopmentPayloadCannotEnterTheProductionRepository]' started.
Test Case '-[JourneyContentTests.DevelopmentFirstFarmersRepositoryTests testDevelopmentPayloadCannotEnterTheProductionRepository]' passed (0.046 seconds).
Test Case '-[JourneyContentTests.DevelopmentFirstFarmersRepositoryTests testDocumentaryAdvanceCommitsTheFirstBeatAndEntersItsExactSuccessor]' started.
Test Case '-[JourneyContentTests.DevelopmentFirstFarmersRepositoryTests testDocumentaryAdvanceCommitsTheFirstBeatAndEntersItsExactSuccessor]' passed (0.029 seconds).
Test Case '-[JourneyContentTests.DevelopmentFirstFarmersRepositoryTests testEnvelopeFailsClosedForMissingAndForgedInputs]' started.
Test Case '-[JourneyContentTests.DevelopmentFirstFarmersRepositoryTests testEnvelopeFailsClosedForMissingAndForgedInputs]' passed (0.001 seconds).
Test Case '-[JourneyContentTests.DevelopmentFirstFarmersRepositoryTests testEnvelopeSeedsTheExactFirstBeatWithoutInventingLaunchContent]' started.
Test Case '-[JourneyContentTests.DevelopmentFirstFarmersRepositoryTests testEnvelopeSeedsTheExactFirstBeatWithoutInventingLaunchContent]' passed (0.027 seconds).
Test Case '-[JourneyContentTests.DevelopmentFirstFarmersRepositoryTests testSaveRoundTripResumesTheSameCausalPointWithoutResettingLocalAnchors]' started.
Test Case '-[JourneyContentTests.DevelopmentFirstFarmersRepositoryTests testSaveRoundTripResumesTheSameCausalPointWithoutResettingLocalAnchors]' passed (0.028 seconds).
Test Suite 'DevelopmentFirstFarmersRepositoryTests' passed at 2026-07-27 19:59:12.902.
	 Executed 5 tests, with 0 failures (0 unexpected) in 0.131 (0.132) seconds
Test Suite 'DocumentaryBeatCompletionTests' started at 2026-07-27 19:59:12.902.
Test Case '-[JourneyContentTests.DocumentaryBeatCompletionTests testCoordinatorRejectsRestoredCompletionWithoutItsWorldConsequence]' started.
Test Case '-[JourneyContentTests.DocumentaryBeatCompletionTests testCoordinatorRejectsRestoredCompletionWithoutItsWorldConsequence]' passed (0.004 seconds).
Test Case '-[JourneyContentTests.DocumentaryBeatCompletionTests testDecodedPayloadTamperingCannotForgeContentAuthority]' started.
Test Case '-[JourneyContentTests.DocumentaryBeatCompletionTests testDecodedPayloadTamperingCannotForgeContentAuthority]' passed (0.004 seconds).
Test Case '-[JourneyContentTests.DocumentaryBeatCompletionTests testDocumentaryCarrierCannotCompleteAnInteractionBeat]' started.
Test Case '-[JourneyContentTests.DocumentaryBeatCompletionTests testDocumentaryCarrierCannotCompleteAnInteractionBeat]' passed (0.004 seconds).
Test Case '-[JourneyContentTests.DocumentaryBeatCompletionTests testDocumentaryCompletionMarksBeatAndAppliesAuthoredWorldEffectInOneEvent]' started.
Test Case '-[JourneyContentTests.DocumentaryBeatCompletionTests testDocumentaryCompletionMarksBeatAndAppliesAuthoredWorldEffectInOneEvent]' passed (0.004 seconds).
Test Case '-[JourneyContentTests.DocumentaryBeatCompletionTests testDuplicateDocumentaryCompletionIsRejectedWithoutRepeatingItsConsequence]' started.
Test Case '-[JourneyContentTests.DocumentaryBeatCompletionTests testDuplicateDocumentaryCompletionIsRejectedWithoutRepeatingItsConsequence]' passed (0.004 seconds).
Test Case '-[JourneyContentTests.DocumentaryBeatCompletionTests testLegacySnapshotCanBeReboundOnlyToTheRepositoryExactCompletionContract]' started.
Test Case '-[JourneyContentTests.DocumentaryBeatCompletionTests testLegacySnapshotCanBeReboundOnlyToTheRepositoryExactCompletionContract]' passed (0.004 seconds).
Test Case '-[JourneyContentTests.DocumentaryBeatCompletionTests testSnapshotRestoreAndJournalReplayPreserveTheSameCompletedCausalPoint]' started.
Test Case '-[JourneyContentTests.DocumentaryBeatCompletionTests testSnapshotRestoreAndJournalReplayPreserveTheSameCompletedCausalPoint]' passed (0.004 seconds).
Test Case '-[JourneyContentTests.DocumentaryBeatCompletionTests testWrongBeatOrderEffectSetAndVersionAllFailClosed]' started.
Test Case '-[JourneyContentTests.DocumentaryBeatCompletionTests testWrongBeatOrderEffectSetAndVersionAllFailClosed]' passed (0.004 seconds).
Test Suite 'DocumentaryBeatCompletionTests' passed at 2026-07-27 19:59:12.934.
	 Executed 8 tests, with 0 failures (0 unexpected) in 0.031 (0.032) seconds
Test Suite 'DownloadControllerTests' started at 2026-07-27 19:59:12.934.
Test Case '-[ContentDeliveryTests.DownloadControllerTests testBootstrapDerivesExactCanonicalPaidPlanAndStorageBudget]' started.
Test Case '-[ContentDeliveryTests.DownloadControllerTests testBootstrapDerivesExactCanonicalPaidPlanAndStorageBudget]' passed (0.005 seconds).
Test Case '-[ContentDeliveryTests.DownloadControllerTests testBootstrapWithEveryCurrentPaidPackageHasNoPendingWork]' started.
Test Case '-[ContentDeliveryTests.DownloadControllerTests testBootstrapWithEveryCurrentPaidPackageHasNoPendingWork]' passed (0.002 seconds).
Test Case '-[ContentDeliveryTests.DownloadControllerTests testColdFailedJournalRestoresStickyHeadAndRetryDoesNotRecheckNetwork]' started.
Test Case '-[ContentDeliveryTests.DownloadControllerTests testColdFailedJournalRestoresStickyHeadAndRetryDoesNotRecheckNetwork]' passed (0.004 seconds).
Test Case '-[ContentDeliveryTests.DownloadControllerTests testColdPausedJournalRemainsPausedUntilExplicitResume]' started.
Test Case '-[ContentDeliveryTests.DownloadControllerTests testColdPausedJournalRemainsPausedUntilExplicitResume]' passed (0.003 seconds).
Test Case '-[ContentDeliveryTests.DownloadControllerTests testColdRunningJournalRequiresExplicitResumeEvenWhenNetworkIsOffline]' started.
Test Case '-[ContentDeliveryTests.DownloadControllerTests testColdRunningJournalRequiresExplicitResumeEvenWhenNetworkIsOffline]' passed (0.004 seconds).
Test Case '-[ContentDeliveryTests.DownloadControllerTests testConcurrentBootstrapCallsShareOneRestoreFlight]' started.
Test Case '-[ContentDeliveryTests.DownloadControllerTests testConcurrentBootstrapCallsShareOneRestoreFlight]' passed (0.001 seconds).
Test Case '-[ContentDeliveryTests.DownloadControllerTests testConcurrentNewRequestsCannotBypassAlreadyRunningInstaller]' started.
Test Case '-[ContentDeliveryTests.DownloadControllerTests testConcurrentNewRequestsCannotBypassAlreadyRunningInstaller]' passed (0.007 seconds).
Test Case '-[ContentDeliveryTests.DownloadControllerTests testCurrentPreferencesAndLowDataContextAreReadImmediatelyBeforeExplicitStart]' started.
Test Case '-[ContentDeliveryTests.DownloadControllerTests testCurrentPreferencesAndLowDataContextAreReadImmediatelyBeforeExplicitStart]' passed (0.010 seconds).
Test Case '-[ContentDeliveryTests.DownloadControllerTests testDownloadAllUsesCanonicalOrderThenRefreshesToAnEmptyPlan]' started.
Test Case '-[ContentDeliveryTests.DownloadControllerTests testDownloadAllUsesCanonicalOrderThenRefreshesToAnEmptyPlan]' passed (0.007 seconds).
Test Case '-[ContentDeliveryTests.DownloadControllerTests testExplicitSingleStartsOnlyTheSelectedPendingPaidPackageAndRefreshesPlan]' started.
Test Case '-[ContentDeliveryTests.DownloadControllerTests testExplicitSingleStartsOnlyTheSelectedPendingPaidPackageAndRefreshesPlan]' passed (0.003 seconds).
Test Case '-[ContentDeliveryTests.DownloadControllerTests testIndexMutationDuringAwaitPreventsRedundantStart]' started.
Test Case '-[ContentDeliveryTests.DownloadControllerTests testIndexMutationDuringAwaitPreventsRedundantStart]' passed (0.002 seconds).
Test Case '-[ContentDeliveryTests.DownloadControllerTests testInstallerAndSystemTransferStreamsFormOneControllerSnapshot]' started.
Test Case '-[ContentDeliveryTests.DownloadControllerTests testInstallerAndSystemTransferStreamsFormOneControllerSnapshot]' passed (0.002 seconds).
Test Case '-[ContentDeliveryTests.DownloadControllerTests testLegacyJournalSpecsMigrateByPackageIDAndStillRequireExplicitResume]' started.
Test Case '-[ContentDeliveryTests.DownloadControllerTests testLegacyJournalSpecsMigrateByPackageIDAndStillRequireExplicitResume]' passed (0.004 seconds).
Test Case '-[ContentDeliveryTests.DownloadControllerTests testMisorderedJournalSurfacesStaleStateWithoutRewritingIntent]' started.
Test Case '-[ContentDeliveryTests.DownloadControllerTests testMisorderedJournalSurfacesStaleStateWithoutRewritingIntent]' passed (0.001 seconds).
Test Case '-[ContentDeliveryTests.DownloadControllerTests testNewerActivePackageIsProtectedAndExcludedFromEveryDownloadRequest]' started.
Test Case '-[ContentDeliveryTests.DownloadControllerTests testNewerActivePackageIsProtectedAndExcludedFromEveryDownloadRequest]' passed (0.006 seconds).
Test Case '-[ContentDeliveryTests.DownloadControllerTests testNextPackageAndTerminalSnapshotCannotRetainPriorTransferProgress]' started.
Test Case '-[ContentDeliveryTests.DownloadControllerTests testNextPackageAndTerminalSnapshotCannotRetainPriorTransferProgress]' passed (0.007 seconds).
Test Case '-[ContentDeliveryTests.DownloadControllerTests testOfflineCellularAndExpensiveBlocksHaveNoQueueSideEffect]' started.
Test Case '-[ContentDeliveryTests.DownloadControllerTests testOfflineCellularAndExpensiveBlocksHaveNoQueueSideEffect]' passed (0.007 seconds).
Test Case '-[ContentDeliveryTests.DownloadControllerTests testOlderActivePackageIsExposedAsAnUpdateAndInstallsTheExpectedVersion]' started.
Test Case '-[ContentDeliveryTests.DownloadControllerTests testOlderActivePackageIsExposedAsAnUpdateAndInstallsTheExpectedVersion]' passed (0.002 seconds).
Test Case '-[ContentDeliveryTests.DownloadControllerTests testOlderRefreshCannotOverwriteNewerInstalledIndexResult]' started.
Test Case '-[ContentDeliveryTests.DownloadControllerTests testOlderRefreshCannotOverwriteNewerInstalledIndexResult]' passed (0.004 seconds).
Test Case '-[ContentDeliveryTests.DownloadControllerTests testPauseFinishesCurrentPackageAndResumeIgnoresNewRequestNetworkPolicy]' started.
Test Case '-[ContentDeliveryTests.DownloadControllerTests testPauseFinishesCurrentPackageAndResumeIgnoresNewRequestNetworkPolicy]' passed (0.008 seconds).
Test Case '-[ContentDeliveryTests.DownloadControllerTests testPreferenceMutationDuringAwaitIsObservedBeforeNetworkAndBlocksStart]' started.
Test Case '-[ContentDeliveryTests.DownloadControllerTests testPreferenceMutationDuringAwaitIsObservedBeforeNetworkAndBlocksStart]' passed (0.003 seconds).
Test Case '-[ContentDeliveryTests.DownloadControllerTests testRemoveFailedDropsOnlyQueueHeadThenPlanKeepsItPending]' started.
Test Case '-[ContentDeliveryTests.DownloadControllerTests testRemoveFailedDropsOnlyQueueHeadThenPlanKeepsItPending]' passed (0.007 seconds).
Test Case '-[ContentDeliveryTests.DownloadControllerTests testRequestsBeforeBootstrapFailWithoutReadingPolicyInputs]' started.
Test Case '-[ContentDeliveryTests.DownloadControllerTests testRequestsBeforeBootstrapFailWithoutReadingPolicyInputs]' passed (0.000 seconds).
Test Case '-[ContentDeliveryTests.DownloadControllerTests testSingleIDNoOperationsAreExplicitAndNeverCreateAQueue]' started.
Test Case '-[ContentDeliveryTests.DownloadControllerTests testSingleIDNoOperationsAreExplicitAndNeverCreateAQueue]' passed (0.002 seconds).
Test Case '-[ContentDeliveryTests.DownloadControllerTests testSingleRequestRereadsAnIndexThatChangedAfterBootstrap]' started.
Test Case '-[ContentDeliveryTests.DownloadControllerTests testSingleRequestRereadsAnIndexThatChangedAfterBootstrap]' passed (0.002 seconds).
Test Case '-[ContentDeliveryTests.DownloadControllerTests testStickyFailureRefreshesPlanAndRetryUsesExistingQueue]' started.
Test Case '-[ContentDeliveryTests.DownloadControllerTests testStickyFailureRefreshesPlanAndRetryUsesExistingQueue]' passed (0.008 seconds).
Test Case '-[ContentDeliveryTests.DownloadControllerTests testTerminalRefreshFailureIsMachineReadableAndClearsAfterFreshSuccess]' started.
Test Case '-[ContentDeliveryTests.DownloadControllerTests testTerminalRefreshFailureIsMachineReadableAndClearsAfterFreshSuccess]' passed (0.003 seconds).
Test Case '-[ContentDeliveryTests.DownloadControllerTests testUnknownOrRemovedJournalPackageSurfacesStaleStateWithoutStarting]' started.
Test Case '-[ContentDeliveryTests.DownloadControllerTests testUnknownOrRemovedJournalPackageSurfacesStaleStateWithoutStarting]' passed (0.005 seconds).
Test Suite 'DownloadControllerTests' passed at 2026-07-27 19:59:13.054.
	 Executed 28 tests, with 0 failures (0 unexpected) in 0.119 (0.120) seconds
Test Suite 'DownloadInitiationPolicyTests' started at 2026-07-27 19:59:13.054.
Test Case '-[ContentDeliveryTests.DownloadInitiationPolicyTests testEveryAudioAndHapticPreferenceCombinationLeavesDeliveryUnchanged]' started.
Test Case '-[ContentDeliveryTests.DownloadInitiationPolicyTests testEveryAudioAndHapticPreferenceCombinationLeavesDeliveryUnchanged]' passed (0.001 seconds).
Test Case '-[ContentDeliveryTests.DownloadInitiationPolicyTests testEveryNetworkIntentAndDownloadPreferenceCombination]' started.
Test Case '-[ContentDeliveryTests.DownloadInitiationPolicyTests testEveryNetworkIntentAndDownloadPreferenceCombination]' passed (0.000 seconds).
Test Case '-[ContentDeliveryTests.DownloadInitiationPolicyTests testNetworkChangeDeclinesOnlyANewRequestAndCannotExpressTransferCancellation]' started.
Test Case '-[ContentDeliveryTests.DownloadInitiationPolicyTests testNetworkChangeDeclinesOnlyANewRequestAndCannotExpressTransferCancellation]' passed (0.000 seconds).
Test Suite 'DownloadInitiationPolicyTests' passed at 2026-07-27 19:59:13.055.
	 Executed 3 tests, with 0 failures (0 unexpected) in 0.001 (0.001) seconds
Test Suite 'DownloadNetworkMonitorTests' started at 2026-07-27 19:59:13.055.
Test Case '-[ContentDeliveryTests.DownloadNetworkMonitorTests testProviderDoesNotRetainItselfThroughTheMonitorCallback]' started.
Test Case '-[ContentDeliveryTests.DownloadNetworkMonitorTests testProviderDoesNotRetainItselfThroughTheMonitorCallback]' passed (0.000 seconds).
Test Case '-[ContentDeliveryTests.DownloadNetworkMonitorTests testProviderIsUnknownBeforeFirstPathAndReturnsToUnknownWhenStopped]' started.
Test Case '-[ContentDeliveryTests.DownloadNetworkMonitorTests testProviderIsUnknownBeforeFirstPathAndReturnsToUnknownWhenStopped]' passed (0.000 seconds).
Test Case '-[ContentDeliveryTests.DownloadNetworkMonitorTests testStatusAndInterfaceMappingUsesConservativeDeterministicPriority]' started.
Test Case '-[ContentDeliveryTests.DownloadNetworkMonitorTests testStatusAndInterfaceMappingUsesConservativeDeterministicPriority]' passed (0.000 seconds).
Test Suite 'DownloadNetworkMonitorTests' passed at 2026-07-27 19:59:13.056.
	 Executed 3 tests, with 0 failures (0 unexpected) in 0.000 (0.000) seconds
Test Suite 'DownloadPresentationProjectionTests' started at 2026-07-27 19:59:13.056.
Test Case '-[ContentDeliveryTests.DownloadPresentationProjectionTests testAwaitingBootstrapIsAnExactFailClosedProjection]' started.
Test Case '-[ContentDeliveryTests.DownloadPresentationProjectionTests testAwaitingBootstrapIsAnExactFailClosedProjection]' passed (0.001 seconds).
Test Case '-[ContentDeliveryTests.DownloadPresentationProjectionTests testEssentialIndexEntryMayBePresentButNeverBecomesDownloadable]' started.
Test Case '-[ContentDeliveryTests.DownloadPresentationProjectionTests testEssentialIndexEntryMayBePresentButNeverBecomesDownloadable]' passed (0.001 seconds).
Test Case '-[ContentDeliveryTests.DownloadPresentationProjectionTests testEveryAppleSystemTransferStateIsPreservedWithoutChangingQueueCommands]' started.
Test Case '-[ContentDeliveryTests.DownloadPresentationProjectionTests testEveryAppleSystemTransferStateIsPreservedWithoutChangingQueueCommands]' passed (0.005 seconds).
Test Case '-[ContentDeliveryTests.DownloadPresentationProjectionTests testEveryApplicationQueueStateIsPreservedExactlyAndMapsOnlyItsCommands]' started.
Test Case '-[ContentDeliveryTests.DownloadPresentationProjectionTests testEveryApplicationQueueStateIsPreservedExactlyAndMapsOnlyItsCommands]' passed (0.005 seconds).
Test Case '-[ContentDeliveryTests.DownloadPresentationProjectionTests testFutureQueueSchemaRequiresAppUpdateAndCannotBeDiscarded]' started.
Test Case '-[ContentDeliveryTests.DownloadPresentationProjectionTests testFutureQueueSchemaRequiresAppUpdateAndCannotBeDiscarded]' passed (0.001 seconds).
Test Case '-[ContentDeliveryTests.DownloadPresentationProjectionTests testMalformedApplicationQueueStatesAreRejected]' started.
Test Case '-[ContentDeliveryTests.DownloadPresentationProjectionTests testMalformedApplicationQueueStatesAreRejected]' passed (0.006 seconds).
Test Case '-[ContentDeliveryTests.DownloadPresentationProjectionTests testMalformedAwaitingBootstrapSnapshotsAreRejected]' started.
Test Case '-[ContentDeliveryTests.DownloadPresentationProjectionTests testMalformedAwaitingBootstrapSnapshotsAreRejected]' passed (0.001 seconds).
Test Case '-[ContentDeliveryTests.DownloadPresentationProjectionTests testMalformedOutdatedPackagesAreRejected]' started.
Test Case '-[ContentDeliveryTests.DownloadPresentationProjectionTests testMalformedOutdatedPackagesAreRejected]' passed (0.001 seconds).
Test Case '-[ContentDeliveryTests.DownloadPresentationProjectionTests testMalformedProtectedNewerPackagesAreRejected]' started.
Test Case '-[ContentDeliveryTests.DownloadPresentationProjectionTests testMalformedProtectedNewerPackagesAreRejected]' passed (0.001 seconds).
Test Case '-[ContentDeliveryTests.DownloadPresentationProjectionTests testNonIdleSystemTransferRequiresMatchingInstallingOrPausingQueue]' started.
Test Case '-[ContentDeliveryTests.DownloadPresentationProjectionTests testNonIdleSystemTransferRequiresMatchingInstallingOrPausingQueue]' passed (0.003 seconds).
Test Case '-[ContentDeliveryTests.DownloadPresentationProjectionTests testNoPendingPackagesExposeNoNewRequestCommands]' started.
Test Case '-[ContentDeliveryTests.DownloadPresentationProjectionTests testNoPendingPackagesExposeNoNewRequestCommands]' passed (0.001 seconds).
Test Case '-[ContentDeliveryTests.DownloadPresentationProjectionTests testOnlyInstalledPresentationStatesCanReachVerifiedRuntimeOpening]' started.
Test Case '-[ContentDeliveryTests.DownloadPresentationProjectionTests testOnlyInstalledPresentationStatesCanReachVerifiedRuntimeOpening]' passed (0.000 seconds).
Test Case '-[ContentDeliveryTests.DownloadPresentationProjectionTests testOutdatedPackageIsPresentedAsAnUpdateAndRemainsRequestable]' started.
Test Case '-[ContentDeliveryTests.DownloadPresentationProjectionTests testOutdatedPackageIsPresentedAsAnUpdateAndRemainsRequestable]' passed (0.001 seconds).
Test Case '-[ContentDeliveryTests.DownloadPresentationProjectionTests testPaidInstalledPendingAndProtectedIDsMustBeAnExactDisjointPartition]' started.
Test Case '-[ContentDeliveryTests.DownloadPresentationProjectionTests testPaidInstalledPendingAndProtectedIDsMustBeAnExactDisjointPartition]' passed (0.001 seconds).
Test Case '-[ContentDeliveryTests.DownloadPresentationProjectionTests testPausingQueueMayRetainExactAppleTransferObservation]' started.
Test Case '-[ContentDeliveryTests.DownloadPresentationProjectionTests testPausingQueueMayRetainExactAppleTransferObservation]' passed (0.001 seconds).
Test Case '-[ContentDeliveryTests.DownloadPresentationProjectionTests testProtectedNewerPackageRequiresAppUpdateAndCannotBeRequested]' started.
Test Case '-[ContentDeliveryTests.DownloadPresentationProjectionTests testProtectedNewerPackageRequiresAppUpdateAndCannotBeRequested]' passed (0.001 seconds).
Test Case '-[ContentDeliveryTests.DownloadPresentationProjectionTests testQueueReferencingProtectedNewerPackageCannotResumeOrBeDiscarded]' started.
Test Case '-[ContentDeliveryTests.DownloadPresentationProjectionTests testQueueReferencingProtectedNewerPackageCannotResumeOrBeDiscarded]' passed (0.001 seconds).
Test Case '-[ContentDeliveryTests.DownloadPresentationProjectionTests testRefreshFailurePreservesMachineStateButSuppressesNewRequestsFromStalePlan]' started.
Test Case '-[ContentDeliveryTests.DownloadPresentationProjectionTests testRefreshFailurePreservesMachineStateButSuppressesNewRequestsFromStalePlan]' passed (0.001 seconds).
Test Case '-[ContentDeliveryTests.DownloadPresentationProjectionTests testRemainingMaximumInstalledBytesMustEqualCanonicalPendingCeilings]' started.
Test Case '-[ContentDeliveryTests.DownloadPresentationProjectionTests testRemainingMaximumInstalledBytesMustEqualCanonicalPendingCeilings]' passed (0.001 seconds).
Test Case '-[ContentDeliveryTests.DownloadPresentationProjectionTests testRowsUseCanonicalPackageAndLocalisableChapterMetadata]' started.
Test Case '-[ContentDeliveryTests.DownloadPresentationProjectionTests testRowsUseCanonicalPackageAndLocalisableChapterMetadata]' passed (0.001 seconds).
Test Case '-[ContentDeliveryTests.DownloadPresentationProjectionTests testSystemProgressCountsRemainOpaqueExactTelemetry]' started.
Test Case '-[ContentDeliveryTests.DownloadPresentationProjectionTests testSystemProgressCountsRemainOpaqueExactTelemetry]' passed (0.001 seconds).
Test Case '-[ContentDeliveryTests.DownloadPresentationProjectionTests testUnknownDuplicateAndReorderedInstalledIDsAreRejected]' started.
Test Case '-[ContentDeliveryTests.DownloadPresentationProjectionTests testUnknownDuplicateAndReorderedInstalledIDsAreRejected]' passed (0.002 seconds).
Test Case '-[ContentDeliveryTests.DownloadPresentationProjectionTests testUnknownDuplicateReorderedAndEssentialPendingIDsAreRejected]' started.
Test Case '-[ContentDeliveryTests.DownloadPresentationProjectionTests testUnknownDuplicateReorderedAndEssentialPendingIDsAreRejected]' passed (0.002 seconds).
Test Suite 'DownloadPresentationProjectionTests' passed at 2026-07-27 19:59:13.093.
	 Executed 23 tests, with 0 failures (0 unexpected) in 0.036 (0.037) seconds
Test Suite 'DownloadRequestInitiatorTests' started at 2026-07-27 19:59:13.093.
Test Case '-[ContentDeliveryTests.DownloadRequestInitiatorTests testBlockedRequestsHaveNoStartSideEffect]' started.
Test Case '-[ContentDeliveryTests.DownloadRequestInitiatorTests testBlockedRequestsHaveNoStartSideEffect]' passed (0.000 seconds).
Test Case '-[ContentDeliveryTests.DownloadRequestInitiatorTests testConcurrentAttemptsStillExposePackageBatchInstallerAlreadyRunning]' started.
Test Case '-[ContentDeliveryTests.DownloadRequestInitiatorTests testConcurrentAttemptsStillExposePackageBatchInstallerAlreadyRunning]' passed (0.000 seconds).
Test Case '-[ContentDeliveryTests.DownloadRequestInitiatorTests testCurrentPreferencesAndLatestNetworkBasisAreReadForEveryCall]' started.
Test Case '-[ContentDeliveryTests.DownloadRequestInitiatorTests testCurrentPreferencesAndLatestNetworkBasisAreReadForEveryCall]' passed (0.000 seconds).
Test Case '-[ContentDeliveryTests.DownloadRequestInitiatorTests testLowDataModeBlocksOnlyAutomaticDeepDiveInitiation]' started.
Test Case '-[ContentDeliveryTests.DownloadRequestInitiatorTests testLowDataModeBlocksOnlyAutomaticDeepDiveInitiation]' passed (0.000 seconds).
Test Case '-[ContentDeliveryTests.DownloadRequestInitiatorTests testStartFailurePropagatesInsteadOfBecomingAPolicyBlock]' started.
Test Case '-[ContentDeliveryTests.DownloadRequestInitiatorTests testStartFailurePropagatesInsteadOfBecomingAPolicyBlock]' passed (0.000 seconds).
Test Suite 'DownloadRequestInitiatorTests' passed at 2026-07-27 19:59:13.094.
	 Executed 5 tests, with 0 failures (0 unexpected) in 0.001 (0.001) seconds
Test Suite 'DurableCommitBoundaryLatchTests' started at 2026-07-27 19:59:13.094.
Test Case '-[JourneyContentTests.DurableCommitBoundaryLatchTests testDurableRouteSwapsExactlyOnceEvenIfLaterWorkFails]' started.
Test Case '-[JourneyContentTests.DurableCommitBoundaryLatchTests testDurableRouteSwapsExactlyOnceEvenIfLaterWorkFails]' passed (0.000 seconds).
Test Case '-[JourneyContentTests.DurableCommitBoundaryLatchTests testFailedFinalAudioActionNeverSwapsRouteAuthority]' started.
Test Case '-[JourneyContentTests.DurableCommitBoundaryLatchTests testFailedFinalAudioActionNeverSwapsRouteAuthority]' passed (0.000 seconds).
Test Case '-[JourneyContentTests.DurableCommitBoundaryLatchTests testFailedRouteActionAfterDurableAudioKeepsOldAuthority]' started.
Test Case '-[JourneyContentTests.DurableCommitBoundaryLatchTests testFailedRouteActionAfterDurableAudioKeepsOldAuthority]' passed (0.000 seconds).
Test Suite 'DurableCommitBoundaryLatchTests' passed at 2026-07-27 19:59:13.094.
	 Executed 3 tests, with 0 failures (0 unexpected) in 0.000 (0.000) seconds
Test Suite 'ExperienceAudioRoutingPolicyTests' started at 2026-07-27 19:59:13.094.
Test Case '-[DramaticAudioTests.ExperienceAudioRoutingPolicyTests testDownloadPreferencesCannotChangeDramaticRouting]' started.
Test Case '-[DramaticAudioTests.ExperienceAudioRoutingPolicyTests testDownloadPreferencesCannotChangeDramaticRouting]' passed (0.000 seconds).
Test Case '-[DramaticAudioTests.ExperienceAudioRoutingPolicyTests testEachPreferenceControlsOnlyItsAuthoredOutputBoundary]' started.
Test Case '-[DramaticAudioTests.ExperienceAudioRoutingPolicyTests testEachPreferenceControlsOnlyItsAuthoredOutputBoundary]' passed (0.000 seconds).
Test Case '-[DramaticAudioTests.ExperienceAudioRoutingPolicyTests testEveryPreferenceCombinationLeavesTimelineTimingAndAuthoredEventsIntact]' started.
Test Case '-[DramaticAudioTests.ExperienceAudioRoutingPolicyTests testEveryPreferenceCombinationLeavesTimelineTimingAndAuthoredEventsIntact]' passed (0.000 seconds).
Test Case '-[DramaticAudioTests.ExperienceAudioRoutingPolicyTests testMutedRolesUseZeroMixerVolumeWhileSilenceHasNoMixer]' started.
Test Case '-[DramaticAudioTests.ExperienceAudioRoutingPolicyTests testMutedRolesUseZeroMixerVolumeWhileSilenceHasNoMixer]' passed (0.000 seconds).
Test Case '-[DramaticAudioTests.ExperienceAudioRoutingPolicyTests testSampleAccurateGainKernelCarriesOneRampAcrossUnequalRenderQuanta]' started.
Test Case '-[DramaticAudioTests.ExperienceAudioRoutingPolicyTests testSampleAccurateGainKernelCarriesOneRampAcrossUnequalRenderQuanta]' passed (0.001 seconds).
Test Case '-[DramaticAudioTests.ExperienceAudioRoutingPolicyTests testSampleAccurateGainKernelHardGateOwnsBoundaryAndFollowingSamples]' started.
Test Case '-[DramaticAudioTests.ExperienceAudioRoutingPolicyTests testSampleAccurateGainKernelHardGateOwnsBoundaryAndFollowingSamples]' passed (0.000 seconds).
Test Case '-[DramaticAudioTests.ExperienceAudioRoutingPolicyTests testStandardPreferencesRouteEveryAuthoredRoleAndBothHapticPaths]' started.
Test Case '-[DramaticAudioTests.ExperienceAudioRoutingPolicyTests testStandardPreferencesRouteEveryAuthoredRoleAndBothHapticPaths]' passed (0.000 seconds).
Test Suite 'ExperienceAudioRoutingPolicyTests' passed at 2026-07-27 19:59:13.096.
	 Executed 7 tests, with 0 failures (0 unexpected) in 0.001 (0.002) seconds
Test Suite 'ExperiencePreferencesTests' started at 2026-07-27 19:59:13.096.
Test Case '-[ExperiencePreferencesTests.ExperiencePreferencesTests testAutoplayPolicyInStoredJSONIsRejectedAndPreservedAsCorruption]' started.
Test Case '-[ExperiencePreferencesTests.ExperiencePreferencesTests testAutoplayPolicyInStoredJSONIsRejectedAndPreservedAsCorruption]' passed (0.001 seconds).
Test Case '-[ExperiencePreferencesTests.ExperiencePreferencesTests testConcurrentSavesRemainACompleteDecodableDocument]' started.
Test Case '-[ExperiencePreferencesTests.ExperiencePreferencesTests testConcurrentSavesRemainACompleteDecodableDocument]' passed (0.009 seconds).
Test Case '-[ExperiencePreferencesTests.ExperiencePreferencesTests testCorruptFileIsPreservedByteForByteBeforeDefaultsReplaceIt]' started.
Test Case '-[ExperiencePreferencesTests.ExperiencePreferencesTests testCorruptFileIsPreservedByteForByteBeforeDefaultsReplaceIt]' passed (0.001 seconds).
Test Case '-[ExperiencePreferencesTests.ExperiencePreferencesTests testDefaultWriteFailureKeepsCorruptionAndItsPreservedCopy]' started.
Test Case '-[ExperiencePreferencesTests.ExperiencePreferencesTests testDefaultWriteFailureKeepsCorruptionAndItsPreservedCopy]' passed (0.001 seconds).
Test Case '-[ExperiencePreferencesTests.ExperiencePreferencesTests testDocumentHasNoAutoplayOrDuplicatedSystemAccessibilityChoices]' started.
Test Case '-[ExperiencePreferencesTests.ExperiencePreferencesTests testDocumentHasNoAutoplayOrDuplicatedSystemAccessibilityChoices]' passed (0.000 seconds).
Test Case '-[ExperiencePreferencesTests.ExperiencePreferencesTests testFailedAtomicReplacementLeavesPriorValidDocumentUntouched]' started.
Test Case '-[ExperiencePreferencesTests.ExperiencePreferencesTests testFailedAtomicReplacementLeavesPriorValidDocumentUntouched]' passed (0.001 seconds).
Test Case '-[ExperiencePreferencesTests.ExperiencePreferencesTests testFailedMigrationLeavesVersionZeroDocumentUntouched]' started.
Test Case '-[ExperiencePreferencesTests.ExperiencePreferencesTests testFailedMigrationLeavesVersionZeroDocumentUntouched]' passed (0.000 seconds).
Test Case '-[ExperiencePreferencesTests.ExperiencePreferencesTests testFutureSchemaReturnsSafeDefaultsPreservesBytesAndLeavesCanonicalUntouched]' started.
Test Case '-[ExperiencePreferencesTests.ExperiencePreferencesTests testFutureSchemaReturnsSafeDefaultsPreservesBytesAndLeavesCanonicalUntouched]' passed (0.001 seconds).
Test Case '-[ExperiencePreferencesTests.ExperiencePreferencesTests testMissingFileReturnsDefaultsWithoutCreatingState]' started.
Test Case '-[ExperiencePreferencesTests.ExperiencePreferencesTests testMissingFileReturnsDefaultsWithoutCreatingState]' passed (0.000 seconds).
Test Case '-[ExperiencePreferencesTests.ExperiencePreferencesTests testPreservationCollisionStopsRecoveryWithoutChangingEitherFile]' started.
Test Case '-[ExperiencePreferencesTests.ExperiencePreferencesTests testPreservationCollisionStopsRecoveryWithoutChangingEitherFile]' passed (0.001 seconds).
Test Case '-[ExperiencePreferencesTests.ExperiencePreferencesTests testPreservationFailureNeverReplacesCorruptCanonicalFile]' started.
Test Case '-[ExperiencePreferencesTests.ExperiencePreferencesTests testPreservationFailureNeverReplacesCorruptCanonicalFile]' passed (0.001 seconds).
Test Case '-[ExperiencePreferencesTests.ExperiencePreferencesTests testReloadingSupportedCanonicalDocumentClearsFutureWriteBlock]' started.
Test Case '-[ExperiencePreferencesTests.ExperiencePreferencesTests testReloadingSupportedCanonicalDocumentClearsFutureWriteBlock]' passed (0.001 seconds).
Test Case '-[ExperiencePreferencesTests.ExperiencePreferencesTests testRepeatedFutureLoadsReuseOneIdenticalPreservedCopy]' started.
Test Case '-[ExperiencePreferencesTests.ExperiencePreferencesTests testRepeatedFutureLoadsReuseOneIdenticalPreservedCopy]' passed (0.001 seconds).
Test Case '-[ExperiencePreferencesTests.ExperiencePreferencesTests testSaveAndLoadRoundTripEveryChoice]' started.
Test Case '-[ExperiencePreferencesTests.ExperiencePreferencesTests testSaveAndLoadRoundTripEveryChoice]' passed (0.000 seconds).
Test Case '-[ExperiencePreferencesTests.ExperiencePreferencesTests testSaveDetectsFutureSchemaWithoutPriorLoad]' started.
Test Case '-[ExperiencePreferencesTests.ExperiencePreferencesTests testSaveDetectsFutureSchemaWithoutPriorLoad]' passed (0.001 seconds).
Test Case '-[ExperiencePreferencesTests.ExperiencePreferencesTests testSaveOverCorruptCanonicalPreservesItBeforeWritingRequestedState]' started.
Test Case '-[ExperiencePreferencesTests.ExperiencePreferencesTests testSaveOverCorruptCanonicalPreservesItBeforeWritingRequestedState]' passed (0.001 seconds).
Test Case '-[ExperiencePreferencesTests.ExperiencePreferencesTests testStableDefaultsRequireExplicitNarrationPlayback]' started.
Test Case '-[ExperiencePreferencesTests.ExperiencePreferencesTests testStableDefaultsRequireExplicitNarrationPlayback]' passed (0.000 seconds).
Test Case '-[ExperiencePreferencesTests.ExperiencePreferencesTests testUnsupportedModelCannotBeSaved]' started.
Test Case '-[ExperiencePreferencesTests.ExperiencePreferencesTests testUnsupportedModelCannotBeSaved]' passed (0.000 seconds).
Test Case '-[ExperiencePreferencesTests.ExperiencePreferencesTests testVersionZeroMigratesAtomicallyAndDefaultsNewDownloadChoiceOff]' started.
Test Case '-[ExperiencePreferencesTests.ExperiencePreferencesTests testVersionZeroMigratesAtomicallyAndDefaultsNewDownloadChoiceOff]' passed (0.001 seconds).
Test Suite 'ExperiencePreferencesTests' passed at 2026-07-27 19:59:13.117.
	 Executed 19 tests, with 0 failures (0 unexpected) in 0.021 (0.022) seconds
Test Suite 'FirstFarmersDraftProjectionTests' started at 2026-07-27 19:59:13.117.
Test Case '-[JourneyContentTests.FirstFarmersDraftProjectionTests testGeneratedChapterIsAValidDeterministicNonShippingDomainProjection]' started.
Test Case '-[JourneyContentTests.FirstFarmersDraftProjectionTests testGeneratedChapterIsAValidDeterministicNonShippingDomainProjection]' passed (0.002 seconds).
Test Case '-[JourneyContentTests.FirstFarmersDraftProjectionTests testGeneratedPublicDomainProjectionContainsNoBackstageApparatus]' started.
Test Case '-[JourneyContentTests.FirstFarmersDraftProjectionTests testGeneratedPublicDomainProjectionContainsNoBackstageApparatus]' passed (0.005 seconds).
Test Case '-[JourneyContentTests.FirstFarmersDraftProjectionTests testHarvestProjectionPreservesMinimumObligationsAndThreeFreeShares]' started.
Test Case '-[JourneyContentTests.FirstFarmersDraftProjectionTests testHarvestProjectionPreservesMinimumObligationsAndThreeFreeShares]' passed (0.000 seconds).
Test Suite 'FirstFarmersDraftProjectionTests' passed at 2026-07-27 19:59:13.124.
	 Executed 3 tests, with 0 failures (0 unexpected) in 0.007 (0.007) seconds
Test Suite 'FirstFarmersFullTraversalTests' started at 2026-07-27 19:59:13.124.
Test Case '-[JourneyContentTests.FirstFarmersFullTraversalTests testAllSeventeenBeatsAndSixInteractionsReachOneDeterministicFinalState]' started.
Test Case '-[JourneyContentTests.FirstFarmersFullTraversalTests testAllSeventeenBeatsAndSixInteractionsReachOneDeterministicFinalState]' passed (0.127 seconds).
Test Case '-[JourneyContentTests.FirstFarmersFullTraversalTests testChapter01ReviewRestoreMatrixCoversEveryBeatBoundaryAndInteractionMidpoint]' started.
Test Case '-[JourneyContentTests.FirstFarmersFullTraversalTests testChapter01ReviewRestoreMatrixCoversEveryBeatBoundaryAndInteractionMidpoint]' passed (0.071 seconds).
Test Case '-[JourneyContentTests.FirstFarmersFullTraversalTests testEveryInteractionEffectAppearsOnlyAtCompletionAndExactlyOnce]' started.
Test Case '-[JourneyContentTests.FirstFarmersFullTraversalTests testEveryInteractionEffectAppearsOnlyAtCompletionAndExactlyOnce]' passed (0.105 seconds).
Test Suite 'FirstFarmersFullTraversalTests' passed at 2026-07-27 19:59:13.428.
	 Executed 3 tests, with 0 failures (0 unexpected) in 0.303 (0.303) seconds
Test Suite 'FirstFarmersPayloadProjectionTests' started at 2026-07-27 19:59:13.428.
Test Case '-[JourneyContentTests.FirstFarmersPayloadProjectionTests testAllSixResponsiveProgramsColdRestoreTheirExactLoopPositionPaused]' started.
Test Case '-[JourneyContentTests.FirstFarmersPayloadProjectionTests testAllSixResponsiveProgramsColdRestoreTheirExactLoopPositionPaused]' passed (0.020 seconds).
Test Case '-[JourneyContentTests.FirstFarmersPayloadProjectionTests testCanonicalDecoderAcceptsCompleteNonShippingFirstFarmersPayload]' started.
Test Case '-[JourneyContentTests.FirstFarmersPayloadProjectionTests testCanonicalDecoderAcceptsCompleteNonShippingFirstFarmersPayload]' passed (0.017 seconds).
Test Case '-[JourneyContentTests.FirstFarmersPayloadProjectionTests testCanonicalDecoderFailsClosedOnMissingVisualBindingAndNarrationHashDrift]' started.
Test Case '-[JourneyContentTests.FirstFarmersPayloadProjectionTests testCanonicalDecoderFailsClosedOnMissingVisualBindingAndNarrationHashDrift]' passed (0.048 seconds).
Test Case '-[JourneyContentTests.FirstFarmersPayloadProjectionTests testCanonicalPayloadContainsNoBackstageOrAcademicLeakage]' started.
Test Case '-[JourneyContentTests.FirstFarmersPayloadProjectionTests testCanonicalPayloadContainsNoBackstageOrAcademicLeakage]' passed (0.125 seconds).
Test Case '-[JourneyContentTests.FirstFarmersPayloadProjectionTests testContinentRemadeResponsiveAudioReplacesItsPlaceholderProjection]' started.
Test Case '-[JourneyContentTests.FirstFarmersPayloadProjectionTests testContinentRemadeResponsiveAudioReplacesItsPlaceholderProjection]' passed (0.017 seconds).
Test Case '-[JourneyContentTests.FirstFarmersPayloadProjectionTests testEveryBeatBindsOneSceneAccessibilitySpecAndItsExactNarrationScope]' started.
Test Case '-[JourneyContentTests.FirstFarmersPayloadProjectionTests testEveryBeatBindsOneSceneAccessibilitySpecAndItsExactNarrationScope]' passed (0.016 seconds).
Test Case '-[JourneyContentTests.FirstFarmersPayloadProjectionTests testHarvestSceneKeepsThePhaseOneContractBeforeTheSharedWorldReviewRebind]' started.
Test Case '-[JourneyContentTests.FirstFarmersPayloadProjectionTests testHarvestSceneKeepsThePhaseOneContractBeforeTheSharedWorldReviewRebind]' passed (0.004 seconds).
Test Case '-[JourneyContentTests.FirstFarmersPayloadProjectionTests testHouseholdCrossesResponsiveAudioReplacesItsPlaceholderProjection]' started.
Test Case '-[JourneyContentTests.FirstFarmersPayloadProjectionTests testHouseholdCrossesResponsiveAudioReplacesItsPlaceholderProjection]' passed (0.017 seconds).
Test Case '-[JourneyContentTests.FirstFarmersPayloadProjectionTests testHouseholdTraceCarriesNamedReachableLatchedStages]' started.
Test Case '-[JourneyContentTests.FirstFarmersPayloadProjectionTests testHouseholdTraceCarriesNamedReachableLatchedStages]' passed (0.015 seconds).
Test Case '-[JourneyContentTests.FirstFarmersPayloadProjectionTests testMoreMouthsResponsiveAudioReplacesItsPlaceholderProjection]' started.
Test Case '-[JourneyContentTests.FirstFarmersPayloadProjectionTests testMoreMouthsResponsiveAudioReplacesItsPlaceholderProjection]' passed (0.016 seconds).
Test Case '-[JourneyContentTests.FirstFarmersPayloadProjectionTests testThreeRecordsProjectsItsProvisionalAuthoredProgramWithoutShippingApproval]' started.
Test Case '-[JourneyContentTests.FirstFarmersPayloadProjectionTests testThreeRecordsProjectsItsProvisionalAuthoredProgramWithoutShippingApproval]' passed (0.017 seconds).
Test Suite 'FirstFarmersPayloadProjectionTests' passed at 2026-07-27 19:59:13.741.
	 Executed 11 tests, with 0 failures (0 unexpected) in 0.312 (0.313) seconds
Test Suite 'FutureReleaseContentRepositoryTests' started at 2026-07-27 19:59:13.741.
Test Case '-[JourneyContentTests.FutureReleaseContentRepositoryTests testFutureReleaseCannotReuseLockedLaunchChapterOrPackageIdentity]' started.
Test Case '-[JourneyContentTests.FutureReleaseContentRepositoryTests testFutureReleaseCannotReuseLockedLaunchChapterOrPackageIdentity]' passed (0.001 seconds).
Test Case '-[JourneyContentTests.FutureReleaseContentRepositoryTests testFutureReleaseRechecksSignedVersionAndRuntimeAgainstRelease]' started.
Test Case '-[JourneyContentTests.FutureReleaseContentRepositoryTests testFutureReleaseRechecksSignedVersionAndRuntimeAgainstRelease]' passed (0.001 seconds).
Test Case '-[JourneyContentTests.FutureReleaseContentRepositoryTests testFutureReleaseRequiresTheCanonicalLivingWorldSeed]' started.
Test Case '-[JourneyContentTests.FutureReleaseContentRepositoryTests testFutureReleaseRequiresTheCanonicalLivingWorldSeed]' passed (0.000 seconds).
Test Case '-[JourneyContentTests.FutureReleaseContentRepositoryTests testFutureReleaseWorldEffectNamespaceRequiresAStableLocalSuffix]' started.
Test Case '-[JourneyContentTests.FutureReleaseContentRepositoryTests testFutureReleaseWorldEffectNamespaceRequiresAStableLocalSuffix]' passed (0.000 seconds).
Test Case '-[JourneyContentTests.FutureReleaseContentRepositoryTests testFutureReleaseWorldEffectsUseTheirGloballyUniqueChapterNamespace]' started.
Test Case '-[JourneyContentTests.FutureReleaseContentRepositoryTests testFutureReleaseWorldEffectsUseTheirGloballyUniqueChapterNamespace]' passed (0.000 seconds).
Test Case '-[JourneyContentTests.FutureReleaseContentRepositoryTests testVerifiedFutureReleaseBecomesAnIsolatedOfflineRepository]' started.
Test Case '-[JourneyContentTests.FutureReleaseContentRepositoryTests testVerifiedFutureReleaseBecomesAnIsolatedOfflineRepository]' passed (0.001 seconds).
Test Suite 'FutureReleaseContentRepositoryTests' passed at 2026-07-27 19:59:13.745.
	 Executed 6 tests, with 0 failures (0 unexpected) in 0.004 (0.005) seconds
Test Suite 'FutureReleaseDownloadControllerTests' started at 2026-07-27 19:59:13.745.
Test Case '-[ReleaseDiscoveryTests.FutureReleaseDownloadControllerTests testAutomaticRequestUsesPreferenceAndLowDataModeGates]' started.
Test Case '-[ReleaseDiscoveryTests.FutureReleaseDownloadControllerTests testAutomaticRequestUsesPreferenceAndLowDataModeGates]' passed (0.007 seconds).
Test Case '-[ReleaseDiscoveryTests.FutureReleaseDownloadControllerTests testBootstrapRejectsInstalledBytesWithoutRetainedContract]' started.
Test Case '-[ReleaseDiscoveryTests.FutureReleaseDownloadControllerTests testBootstrapRejectsInstalledBytesWithoutRetainedContract]' passed (0.001 seconds).
Test Case '-[ReleaseDiscoveryTests.FutureReleaseDownloadControllerTests testColdBootstrapKeepsInstalledWorldEntryAfterCatalogWithdrawal]' started.
Test Case '-[ReleaseDiscoveryTests.FutureReleaseDownloadControllerTests testColdBootstrapKeepsInstalledWorldEntryAfterCatalogWithdrawal]' passed (0.002 seconds).
Test Case '-[ReleaseDiscoveryTests.FutureReleaseDownloadControllerTests testColdBootstrapRestoresQueueFromRetainedContractWithoutCatalog]' started.
Test Case '-[ReleaseDiscoveryTests.FutureReleaseDownloadControllerTests testColdBootstrapRestoresQueueFromRetainedContractWithoutCatalog]' passed (0.004 seconds).
Test Case '-[ReleaseDiscoveryTests.FutureReleaseDownloadControllerTests testExplicitRequestPinsExactContractBeforeStartingInstaller]' started.
Test Case '-[ReleaseDiscoveryTests.FutureReleaseDownloadControllerTests testExplicitRequestPinsExactContractBeforeStartingInstaller]' passed (0.002 seconds).
Test Suite 'FutureReleaseDownloadControllerTests' passed at 2026-07-27 19:59:13.762.
	 Executed 5 tests, with 0 failures (0 unexpected) in 0.017 (0.017) seconds
Test Suite 'FutureReleaseTests' started at 2026-07-27 19:59:13.762.
Test Case '-[ContentKitTests.FutureReleaseTests testFutureReleaseRejectsUnownedContentAndInvalidBudget]' started.
Test Case '-[ContentKitTests.FutureReleaseTests testFutureReleaseRejectsUnownedContentAndInvalidBudget]' passed (0.000 seconds).
Test Case '-[ContentKitTests.FutureReleaseTests testFutureReleaseWireModelRequiresInstalledByteBudgetAndChapterOwnership]' started.
Test Case '-[ContentKitTests.FutureReleaseTests testFutureReleaseWireModelRequiresInstalledByteBudgetAndChapterOwnership]' passed (0.000 seconds).
Test Case '-[ContentKitTests.FutureReleaseTests testTrustedFutureReleaseDerivesExactVerificationPackageSpec]' started.
Test Case '-[ContentKitTests.FutureReleaseTests testTrustedFutureReleaseDerivesExactVerificationPackageSpec]' passed (0.000 seconds).
Test Suite 'FutureReleaseTests' passed at 2026-07-27 19:59:13.763.
	 Executed 3 tests, with 0 failures (0 unexpected) in 0.000 (0.001) seconds
Test Suite 'HarvestAllocationLabTests' started at 2026-07-27 19:59:13.763.
Test Case '-[SceneRuntimeTests.HarvestAllocationLabTests testCheckpointRejectsSpecDriftVersionDriftAndForgedCompletion]' started.
Test Case '-[SceneRuntimeTests.HarvestAllocationLabTests testCheckpointRejectsSpecDriftVersionDriftAndForgedCompletion]' passed (0.001 seconds).
Test Case '-[SceneRuntimeTests.HarvestAllocationLabTests testDraftIsDebugOnlyAndCannotClaimApprovalOrShipping]' started.
Test Case '-[SceneRuntimeTests.HarvestAllocationLabTests testDraftIsDebugOnlyAndCannotClaimApprovalOrShipping]' passed (0.000 seconds).
Test Case '-[SceneRuntimeTests.HarvestAllocationLabTests testEverySurplusDistributionCompletesWithOneSharedHistoricalEffect]' started.
Test Case '-[SceneRuntimeTests.HarvestAllocationLabTests testEverySurplusDistributionCompletesWithOneSharedHistoricalEffect]' passed (0.001 seconds).
Test Case '-[SceneRuntimeTests.HarvestAllocationLabTests testOverdrawAndUnknownDestinationLeaveTheCausalStateUntouched]' started.
Test Case '-[SceneRuntimeTests.HarvestAllocationLabTests testOverdrawAndUnknownDestinationLeaveTheCausalStateUntouched]' passed (0.000 seconds).
Test Case '-[SceneRuntimeTests.HarvestAllocationLabTests testSourceExhaustionWithAnUnmetObligationResistsAndNamesTheDeficit]' started.
Test Case '-[SceneRuntimeTests.HarvestAllocationLabTests testSourceExhaustionWithAnUnmetObligationResistsAndNamesTheDeficit]' passed (0.000 seconds).
Test Case '-[SceneRuntimeTests.HarvestAllocationLabTests testSpecRejectsAHiddenExactAnswerAndMalformedObligations]' started.
Test Case '-[SceneRuntimeTests.HarvestAllocationLabTests testSpecRejectsAHiddenExactAnswerAndMalformedObligations]' passed (0.000 seconds).
Test Case '-[SceneRuntimeTests.HarvestAllocationLabTests testTouchAndVoiceOverUseTheSameReducerAtEveryRestoredStep]' started.
Test Case '-[SceneRuntimeTests.HarvestAllocationLabTests testTouchAndVoiceOverUseTheSameReducerAtEveryRestoredStep]' passed (0.001 seconds).
Test Suite 'HarvestAllocationLabTests' passed at 2026-07-27 19:59:13.766.
	 Executed 7 tests, with 0 failures (0 unexpected) in 0.003 (0.003) seconds
Test Suite 'HarvestResponsiveAudioWorkObjectTests' started at 2026-07-27 19:59:13.766.
Test Case '-[DramaticAudioTests.HarvestResponsiveAudioWorkObjectTests testHapticsAndMissingNarrationRemainFailClosed]' started.
Test Case '-[DramaticAudioTests.HarvestResponsiveAudioWorkObjectTests testHapticsAndMissingNarrationRemainFailClosed]' passed (0.001 seconds).
Test Case '-[DramaticAudioTests.HarvestResponsiveAudioWorkObjectTests testProvisionalHarvestWorkObjectDecodesIntoTheResponsiveRuntimeContract]' started.
Test Case '-[DramaticAudioTests.HarvestResponsiveAudioWorkObjectTests testProvisionalHarvestWorkObjectDecodesIntoTheResponsiveRuntimeContract]' passed (0.001 seconds).
Test Suite 'HarvestResponsiveAudioWorkObjectTests' passed at 2026-07-27 19:59:13.768.
	 Executed 2 tests, with 0 failures (0 unexpected) in 0.001 (0.001) seconds
Test Suite 'HouseholdCrossesResponsiveAudioWorkObjectTests' started at 2026-07-27 19:59:13.768.
Test Case '-[DramaticAudioTests.HouseholdCrossesResponsiveAudioWorkObjectTests testHouseholdCrossesHapticsAndNarrationStayFailClosed]' started.
Test Case '-[DramaticAudioTests.HouseholdCrossesResponsiveAudioWorkObjectTests testHouseholdCrossesHapticsAndNarrationStayFailClosed]' passed (0.001 seconds).
Test Case '-[DramaticAudioTests.HouseholdCrossesResponsiveAudioWorkObjectTests testProvisionalHouseholdCrossesWorkObjectRunsThroughTheResponsiveRuntime]' started.
Test Case '-[DramaticAudioTests.HouseholdCrossesResponsiveAudioWorkObjectTests testProvisionalHouseholdCrossesWorkObjectRunsThroughTheResponsiveRuntime]' passed (0.001 seconds).
Test Suite 'HouseholdCrossesResponsiveAudioWorkObjectTests' passed at 2026-07-27 19:59:13.769.
	 Executed 2 tests, with 0 failures (0 unexpected) in 0.002 (0.002) seconds
Test Suite 'JourneyAccessibilityTests' started at 2026-07-27 19:59:13.769.
Test Case '-[JourneyAccessibilityTests.JourneyAccessibilityTests testAuthoredTraceActionDrivesTheSameReducerAndReturnsTheSameEffect]' started.
Test Case '-[JourneyAccessibilityTests.JourneyAccessibilityTests testAuthoredTraceActionDrivesTheSameReducerAndReturnsTheSameEffect]' passed (0.000 seconds).
Test Case '-[JourneyAccessibilityTests.JourneyAccessibilityTests testEveryGrammarCompletesItsAuthoredVoiceOverPathWithExactConsequenceParity]' started.
Test Case '-[JourneyAccessibilityTests.JourneyAccessibilityTests testEveryGrammarCompletesItsAuthoredVoiceOverPathWithExactConsequenceParity]' passed (0.001 seconds).
Test Case '-[JourneyAccessibilityTests.JourneyAccessibilityTests testModelKeepsBlockedAuthoredAssemblyActionOperableThroughReducerResistance]' started.
Test Case '-[JourneyAccessibilityTests.JourneyAccessibilityTests testModelKeepsBlockedAuthoredAssemblyActionOperableThroughReducerResistance]' passed (0.000 seconds).
Test Case '-[JourneyAccessibilityTests.JourneyAccessibilityTests testRejectsPressureControlsWhoseDiscretePathCannotReachTheAuthoredRange]' started.
Test Case '-[JourneyAccessibilityTests.JourneyAccessibilityTests testRejectsPressureControlsWhoseDiscretePathCannotReachTheAuthoredRange]' passed (0.000 seconds).
Test Case '-[JourneyAccessibilityTests.JourneyAccessibilityTests testRejectsUnauthoredAndUnboundSemanticActions]' started.
Test Case '-[JourneyAccessibilityTests.JourneyAccessibilityTests testRejectsUnauthoredAndUnboundSemanticActions]' passed (0.000 seconds).
Test Case '-[JourneyAccessibilityTests.JourneyAccessibilityTests testTransformValueTracksTheCurrentStageAfterThreshold]' started.
Test Case '-[JourneyAccessibilityTests.JourneyAccessibilityTests testTransformValueTracksTheCurrentStageAfterThreshold]' passed (0.000 seconds).
Test Suite 'JourneyAccessibilityTests' passed at 2026-07-27 19:59:13.772.
	 Executed 6 tests, with 0 failures (0 unexpected) in 0.003 (0.003) seconds
Test Suite 'JourneyAudioRouteChangeSuspensionPolicyTests' started at 2026-07-27 19:59:13.772.
Test Case '-[JourneyContentTests.JourneyAudioRouteChangeSuspensionPolicyTests testCurrentOutputBecomingUnavailableSuspends]' started.
Test Case '-[JourneyContentTests.JourneyAudioRouteChangeSuspensionPolicyTests testCurrentOutputBecomingUnavailableSuspends]' passed (0.000 seconds).
Test Case '-[JourneyContentTests.JourneyAudioRouteChangeSuspensionPolicyTests testEveryOtherDeliveredOrUnknownChangeSuspends]' started.
Test Case '-[JourneyContentTests.JourneyAudioRouteChangeSuspensionPolicyTests testEveryOtherDeliveredOrUnknownChangeSuspends]' passed (0.000 seconds).
Test Case '-[JourneyContentTests.JourneyAudioRouteChangeSuspensionPolicyTests testEveryOwnedAudioPhaseRequiresRouteSuspension]' started.
Test Case '-[JourneyContentTests.JourneyAudioRouteChangeSuspensionPolicyTests testEveryOwnedAudioPhaseRequiresRouteSuspension]' passed (0.000 seconds).
Test Case '-[JourneyContentTests.JourneyAudioRouteChangeSuspensionPolicyTests testNoSuitableOutputForCategorySuspends]' started.
Test Case '-[JourneyContentTests.JourneyAudioRouteChangeSuspensionPolicyTests testNoSuitableOutputForCategorySuspends]' passed (0.000 seconds).
Test Case '-[JourneyContentTests.JourneyAudioRouteChangeSuspensionPolicyTests testOnlyTransportCategorySetupIsSuppressed]' started.
Test Case '-[JourneyContentTests.JourneyAudioRouteChangeSuspensionPolicyTests testOnlyTransportCategorySetupIsSuppressed]' passed (0.000 seconds).
Test Case '-[JourneyContentTests.JourneyAudioRouteChangeSuspensionPolicyTests testSilentReadingDoesNotAcquireAFalseRouteSuspension]' started.
Test Case '-[JourneyContentTests.JourneyAudioRouteChangeSuspensionPolicyTests testSilentReadingDoesNotAcquireAFalseRouteSuspension]' passed (0.000 seconds).
Test Suite 'JourneyAudioRouteChangeSuspensionPolicyTests' passed at 2026-07-27 19:59:13.773.
	 Executed 6 tests, with 0 failures (0 unexpected) in 0.000 (0.001) seconds
Test Suite 'JourneyDomainTests' started at 2026-07-27 19:59:13.773.
Test Case '-[JourneyDomainTests.JourneyDomainTests testCompletedInteractionRejectsRepeatedActionForEveryGrammarWithoutMutation]' started.
Test Case '-[JourneyDomainTests.JourneyDomainTests testCompletedInteractionRejectsRepeatedActionForEveryGrammarWithoutMutation]' passed (0.001 seconds).
Test Case '-[JourneyDomainTests.JourneyDomainTests testEveryInteractionGrammarCompletesWithItsAuthoredConsequence]' started.
Test Case '-[JourneyDomainTests.JourneyDomainTests testEveryInteractionGrammarCompletesWithItsAuthoredConsequence]' passed (0.000 seconds).
Test Case '-[JourneyDomainTests.JourneyDomainTests testIndependentChapterSessionsResumeWithoutOverwritingOneAnother]' started.
Test Case '-[JourneyDomainTests.JourneyDomainTests testIndependentChapterSessionsResumeWithoutOverwritingOneAnother]' passed (0.000 seconds).
Test Case '-[JourneyDomainTests.JourneyDomainTests testJourneyHapticsUseTheSingleAuthoredSemanticVocabulary]' started.
Test Case '-[JourneyDomainTests.JourneyDomainTests testJourneyHapticsUseTheSingleAuthoredSemanticVocabulary]' passed (0.000 seconds).
Test Case '-[JourneyDomainTests.JourneyDomainTests testLegacySingleSessionStateMigratesIntoVersionedSessionCollection]' started.
Test Case '-[JourneyDomainTests.JourneyDomainTests testLegacySingleSessionStateMigratesIntoVersionedSessionCollection]' passed (0.000 seconds).
Test Case '-[JourneyDomainTests.JourneyDomainTests testPressureLeavingStableRangeImmediatelyResetsHoldAndRequiresANewContinuousPeriod]' started.
Test Case '-[JourneyDomainTests.JourneyDomainTests testPressureLeavingStableRangeImmediatelyResetsHoldAndRequiresANewContinuousPeriod]' passed (0.000 seconds).
Test Case '-[JourneyDomainTests.JourneyDomainTests testReducerReplayIsDeterministicAndColdRestorePausesNarration]' started.
Test Case '-[JourneyDomainTests.JourneyDomainTests testReducerReplayIsDeterministicAndColdRestorePausesNarration]' passed (0.000 seconds).
Test Case '-[JourneyDomainTests.JourneyDomainTests testReorientationIsOptionalAndNeverMovesTheCausalCursor]' started.
Test Case '-[JourneyDomainTests.JourneyDomainTests testReorientationIsOptionalAndNeverMovesTheCausalCursor]' passed (0.000 seconds).
Test Case '-[JourneyDomainTests.JourneyDomainTests testResetCanClearActiveWorkButCannotUndoACompletedInteraction]' started.
Test Case '-[JourneyDomainTests.JourneyDomainTests testResetCanClearActiveWorkButCannotUndoACompletedInteraction]' passed (0.000 seconds).
Test Case '-[JourneyDomainTests.JourneyDomainTests testResponsiveAudioCausalStageCannotSkipRegressOrLeadJourneyState]' started.
Test Case '-[JourneyDomainTests.JourneyDomainTests testResponsiveAudioCausalStageCannotSkipRegressOrLeadJourneyState]' passed (0.000 seconds).
Test Case '-[JourneyDomainTests.JourneyDomainTests testReusedEffectIDWithDifferentPayloadFailsClosed]' started.
Test Case '-[JourneyDomainTests.JourneyDomainTests testReusedEffectIDWithDifferentPayloadFailsClosed]' passed (0.000 seconds).
Test Case '-[JourneyDomainTests.JourneyDomainTests testRevealMakesAPreloadedHiddenNodeVisible]' started.
Test Case '-[JourneyDomainTests.JourneyDomainTests testRevealMakesAPreloadedHiddenNodeVisible]' passed (0.000 seconds).
Test Case '-[JourneyDomainTests.JourneyDomainTests testSavedSessionBlocksPackageVersionChangeUntilMigrated]' started.
Test Case '-[JourneyDomainTests.JourneyDomainTests testSavedSessionBlocksPackageVersionChangeUntilMigrated]' passed (0.000 seconds).
Test Case '-[JourneyDomainTests.JourneyDomainTests testSceneVisualSnapshotJSONRoundTripPreservesFrameAndColdRestorePausesNarration]' started.
Test Case '-[JourneyDomainTests.JourneyDomainTests testSceneVisualSnapshotJSONRoundTripPreservesFrameAndColdRestorePausesNarration]' passed (0.000 seconds).
Test Case '-[JourneyDomainTests.JourneyDomainTests testSealedSceneActivationAndTickRequireTheExactActiveBeat]' started.
Test Case '-[JourneyDomainTests.JourneyDomainTests testSealedSceneActivationAndTickRequireTheExactActiveBeat]' passed (0.000 seconds).
Test Case '-[JourneyDomainTests.JourneyDomainTests testTransformResetCannotUndoACrossedHistoricalStage]' started.
Test Case '-[JourneyDomainTests.JourneyDomainTests testTransformResetCannotUndoACrossedHistoricalStage]' passed (0.000 seconds).
Test Case '-[JourneyDomainTests.JourneyDomainTests testWorldEffectsAreAtomicAndIdempotent]' started.
Test Case '-[JourneyDomainTests.JourneyDomainTests testWorldEffectsAreAtomicAndIdempotent]' passed (0.000 seconds).
Test Suite 'JourneyDomainTests' passed at 2026-07-27 19:59:13.776.
	 Executed 17 tests, with 0 failures (0 unexpected) in 0.002 (0.003) seconds
Test Suite 'JourneySuspensionEpisodeCoordinatorTests' started at 2026-07-27 19:59:13.776.
Test Case '-[JourneyContentTests.JourneySuspensionEpisodeCoordinatorTests testAcceptedRestorationSupersedesCompletedFailedEpisode]' started.
Test Case '-[JourneyContentTests.JourneySuspensionEpisodeCoordinatorTests testAcceptedRestorationSupersedesCompletedFailedEpisode]' passed (0.000 seconds).
Test Case '-[JourneyContentTests.JourneySuspensionEpisodeCoordinatorTests testActivationDuringFlushResetsOnlyAfterDurableCompletion]' started.
Test Case '-[JourneyContentTests.JourneySuspensionEpisodeCoordinatorTests testActivationDuringFlushResetsOnlyAfterDurableCompletion]' passed (0.000 seconds).
Test Case '-[JourneyContentTests.JourneySuspensionEpisodeCoordinatorTests testDelayedFlushKeepsFiniteLeaseUntilAppendCompletes]' started.
Test Case '-[JourneyContentTests.JourneySuspensionEpisodeCoordinatorTests testDelayedFlushKeepsFiniteLeaseUntilAppendCompletes]' passed (0.000 seconds).
Test Case '-[JourneyContentTests.JourneySuspensionEpisodeCoordinatorTests testFailedFlushEndsLeaseOnceAndDoesNotDuplicateOnLaterCallbacks]' started.
Test Case '-[JourneyContentTests.JourneySuspensionEpisodeCoordinatorTests testFailedFlushEndsLeaseOnceAndDoesNotDuplicateOnLaterCallbacks]' passed (0.000 seconds).
Test Case '-[JourneyContentTests.JourneySuspensionEpisodeCoordinatorTests testInactiveBackgroundRouteAndInterruptionShareOneDurableEpisode]' started.
Test Case '-[JourneyContentTests.JourneySuspensionEpisodeCoordinatorTests testInactiveBackgroundRouteAndInterruptionShareOneDurableEpisode]' passed (0.000 seconds).
Test Case '-[JourneyContentTests.JourneySuspensionEpisodeCoordinatorTests testQuiesceIsImmediateAndOnceWhileDurabilityFlushIsBlocked]' started.
Test Case '-[JourneyContentTests.JourneySuspensionEpisodeCoordinatorTests testQuiesceIsImmediateAndOnceWhileDurabilityFlushIsBlocked]' passed (0.000 seconds).
Test Case '-[JourneyContentTests.JourneySuspensionEpisodeCoordinatorTests testResolvedSceneActivePauseMakesRoomForNextSuspensionWithoutPlayback]' started.
Test Case '-[JourneyContentTests.JourneySuspensionEpisodeCoordinatorTests testResolvedSceneActivePauseMakesRoomForNextSuspensionWithoutPlayback]' passed (0.000 seconds).
Test Case '-[JourneyContentTests.JourneySuspensionEpisodeCoordinatorTests testTeardownAwaitsAdmittedFlushAndIsIdempotent]' started.
Test Case '-[JourneyContentTests.JourneySuspensionEpisodeCoordinatorTests testTeardownAwaitsAdmittedFlushAndIsIdempotent]' passed (0.000 seconds).
Test Suite 'JourneySuspensionEpisodeCoordinatorTests' passed at 2026-07-27 19:59:13.778.
	 Executed 8 tests, with 0 failures (0 unexpected) in 0.002 (0.002) seconds
Test Suite 'LaunchPackageTrustConfigurationTests' started at 2026-07-27 19:59:13.778.
Test Case '-[ContentDeliveryTests.LaunchPackageTrustConfigurationTests testAcceptsOnlyPinnedP256PublicKeysAndBuildsLatestRequiredContext]' started.
Test Case '-[ContentDeliveryTests.LaunchPackageTrustConfigurationTests testAcceptsOnlyPinnedP256PublicKeysAndBuildsLatestRequiredContext]' passed (0.001 seconds).
Test Case '-[ContentDeliveryTests.LaunchPackageTrustConfigurationTests testRejectsDuplicateMembersAndAnyNoncanonicalSerialization]' started.
Test Case '-[ContentDeliveryTests.LaunchPackageTrustConfigurationTests testRejectsDuplicateMembersAndAnyNoncanonicalSerialization]' passed (0.000 seconds).
Test Case '-[ContentDeliveryTests.LaunchPackageTrustConfigurationTests testRejectsEmptyDuplicateUnstableAndInvalidKeyRecords]' started.
Test Case '-[ContentDeliveryTests.LaunchPackageTrustConfigurationTests testRejectsEmptyDuplicateUnstableAndInvalidKeyRecords]' passed (0.000 seconds).
Test Case '-[ContentDeliveryTests.LaunchPackageTrustConfigurationTests testRejectsPrivateMaterialAndEveryUnknownFieldBeforeDecoding]' started.
Test Case '-[ContentDeliveryTests.LaunchPackageTrustConfigurationTests testRejectsPrivateMaterialAndEveryUnknownFieldBeforeDecoding]' passed (0.000 seconds).
Test Case '-[ContentDeliveryTests.LaunchPackageTrustConfigurationTests testRejectsUnknownRootFieldFutureSchemaAndMalformedDocument]' started.
Test Case '-[ContentDeliveryTests.LaunchPackageTrustConfigurationTests testRejectsUnknownRootFieldFutureSchemaAndMalformedDocument]' passed (0.000 seconds).
Test Suite 'LaunchPackageTrustConfigurationTests' passed at 2026-07-27 19:59:13.780.
	 Executed 5 tests, with 0 failures (0 unexpected) in 0.002 (0.002) seconds
Test Suite 'LonghouseResponsiveAudioWorkObjectTests' started at 2026-07-27 19:59:13.780.
Test Case '-[DramaticAudioTests.LonghouseResponsiveAudioWorkObjectTests testLonghouseHapticsAndNarrationStayFailClosed]' started.
Test Case '-[DramaticAudioTests.LonghouseResponsiveAudioWorkObjectTests testLonghouseHapticsAndNarrationStayFailClosed]' passed (0.001 seconds).
Test Case '-[DramaticAudioTests.LonghouseResponsiveAudioWorkObjectTests testProvisionalLonghouseWorkObjectRunsThroughTheResponsiveRuntime]' started.
Test Case '-[DramaticAudioTests.LonghouseResponsiveAudioWorkObjectTests testProvisionalLonghouseWorkObjectRunsThroughTheResponsiveRuntime]' passed (0.001 seconds).
Test Suite 'LonghouseResponsiveAudioWorkObjectTests' passed at 2026-07-27 19:59:13.781.
	 Executed 2 tests, with 0 failures (0 unexpected) in 0.001 (0.001) seconds
Test Suite 'ManagedPackageMaterializerTests' started at 2026-07-27 19:59:13.781.
Test Case '-[ContentDeliveryTests.ManagedPackageMaterializerTests testAppleCacheCleanupNeverTouchesActiveOrRollbackPrivateGenerations]' started.
Test Case '-[ContentDeliveryTests.ManagedPackageMaterializerTests testAppleCacheCleanupNeverTouchesActiveOrRollbackPrivateGenerations]' passed (0.029 seconds).
Test Case '-[ContentDeliveryTests.ManagedPackageMaterializerTests testAppleHostedInventoryIsMaterializedThenAtomicallyActivated]' started.
Test Case '-[ContentDeliveryTests.ManagedPackageMaterializerTests testAppleHostedInventoryIsMaterializedThenAtomicallyActivated]' passed (0.011 seconds).
Test Case '-[ContentDeliveryTests.ManagedPackageMaterializerTests testCleanupAuthorityNeverFollowsSymlinksOrTouchesForeignFiles]' started.
Test Case '-[ContentDeliveryTests.ManagedPackageMaterializerTests testCleanupAuthorityNeverFollowsSymlinksOrTouchesForeignFiles]' passed (0.010 seconds).
Test Case '-[ContentDeliveryTests.ManagedPackageMaterializerTests testCorruptCleanupAuthorityIsPreservedWithoutBlockingCommittedActivation]' started.
Test Case '-[ContentDeliveryTests.ManagedPackageMaterializerTests testCorruptCleanupAuthorityIsPreservedWithoutBlockingCommittedActivation]' passed (0.011 seconds).
Test Case '-[ContentDeliveryTests.ManagedPackageMaterializerTests testDeclaredByteBudgetIsRejectedBeforeStagingOrPayloadRead]' started.
Test Case '-[ContentDeliveryTests.ManagedPackageMaterializerTests testDeclaredByteBudgetIsRejectedBeforeStagingOrPayloadRead]' passed (0.008 seconds).
Test Case '-[ContentDeliveryTests.ManagedPackageMaterializerTests testDownloadFailureDoesNotCreateStagingOrChangeInstalledIndex]' started.
Test Case '-[ContentDeliveryTests.ManagedPackageMaterializerTests testDownloadFailureDoesNotCreateStagingOrChangeInstalledIndex]' passed (0.001 seconds).
Test Case '-[ContentDeliveryTests.ManagedPackageMaterializerTests testFilesystemOutOfSpaceFailureUsesTheSameStoragePresentation]' started.
Test Case '-[ContentDeliveryTests.ManagedPackageMaterializerTests testFilesystemOutOfSpaceFailureUsesTheSameStoragePresentation]' passed (0.000 seconds).
Test Case '-[ContentDeliveryTests.ManagedPackageMaterializerTests testFutureCleanupAuthorityIsPreservedWithoutRemovalOrOverwrite]' started.
Test Case '-[ContentDeliveryTests.ManagedPackageMaterializerTests testFutureCleanupAuthorityIsPreservedWithoutRemovalOrOverwrite]' passed (0.010 seconds).
Test Case '-[ContentDeliveryTests.ManagedPackageMaterializerTests testInsufficientPostDownloadCapacityStopsBeforeReadingOrStaging]' started.
Test Case '-[ContentDeliveryTests.ManagedPackageMaterializerTests testInsufficientPostDownloadCapacityStopsBeforeReadingOrStaging]' passed (0.001 seconds).
Test Case '-[ContentDeliveryTests.ManagedPackageMaterializerTests testManifestIdentityDriftIsRejectedBeforePayloadCopy]' started.
Test Case '-[ContentDeliveryTests.ManagedPackageMaterializerTests testManifestIdentityDriftIsRejectedBeforePayloadCopy]' passed (0.007 seconds).
Test Case '-[ContentDeliveryTests.ManagedPackageMaterializerTests testManifestReadStopsAtFourMiBBoundary]' started.
Test Case '-[ContentDeliveryTests.ManagedPackageMaterializerTests testManifestReadStopsAtFourMiBBoundary]' passed (0.008 seconds).
Test Case '-[ContentDeliveryTests.ManagedPackageMaterializerTests testPendingCleanupRetriesBeforeANewDownloadAttempt]' started.
Test Case '-[ContentDeliveryTests.ManagedPackageMaterializerTests testPendingCleanupRetriesBeforeANewDownloadAttempt]' passed (0.011 seconds).
Test Case '-[ContentDeliveryTests.ManagedPackageMaterializerTests testRemovalCompletedBeforeFailureIsRetiredAsAbsentOnRetry]' started.
Test Case '-[ContentDeliveryTests.ManagedPackageMaterializerTests testRemovalCompletedBeforeFailureIsRetiredAsAbsentOnRetry]' passed (0.010 seconds).
Test Case '-[ContentDeliveryTests.ManagedPackageMaterializerTests testRemovalFailureLeavesDurableIntentAndBootstrapRetryClearsIt]' started.
Test Case '-[ContentDeliveryTests.ManagedPackageMaterializerTests testRemovalFailureLeavesDurableIntentAndBootstrapRetryClearsIt]' passed (0.011 seconds).
Test Case '-[ContentDeliveryTests.ManagedPackageMaterializerTests testRequireLatestVersionPolicyIsForwardedExactly]' started.
Test Case '-[ContentDeliveryTests.ManagedPackageMaterializerTests testRequireLatestVersionPolicyIsForwardedExactly]' passed (0.007 seconds).
Test Case '-[ContentDeliveryTests.ManagedPackageMaterializerTests testStaleIntentCannotRemoveAChangedLocalManifest]' started.
Test Case '-[ContentDeliveryTests.ManagedPackageMaterializerTests testStaleIntentCannotRemoveAChangedLocalManifest]' passed (0.011 seconds).
Test Case '-[ContentDeliveryTests.ManagedPackageMaterializerTests testStreamedBytesCannotCrossAggregatePackageCeiling]' started.
Test Case '-[ContentDeliveryTests.ManagedPackageMaterializerTests testStreamedBytesCannotCrossAggregatePackageCeiling]' passed (0.008 seconds).
Test Case '-[ContentDeliveryTests.ManagedPackageMaterializerTests testStreamedPayloadMustMatchDeclaredSize]' started.
Test Case '-[ContentDeliveryTests.ManagedPackageMaterializerTests testStreamedPayloadMustMatchDeclaredSize]' passed (0.008 seconds).
Test Case '-[ContentDeliveryTests.ManagedPackageMaterializerTests testStreamedPayloadMustMatchSignedDigest]' started.
Test Case '-[ContentDeliveryTests.ManagedPackageMaterializerTests testStreamedPayloadMustMatchSignedDigest]' passed (0.008 seconds).
Test Case '-[ContentDeliveryTests.ManagedPackageMaterializerTests testUnsafeManifestPathIsRejectedBeforeAnyPayloadCopy]' started.
Test Case '-[ContentDeliveryTests.ManagedPackageMaterializerTests testUnsafeManifestPathIsRejectedBeforeAnyPayloadCopy]' passed (0.007 seconds).
Test Case '-[ContentDeliveryTests.ManagedPackageMaterializerTests testUntrustedManifestNeverOpensPayloadOrCreatesStaging]' started.
Test Case '-[ContentDeliveryTests.ManagedPackageMaterializerTests testUntrustedManifestNeverOpensPayloadOrCreatesStaging]' passed (0.007 seconds).
Test Suite 'ManagedPackageMaterializerTests' passed at 2026-07-27 19:59:13.967.
	 Executed 21 tests, with 0 failures (0 unexpected) in 0.184 (0.186) seconds
Test Suite 'ManifestBoundAudioAssetResolverTests' started at 2026-07-27 19:59:13.967.
Test Case '-[DramaticAudioTests.ManifestBoundAudioAssetResolverTests testCancelledStalePrewarmNeverReachesItsBindingPoint]' started.
Test Case '-[DramaticAudioTests.ManifestBoundAudioAssetResolverTests testCancelledStalePrewarmNeverReachesItsBindingPoint]' passed (0.002 seconds).
Test Case '-[DramaticAudioTests.ManifestBoundAudioAssetResolverTests testDetachedPrewarmCompletesBeforeTransportLookupAndAvoidsMainActorRehash]' started.
Test Case '-[DramaticAudioTests.ManifestBoundAudioAssetResolverTests testDetachedPrewarmCompletesBeforeTransportLookupAndAvoidsMainActorRehash]' passed (0.003 seconds).
Test Case '-[DramaticAudioTests.ManifestBoundAudioAssetResolverTests testRepeatedSliceResolutionHashesUnchangedAudioOnlyOnce]' started.
Test Case '-[DramaticAudioTests.ManifestBoundAudioAssetResolverTests testRepeatedSliceResolutionHashesUnchangedAudioOnlyOnce]' passed (0.002 seconds).
Test Case '-[DramaticAudioTests.ManifestBoundAudioAssetResolverTests testResolverInitializationDefersAudioBytesAndFirstUseRejectsTampering]' started.
Test Case '-[DramaticAudioTests.ManifestBoundAudioAssetResolverTests testResolverInitializationDefersAudioBytesAndFirstUseRejectsTampering]' passed (0.003 seconds).
Test Case '-[DramaticAudioTests.ManifestBoundAudioAssetResolverTests testSameSizeReplacementWithChangedIdentityForcesFreshHashAndFails]' started.
Test Case '-[DramaticAudioTests.ManifestBoundAudioAssetResolverTests testSameSizeReplacementWithChangedIdentityForcesFreshHashAndFails]' passed (0.004 seconds).
Test Suite 'ManifestBoundAudioAssetResolverTests' passed at 2026-07-27 19:59:13.981.
	 Executed 5 tests, with 0 failures (0 unexpected) in 0.014 (0.014) seconds
Test Suite 'MoreMouthsResponsiveAudioWorkObjectTests' started at 2026-07-27 19:59:13.981.
Test Case '-[DramaticAudioTests.MoreMouthsResponsiveAudioWorkObjectTests testMoreMouthsHapticsAndNarrationStayFailClosed]' started.
Test Case '-[DramaticAudioTests.MoreMouthsResponsiveAudioWorkObjectTests testMoreMouthsHapticsAndNarrationStayFailClosed]' passed (0.001 seconds).
Test Case '-[DramaticAudioTests.MoreMouthsResponsiveAudioWorkObjectTests testProvisionalMoreMouthsWorkObjectRunsThroughTheResponsiveRuntime]' started.
Test Case '-[DramaticAudioTests.MoreMouthsResponsiveAudioWorkObjectTests testProvisionalMoreMouthsWorkObjectRunsThroughTheResponsiveRuntime]' passed (0.001 seconds).
Test Suite 'MoreMouthsResponsiveAudioWorkObjectTests' passed at 2026-07-27 19:59:13.983.
	 Executed 2 tests, with 0 failures (0 unexpected) in 0.002 (0.002) seconds
Test Suite 'NativeAudioDurabilityGateTests' started at 2026-07-27 19:59:13.983.
Test Case '-[DramaticAudioTests.NativeAudioDurabilityGateTests testClosedRenderBoundaryRejectsTerminalTailAuthorization]' started.
Test Case '-[DramaticAudioTests.NativeAudioDurabilityGateTests testClosedRenderBoundaryRejectsTerminalTailAuthorization]' passed (0.000 seconds).
Test Case '-[DramaticAudioTests.NativeAudioDurabilityGateTests testExactBoundaryLatchesAndRejectsLateCaptureAndAuthorization]' started.
Test Case '-[DramaticAudioTests.NativeAudioDurabilityGateTests testExactBoundaryLatchesAndRejectsLateCaptureAndAuthorization]' passed (0.000 seconds).
Test Case '-[DramaticAudioTests.NativeAudioDurabilityGateTests testFortyEightKilohertzBindingHasTwelveThousandSampleBudget]' started.
Test Case '-[DramaticAudioTests.NativeAudioDurabilityGateTests testFortyEightKilohertzBindingHasTwelveThousandSampleBudget]' passed (0.000 seconds).
Test Case '-[DramaticAudioTests.NativeAudioDurabilityGateTests testOldEpochCannotAuthorizeOrStopRunningSuccessor]' started.
Test Case '-[DramaticAudioTests.NativeAudioDurabilityGateTests testOldEpochCannotAuthorizeOrStopRunningSuccessor]' passed (0.000 seconds).
Test Case '-[DramaticAudioTests.NativeAudioDurabilityGateTests testRenderAuthorizeCASRaceHasOnlyLegalOutcomes]' started.
Test Case '-[DramaticAudioTests.NativeAudioDurabilityGateTests testRenderAuthorizeCASRaceHasOnlyLegalOutcomes]' passed (0.002 seconds).
Test Case '-[DramaticAudioTests.NativeAudioDurabilityGateTests testStoppedEpochStaysInactiveDuringPreRollUntilNextReset]' started.
Test Case '-[DramaticAudioTests.NativeAudioDurabilityGateTests testStoppedEpochStaysInactiveDuringPreRollUntilNextReset]' passed (0.000 seconds).
Test Case '-[DramaticAudioTests.NativeAudioDurabilityGateTests testTerminalTailSealsWorkerAndKeepsLargerExistingCutoff]' started.
Test Case '-[DramaticAudioTests.NativeAudioDurabilityGateTests testTerminalTailSealsWorkerAndKeepsLargerExistingCutoff]' passed (0.000 seconds).
Test Case '-[DramaticAudioTests.NativeAudioDurabilityGateTests testWillStopRejectsWorkerAuthorityWhileRenderKeepsExactPrefix]' started.
Test Case '-[DramaticAudioTests.NativeAudioDurabilityGateTests testWillStopRejectsWorkerAuthorityWhileRenderKeepsExactPrefix]' passed (0.000 seconds).
Test Suite 'NativeAudioDurabilityGateTests' passed at 2026-07-27 19:59:13.986.
	 Executed 8 tests, with 0 failures (0 unexpected) in 0.002 (0.003) seconds
Test Suite 'PackageBatchInstallerTests' started at 2026-07-27 19:59:13.986.
Test Case '-[ContentDeliveryTests.PackageBatchInstallerTests testDownloadAllInstallsEveryPackageInDeclaredOrder]' started.
Test Case '-[ContentDeliveryTests.PackageBatchInstallerTests testDownloadAllInstallsEveryPackageInDeclaredOrder]' passed (0.000 seconds).
Test Case '-[ContentDeliveryTests.PackageBatchInstallerTests testDuplicatePackageIDsFailBeforeTheQueueStarts]' started.
Test Case '-[ContentDeliveryTests.PackageBatchInstallerTests testDuplicatePackageIDsFailBeforeTheQueueStarts]' passed (0.000 seconds).
Test Case '-[ContentDeliveryTests.PackageBatchInstallerTests testEmptyDownloadAllCompletesWithoutStartingAWorker]' started.
Test Case '-[ContentDeliveryTests.PackageBatchInstallerTests testEmptyDownloadAllCompletesWithoutStartingAWorker]' passed (0.000 seconds).
Test Case '-[ContentDeliveryTests.PackageBatchInstallerTests testFailureCannotBeBypassedAndRetryContinuesTheRetainedQueue]' started.
Test Case '-[ContentDeliveryTests.PackageBatchInstallerTests testFailureCannotBeBypassedAndRetryContinuesTheRetainedQueue]' passed (0.000 seconds).
Test Case '-[ContentDeliveryTests.PackageBatchInstallerTests testImmediatePauseRequestNeverHoldsBeforeTheFirstPackageStarts]' started.
Test Case '-[ContentDeliveryTests.PackageBatchInstallerTests testImmediatePauseRequestNeverHoldsBeforeTheFirstPackageStarts]' passed (0.010 seconds).
Test Case '-[ContentDeliveryTests.PackageBatchInstallerTests testInstallFailureCancelsMonitoringAndNormalizesTransferStateToIdle]' started.
Test Case '-[ContentDeliveryTests.PackageBatchInstallerTests testInstallFailureCancelsMonitoringAndNormalizesTransferStateToIdle]' passed (0.000 seconds).
Test Case '-[ContentDeliveryTests.PackageBatchInstallerTests testPauseFinishesCurrentAtomicPackageThenHoldsTheQueue]' started.
Test Case '-[ContentDeliveryTests.PackageBatchInstallerTests testPauseFinishesCurrentAtomicPackageThenHoldsTheQueue]' passed (0.000 seconds).
Test Case '-[ContentDeliveryTests.PackageBatchInstallerTests testPauseOnLastPackageEndsCompletedRatherThanPaused]' started.
Test Case '-[ContentDeliveryTests.PackageBatchInstallerTests testPauseOnLastPackageEndsCompletedRatherThanPaused]' passed (0.000 seconds).
Test Case '-[ContentDeliveryTests.PackageBatchInstallerTests testPauseThenInstallFailureEndsFailedAndResumeDoesNothing]' started.
Test Case '-[ContentDeliveryTests.PackageBatchInstallerTests testPauseThenInstallFailureEndsFailedAndResumeDoesNothing]' passed (0.000 seconds).
Test Case '-[ContentDeliveryTests.PackageBatchInstallerTests testRemoveFailedDropsOnlyTheHeadAndContinuesLaterPackages]' started.
Test Case '-[ContentDeliveryTests.PackageBatchInstallerTests testRemoveFailedDropsOnlyTheHeadAndContinuesLaterPackages]' passed (0.000 seconds).
Test Case '-[ContentDeliveryTests.PackageBatchInstallerTests testResumeBeforeCurrentFinishesRestoresInstallingState]' started.
Test Case '-[ContentDeliveryTests.PackageBatchInstallerTests testResumeBeforeCurrentFinishesRestoresInstallingState]' passed (0.000 seconds).
Test Case '-[ContentDeliveryTests.PackageBatchInstallerTests testSecondStartIsRejectedWhileAnAtomicPackageIsActive]' started.
Test Case '-[ContentDeliveryTests.PackageBatchInstallerTests testSecondStartIsRejectedWhileAnAtomicPackageIsActive]' passed (0.000 seconds).
Test Case '-[ContentDeliveryTests.PackageBatchInstallerTests testStaleTransferUpdatesCannotCrossPackageBoundaryAndSystemFailureIsSeparate]' started.
Test Case '-[ContentDeliveryTests.PackageBatchInstallerTests testStaleTransferUpdatesCannotCrossPackageBoundaryAndSystemFailureIsSeparate]' passed (0.000 seconds).
Test Case '-[ContentDeliveryTests.PackageBatchInstallerTests testSystemTransferStatusIsSeparateAndSubscribedBeforeInstall]' started.
Test Case '-[ContentDeliveryTests.PackageBatchInstallerTests testSystemTransferStatusIsSeparateAndSubscribedBeforeInstall]' passed (0.000 seconds).
Test Suite 'PackageBatchInstallerTests' passed at 2026-07-27 19:59:13.998.
	 Executed 14 tests, with 0 failures (0 unexpected) in 0.012 (0.012) seconds
Test Suite 'PackageBatchLaunchDownloadPlanTests' started at 2026-07-27 19:59:13.998.
Test Case '-[ContentDeliveryTests.PackageBatchLaunchDownloadPlanTests testMaximumBudgetAdditionFailsClosedOnOverflow]' started.
Test Case '-[ContentDeliveryTests.PackageBatchLaunchDownloadPlanTests testMaximumBudgetAdditionFailsClosedOnOverflow]' passed (0.000 seconds).
Test Case '-[ContentDeliveryTests.PackageBatchLaunchDownloadPlanTests testPlanFiltersCurrentInstalledPackagesWithoutChangingRemainingOrder]' started.
Test Case '-[ContentDeliveryTests.PackageBatchLaunchDownloadPlanTests testPlanFiltersCurrentInstalledPackagesWithoutChangingRemainingOrder]' passed (0.000 seconds).
Test Case '-[ContentDeliveryTests.PackageBatchLaunchDownloadPlanTests testPlanHasZeroMaximumBudgetWhenEveryPaidGenerationIsCurrent]' started.
Test Case '-[ContentDeliveryTests.PackageBatchLaunchDownloadPlanTests testPlanHasZeroMaximumBudgetWhenEveryPaidGenerationIsCurrent]' passed (0.000 seconds).
Test Case '-[ContentDeliveryTests.PackageBatchLaunchDownloadPlanTests testPlanKeepsAnOutdatedActiveGenerationInTheQueue]' started.
Test Case '-[ContentDeliveryTests.PackageBatchLaunchDownloadPlanTests testPlanKeepsAnOutdatedActiveGenerationInTheQueue]' passed (0.000 seconds).
Test Case '-[ContentDeliveryTests.PackageBatchLaunchDownloadPlanTests testPlanProtectsANewerActiveGenerationWithoutBudgetingADowngrade]' started.
Test Case '-[ContentDeliveryTests.PackageBatchLaunchDownloadPlanTests testPlanProtectsANewerActiveGenerationWithoutBudgetingADowngrade]' passed (0.000 seconds).
Test Case '-[ContentDeliveryTests.PackageBatchLaunchDownloadPlanTests testPlanUsesExactPaidOrderAndMaximumStorageBudget]' started.
Test Case '-[ContentDeliveryTests.PackageBatchLaunchDownloadPlanTests testPlanUsesExactPaidOrderAndMaximumStorageBudget]' passed (0.000 seconds).
Test Suite 'PackageBatchLaunchDownloadPlanTests' passed at 2026-07-27 19:59:14.000.
	 Executed 6 tests, with 0 failures (0 unexpected) in 0.002 (0.002) seconds
Test Suite 'PackageBatchQueueJournalTests' started at 2026-07-27 19:59:14.000.
Test Case '-[ContentDeliveryTests.PackageBatchQueueJournalTests testColdStartCannotOverwriteAnUnresolvedFailedJournal]' started.
Test Case '-[ContentDeliveryTests.PackageBatchQueueJournalTests testColdStartCannotOverwriteAnUnresolvedFailedJournal]' passed (0.001 seconds).
Test Case '-[ContentDeliveryTests.PackageBatchQueueJournalTests testCorruptJournalIsPreservedThenRetiredWithoutBlockingFutureStarts]' started.
Test Case '-[ContentDeliveryTests.PackageBatchQueueJournalTests testCorruptJournalIsPreservedThenRetiredWithoutBlockingFutureStarts]' passed (0.003 seconds).
Test Case '-[ContentDeliveryTests.PackageBatchQueueJournalTests testDiscardStaleJournalRejectsEveryNonStaleState]' started.
Test Case '-[ContentDeliveryTests.PackageBatchQueueJournalTests testDiscardStaleJournalRejectsEveryNonStaleState]' passed (0.000 seconds).
Test Case '-[ContentDeliveryTests.PackageBatchQueueJournalTests testDiscardStaleJournalWritesDurableEmptyTombstoneAndPreservesFutureStarts]' started.
Test Case '-[ContentDeliveryTests.PackageBatchQueueJournalTests testDiscardStaleJournalWritesDurableEmptyTombstoneAndPreservesFutureStarts]' passed (0.002 seconds).
Test Case '-[ContentDeliveryTests.PackageBatchQueueJournalTests testFutureJournalAuthorityCannotBeLoadedSavedOrRetiredByOlderApp]' started.
Test Case '-[ContentDeliveryTests.PackageBatchQueueJournalTests testFutureJournalAuthorityCannotBeLoadedSavedOrRetiredByOlderApp]' passed (0.001 seconds).
Test Case '-[ContentDeliveryTests.PackageBatchQueueJournalTests testJournalFallsBackToPriorDigestCheckedAtomicSlot]' started.
Test Case '-[ContentDeliveryTests.PackageBatchQueueJournalTests testJournalFallsBackToPriorDigestCheckedAtomicSlot]' passed (0.001 seconds).
Test Case '-[ContentDeliveryTests.PackageBatchQueueJournalTests testJournalRejectsFailureThatIsNotTheFirstIncompleteHead]' started.
Test Case '-[ContentDeliveryTests.PackageBatchQueueJournalTests testJournalRejectsFailureThatIsNotTheFirstIncompleteHead]' passed (0.000 seconds).
Test Case '-[ContentDeliveryTests.PackageBatchQueueJournalTests testJournalRejectsNonPrefixCompletedIDs]' started.
Test Case '-[ContentDeliveryTests.PackageBatchQueueJournalTests testJournalRejectsNonPrefixCompletedIDs]' passed (0.000 seconds).
Test Case '-[ContentDeliveryTests.PackageBatchQueueJournalTests testJournalRejectsRunningIntentWhenEverythingIsComplete]' started.
Test Case '-[ContentDeliveryTests.PackageBatchQueueJournalTests testJournalRejectsRunningIntentWhenEverythingIsComplete]' passed (0.000 seconds).
Test Case '-[ContentDeliveryTests.PackageBatchQueueJournalTests testJournalRejectsUnsupportedSchemaVersion]' started.
Test Case '-[ContentDeliveryTests.PackageBatchQueueJournalTests testJournalRejectsUnsupportedSchemaVersion]' passed (0.000 seconds).
Test Case '-[ContentDeliveryTests.PackageBatchQueueJournalTests testMigratedRunningJournalRequiresExplicitResumeUnderResumeRunningPolicy]' started.
Test Case '-[ContentDeliveryTests.PackageBatchQueueJournalTests testMigratedRunningJournalRequiresExplicitResumeUnderResumeRunningPolicy]' passed (0.001 seconds).
Test Case '-[ContentDeliveryTests.PackageBatchQueueJournalTests testPausedJournalRemainsPausedEvenUnderResumeRunningPolicy]' started.
Test Case '-[ContentDeliveryTests.PackageBatchQueueJournalTests testPausedJournalRemainsPausedEvenUnderResumeRunningPolicy]' passed (0.001 seconds).
Test Case '-[ContentDeliveryTests.PackageBatchQueueJournalTests testRestoreProtectsNewerActiveGenerationWithoutWritingOrDowngrading]' started.
Test Case '-[ContentDeliveryTests.PackageBatchQueueJournalTests testRestoreProtectsNewerActiveGenerationWithoutWritingOrDowngrading]' passed (0.001 seconds).
Test Case '-[ContentDeliveryTests.PackageBatchQueueJournalTests testRestoreUsesOnlyContiguousActivePrefix]' started.
Test Case '-[ContentDeliveryTests.PackageBatchQueueJournalTests testRestoreUsesOnlyContiguousActivePrefix]' passed (0.001 seconds).
Test Case '-[ContentDeliveryTests.PackageBatchQueueJournalTests testResumeRunningPolicyExplicitlyRestartsRunningJournal]' started.
Test Case '-[ContentDeliveryTests.PackageBatchQueueJournalTests testResumeRunningPolicyExplicitlyRestartsRunningJournal]' passed (0.001 seconds).
Test Case '-[ContentDeliveryTests.PackageBatchQueueJournalTests testRunningJournalReconcilesActivePrefixButRequiresExplicitResume]' started.
Test Case '-[ContentDeliveryTests.PackageBatchQueueJournalTests testRunningJournalReconcilesActivePrefixButRequiresExplicitResume]' passed (0.002 seconds).
Test Suite 'PackageBatchQueueJournalTests' passed at 2026-07-27 19:59:14.017.
	 Executed 16 tests, with 0 failures (0 unexpected) in 0.016 (0.017) seconds
Test Suite 'PersistenceAuthorityFenceTests' started at 2026-07-27 19:59:14.017.
Test Case '-[JourneyContentTests.PersistenceAuthorityFenceTests testCapturedAuthorityCannotAppendAfterIdenticalReplacement]' started.
Test Case '-[JourneyContentTests.PersistenceAuthorityFenceTests testCapturedAuthorityCannotAppendAfterIdenticalReplacement]' passed (0.000 seconds).
Test Case '-[JourneyContentTests.PersistenceAuthorityFenceTests testFreshModelCannotReuseAnotherModelsFirstGeneration]' started.
Test Case '-[JourneyContentTests.PersistenceAuthorityFenceTests testFreshModelCannotReuseAnotherModelsFirstGeneration]' passed (0.000 seconds).
Test Suite 'PersistenceAuthorityFenceTests' passed at 2026-07-27 19:59:14.017.
	 Executed 2 tests, with 0 failures (0 unexpected) in 0.000 (0.000) seconds
Test Suite 'ProgressStoreAppendBoundaryTests' started at 2026-07-27 19:59:14.017.
Test Case '-[ProgressStoreTests.ProgressStoreAppendBoundaryTests testCompleteRecordThenSynchronizeFailureIsIndeterminateUntilRestore]' started.
Test Case '-[ProgressStoreTests.ProgressStoreAppendBoundaryTests testCompleteRecordThenSynchronizeFailureIsIndeterminateUntilRestore]' passed (0.001 seconds).
Test Case '-[ProgressStoreTests.ProgressStoreAppendBoundaryTests testFailedReconciliationKeepsIndeterminateStoreLocked]' started.
Test Case '-[ProgressStoreTests.ProgressStoreAppendBoundaryTests testFailedReconciliationKeepsIndeterminateStoreLocked]' passed (0.001 seconds).
Test Case '-[ProgressStoreTests.ProgressStoreAppendBoundaryTests testKnownPreWriteFailureDoesNotLockStoreAndRetryUsesFirstSequence]' started.
Test Case '-[ProgressStoreTests.ProgressStoreAppendBoundaryTests testKnownPreWriteFailureDoesNotLockStoreAndRetryUsesFirstSequence]' passed (0.001 seconds).
Test Case '-[ProgressStoreTests.ProgressStoreAppendBoundaryTests testPartialRecordFailureRemainsIndeterminateAndRestoreRemovesTornTail]' started.
Test Case '-[ProgressStoreTests.ProgressStoreAppendBoundaryTests testPartialRecordFailureRemainsIndeterminateAndRestoreRemovesTornTail]' passed (0.001 seconds).
Test Suite 'ProgressStoreAppendBoundaryTests' passed at 2026-07-27 19:59:14.022.
	 Executed 4 tests, with 0 failures (0 unexpected) in 0.004 (0.004) seconds
Test Suite 'ProgressStoreAuthorityTests' started at 2026-07-27 19:59:14.022.
Test Case '-[ProgressStoreTests.ProgressStoreAuthorityTests testCompleteIndeterminateAppendIsReconciledByAnotherStoreBeforeContinuation]' started.
Test Case '-[ProgressStoreTests.ProgressStoreAuthorityTests testCompleteIndeterminateAppendIsReconciledByAnotherStoreBeforeContinuation]' passed (0.002 seconds).
Test Case '-[ProgressStoreTests.ProgressStoreAuthorityTests testConcurrentConditionalAppendHasExactlyOneWinnerAndOneRecord]' started.
Test Case '-[ProgressStoreTests.ProgressStoreAuthorityTests testConcurrentConditionalAppendHasExactlyOneWinnerAndOneRecord]' passed (0.001 seconds).
Test Case '-[ProgressStoreTests.ProgressStoreAuthorityTests testExactLatestCommitCheckpointsAndContinuesInTheNewGeneration]' started.
Test Case '-[ProgressStoreTests.ProgressStoreAuthorityTests testExactLatestCommitCheckpointsAndContinuesInTheNewGeneration]' passed (0.002 seconds).
Test Case '-[ProgressStoreTests.ProgressStoreAuthorityTests testForgedCheckpointEventAndStateAreRejectedBeforeSnapshotMutation]' started.
Test Case '-[ProgressStoreTests.ProgressStoreAuthorityTests testForgedCheckpointEventAndStateAreRejectedBeforeSnapshotMutation]' passed (0.001 seconds).
Test Case '-[ProgressStoreTests.ProgressStoreAuthorityTests testForgedPreviousAndCandidateStatesRejectConditionalAppendBeforeWrite]' started.
Test Case '-[ProgressStoreTests.ProgressStoreAuthorityTests testForgedPreviousAndCandidateStatesRejectConditionalAppendBeforeWrite]' passed (0.000 seconds).
Test Case '-[ProgressStoreTests.ProgressStoreAuthorityTests testLaterCommitMakesEarlierCheckpointSafelyStaleWithoutCompaction]' started.
Test Case '-[ProgressStoreTests.ProgressStoreAuthorityTests testLaterCommitMakesEarlierCheckpointSafelyStaleWithoutCompaction]' passed (0.001 seconds).
Test Case '-[ProgressStoreTests.ProgressStoreAuthorityTests testTwoCommittersSharingOneStoreRejectStaleAuthorityBeforeSecondWrite]' started.
Test Case '-[ProgressStoreTests.ProgressStoreAuthorityTests testTwoCommittersSharingOneStoreRejectStaleAuthorityBeforeSecondWrite]' passed (0.001 seconds).
Test Case '-[ProgressStoreTests.ProgressStoreAuthorityTests testTwoStoresWithStaleCachedAuthorityCannotDuplicateSequence]' started.
Test Case '-[ProgressStoreTests.ProgressStoreAuthorityTests testTwoStoresWithStaleCachedAuthorityCannotDuplicateSequence]' passed (0.001 seconds).
Test Suite 'ProgressStoreAuthorityTests' passed at 2026-07-27 19:59:14.031.
	 Executed 8 tests, with 0 failures (0 unexpected) in 0.009 (0.009) seconds
Test Suite 'ProgressStoreCheckpointBoundaryTests' started at 2026-07-27 19:59:14.031.
Test Case '-[ProgressStoreTests.ProgressStoreCheckpointBoundaryTests testAppendAtMaximumSnapshotSequenceFailsBeforeWriting]' started.
Test Case '-[ProgressStoreTests.ProgressStoreCheckpointBoundaryTests testAppendAtMaximumSnapshotSequenceFailsBeforeWriting]' passed (0.001 seconds).
Test Case '-[ProgressStoreTests.ProgressStoreCheckpointBoundaryTests testFailedCheckpointReconciliationLeavesStoreLocked]' started.
Test Case '-[ProgressStoreTests.ProgressStoreCheckpointBoundaryTests testFailedCheckpointReconciliationLeavesStoreLocked]' passed (0.001 seconds).
Test Case '-[ProgressStoreTests.ProgressStoreCheckpointBoundaryTests testFailureAfterSnapshotReplacementRestoresTheVisibleGeneration]' started.
Test Case '-[ProgressStoreTests.ProgressStoreCheckpointBoundaryTests testFailureAfterSnapshotReplacementRestoresTheVisibleGeneration]' passed (0.001 seconds).
Test Case '-[ProgressStoreTests.ProgressStoreCheckpointBoundaryTests testPartialAppendAfterDurablePrefixRestoresPrefixAndReusesNextSequence]' started.
Test Case '-[ProgressStoreTests.ProgressStoreCheckpointBoundaryTests testPartialAppendAfterDurablePrefixRestoresPrefixAndReusesNextSequence]' passed (0.002 seconds).
Test Case '-[ProgressStoreTests.ProgressStoreCheckpointBoundaryTests testSnapshotSuccessAndJournalResetFailureLocksMutationsUntilRestore]' started.
Test Case '-[ProgressStoreTests.ProgressStoreCheckpointBoundaryTests testSnapshotSuccessAndJournalResetFailureLocksMutationsUntilRestore]' passed (0.002 seconds).
Test Case '-[ProgressStoreTests.ProgressStoreCheckpointBoundaryTests testVerificationAtMaximumSnapshotSequenceFailsWithTypedExhaustion]' started.
Test Case '-[ProgressStoreTests.ProgressStoreCheckpointBoundaryTests testVerificationAtMaximumSnapshotSequenceFailsWithTypedExhaustion]' passed (0.001 seconds).
Test Suite 'ProgressStoreCheckpointBoundaryTests' passed at 2026-07-27 19:59:14.039.
	 Executed 6 tests, with 0 failures (0 unexpected) in 0.008 (0.008) seconds
Test Suite 'ProgressStoreTests' started at 2026-07-27 19:59:14.039.
Test Case '-[ProgressStoreTests.ProgressStoreTests testAppendAfterInterruptedTailRepairsTheJournal]' started.
Test Case '-[ProgressStoreTests.ProgressStoreTests testAppendAfterInterruptedTailRepairsTheJournal]' passed (0.002 seconds).
Test Case '-[ProgressStoreTests.ProgressStoreTests testAtomicSnapshotAndReturnedRevisionSupportChainedConditionalCommits]' started.
Test Case '-[ProgressStoreTests.ProgressStoreTests testAtomicSnapshotAndReturnedRevisionSupportChainedConditionalCommits]' passed (0.000 seconds).
Test Case '-[ProgressStoreTests.ProgressStoreTests testCancellationAfterAppendAdmissionPoisonsAuthorityAndRejectsQueuedCaller]' started.
Test Case '-[ProgressStoreTests.ProgressStoreTests testCancellationAfterAppendAdmissionPoisonsAuthorityAndRejectsQueuedCaller]' passed (0.001 seconds).
Test Case '-[ProgressStoreTests.ProgressStoreTests testCheckpointIgnoresAnObsoleteJournalGenerationWithoutDecodingItsEvent]' started.
Test Case '-[ProgressStoreTests.ProgressStoreTests testCheckpointIgnoresAnObsoleteJournalGenerationWithoutDecodingItsEvent]' passed (0.002 seconds).
Test Case '-[ProgressStoreTests.ProgressStoreTests testConcurrentCausalRequestsRemainStrictlyOrderedAcrossSuspendingAppends]' started.
Test Case '-[ProgressStoreTests.ProgressStoreTests testConcurrentCausalRequestsRemainStrictlyOrderedAcrossSuspendingAppends]' passed (0.000 seconds).
Test Case '-[ProgressStoreTests.ProgressStoreTests testConcurrentDriftMakesQueuedConditionalCommitStaleBeforeSecondAppend]' started.
Test Case '-[ProgressStoreTests.ProgressStoreTests testConcurrentDriftMakesQueuedConditionalCommitStaleBeforeSecondAppend]' passed (0.000 seconds).
Test Case '-[ProgressStoreTests.ProgressStoreTests testHardKillSnapshotPreservesSceneVisualStateAndPausesNarration]' started.
Test Case '-[ProgressStoreTests.ProgressStoreTests testHardKillSnapshotPreservesSceneVisualStateAndPausesNarration]' passed (0.003 seconds).
Test Case '-[ProgressStoreTests.ProgressStoreTests testIndeterminateCompleteAppendPermanentlyRetiresOldCommitterAfterRestore]' started.
Test Case '-[ProgressStoreTests.ProgressStoreTests testIndeterminateCompleteAppendPermanentlyRetiresOldCommitterAfterRestore]' passed (0.001 seconds).
Test Case '-[ProgressStoreTests.ProgressStoreTests testInterruptedFinalAppendIsIgnored]' started.
Test Case '-[ProgressStoreTests.ProgressStoreTests testInterruptedFinalAppendIsIgnored]' passed (0.001 seconds).
Test Case '-[ProgressStoreTests.ProgressStoreTests testKillAfterDocumentaryWriteAheadRestoresBeatAndWorldConsequenceTogether]' started.
Test Case '-[ProgressStoreTests.ProgressStoreTests testKillAfterDocumentaryWriteAheadRestoresBeatAndWorldConsequenceTogether]' passed (0.001 seconds).
Test Case '-[ProgressStoreTests.ProgressStoreTests testKillAfterWriteAheadBeforePublicationRestoresTheCausalTransition]' started.
Test Case '-[ProgressStoreTests.ProgressStoreTests testKillAfterWriteAheadBeforePublicationRestoresTheCausalTransition]' passed (0.001 seconds).
Test Case '-[ProgressStoreTests.ProgressStoreTests testKillBeforeWriteAheadLeavesCausalStateUnpublishedAndUnrestored]' started.
Test Case '-[ProgressStoreTests.ProgressStoreTests testKillBeforeWriteAheadLeavesCausalStateUnpublishedAndUnrestored]' passed (0.001 seconds).
Test Case '-[ProgressStoreTests.ProgressStoreTests testKnownPreWriteAppendFailureCannotPublishOrConsumeLogicalTimeAndMayRetry]' started.
Test Case '-[ProgressStoreTests.ProgressStoreTests testKnownPreWriteAppendFailureCannotPublishOrConsumeLogicalTimeAndMayRetry]' passed (0.000 seconds).
Test Case '-[ProgressStoreTests.ProgressStoreTests testPrematureAuthoredArcCompletionNeverCrossesTheJournalBoundary]' started.
Test Case '-[ProgressStoreTests.ProgressStoreTests testPrematureAuthoredArcCompletionNeverCrossesTheJournalBoundary]' passed (0.000 seconds).
Test Case '-[ProgressStoreTests.ProgressStoreTests testRejectedPreflightNeverAppendsAdvancesSequenceOrChangesState]' started.
Test Case '-[ProgressStoreTests.ProgressStoreTests testRejectedPreflightNeverAppendsAdvancesSequenceOrChangesState]' passed (0.000 seconds).
Test Case '-[ProgressStoreTests.ProgressStoreTests testRevisionFromAnotherCommitterIsNeverAcceptedAtTheSameOrdinal]' started.
Test Case '-[ProgressStoreTests.ProgressStoreTests testRevisionFromAnotherCommitterIsNeverAcceptedAtTheSameOrdinal]' passed (0.000 seconds).
Test Case '-[ProgressStoreTests.ProgressStoreTests testRevisionOverflowRejectsBeforeReducerAndAppend]' started.
Test Case '-[ProgressStoreTests.ProgressStoreTests testRevisionOverflowRejectsBeforeReducerAndAppend]' passed (0.000 seconds).
Test Case '-[ProgressStoreTests.ProgressStoreTests testSnapshotAndJournalRestoreExactCausalState]' started.
Test Case '-[ProgressStoreTests.ProgressStoreTests testSnapshotAndJournalRestoreExactCausalState]' passed (0.002 seconds).
Test Case '-[ProgressStoreTests.ProgressStoreTests testStaleRevisionFailsBeforeReducerAndProducesNoExtraAppend]' started.
Test Case '-[ProgressStoreTests.ProgressStoreTests testStaleRevisionFailsBeforeReducerAndProducesNoExtraAppend]' passed (0.000 seconds).
Test Case '-[ProgressStoreTests.ProgressStoreTests testTamperedCompletedRecordFailsClosed]' started.
Test Case '-[ProgressStoreTests.ProgressStoreTests testTamperedCompletedRecordFailsClosed]' passed (0.002 seconds).
Test Case '-[ProgressStoreTests.ProgressStoreTests testUnexpectedReturnedSequenceRetiresCommitterWithoutPublishingCandidate]' started.
Test Case '-[ProgressStoreTests.ProgressStoreTests testUnexpectedReturnedSequenceRetiresCommitterWithoutPublishingCandidate]' passed (0.000 seconds).
Test Suite 'ProgressStoreTests' passed at 2026-07-27 19:59:14.056.
	 Executed 21 tests, with 0 failures (0 unexpected) in 0.017 (0.018) seconds
Test Suite 'PrologueRendererTests' started at 2026-07-27 19:59:14.056.
Test Case '-[SceneRuntimeTests.PrologueRendererTests testCompleteResourceSetIsReady]' started.
Test Case '-[SceneRuntimeTests.PrologueRendererTests testCompleteResourceSetIsReady]' passed (0.000 seconds).
Test Case '-[SceneRuntimeTests.PrologueRendererTests testDrawResourceFailuresHaveVisibleStableFailureStates]' started.
Test Case '-[SceneRuntimeTests.PrologueRendererTests testDrawResourceFailuresHaveVisibleStableFailureStates]' passed (0.000 seconds).
Test Case '-[SceneRuntimeTests.PrologueRendererTests testEachMissingResourceHasAStableFailureState]' started.
Test Case '-[SceneRuntimeTests.PrologueRendererTests testEachMissingResourceHasAStableFailureState]' passed (0.000 seconds).
Test Case '-[SceneRuntimeTests.PrologueRendererTests testFailureCodesAreDeterministicForDebugDiagnostics]' started.
Test Case '-[SceneRuntimeTests.PrologueRendererTests testFailureCodesAreDeterministicForDebugDiagnostics]' passed (0.000 seconds).
Test Case '-[SceneRuntimeTests.PrologueRendererTests testOffscreenOrBackgroundFramesAreTransientRatherThanRendererFailures]' started.
Test Case '-[SceneRuntimeTests.PrologueRendererTests testOffscreenOrBackgroundFramesAreTransientRatherThanRendererFailures]' passed (0.000 seconds).
Test Case '-[SceneRuntimeTests.PrologueRendererTests testRealMetalConfigurationWhenTheTestHostProvidesADevice]' started.
Test Case '-[SceneRuntimeTests.PrologueRendererTests testRealMetalConfigurationWhenTheTestHostProvidesADevice]' passed (0.024 seconds).
Test Case '-[SceneRuntimeTests.PrologueRendererTests testRendererStartsInAnExplicitUnconfiguredState]' started.
Test Case '-[SceneRuntimeTests.PrologueRendererTests testRendererStartsInAnExplicitUnconfiguredState]' passed (0.000 seconds).
Test Suite 'PrologueRendererTests' passed at 2026-07-27 19:59:14.081.
	 Executed 7 tests, with 0 failures (0 unexpected) in 0.025 (0.025) seconds
Test Suite 'QualityInstrumentationTests' started at 2026-07-27 19:59:14.081.
Test Case '-[QualityInstrumentationTests.QualityInstrumentationTests testAudioCheckpointFailsClosedOutsideAuthored48kHz]' started.
Test Case '-[QualityInstrumentationTests.QualityInstrumentationTests testAudioCheckpointFailsClosedOutsideAuthored48kHz]' passed (0.001 seconds).
Test Case '-[QualityInstrumentationTests.QualityInstrumentationTests testCanonicalAppBundleHashCoversEveryNestedBuildByte]' started.
Test Case '-[QualityInstrumentationTests.QualityInstrumentationTests testCanonicalAppBundleHashCoversEveryNestedBuildByte]' passed (0.001 seconds).
Test Case '-[QualityInstrumentationTests.QualityInstrumentationTests testCompletedCallbackBeforeScheduledCallbackFailsClosed]' started.
Test Case '-[QualityInstrumentationTests.QualityInstrumentationTests testCompletedCallbackBeforeScheduledCallbackFailsClosed]' passed (0.000 seconds).
Test Case '-[QualityInstrumentationTests.QualityInstrumentationTests testCompleteFirstFarmersPhysicalRunIsAnAcceptedCaptureIdentity]' started.
Test Case '-[QualityInstrumentationTests.QualityInstrumentationTests testCompleteFirstFarmersPhysicalRunIsAnAcceptedCaptureIdentity]' passed (0.000 seconds).
Test Case '-[QualityInstrumentationTests.QualityInstrumentationTests testExporterWritesHashBoundDeterministicBackstageFiles]' started.
Test Case '-[QualityInstrumentationTests.QualityInstrumentationTests testExporterWritesHashBoundDeterministicBackstageFiles]' passed (0.001 seconds).
Test Case '-[QualityInstrumentationTests.QualityInstrumentationTests testPhysicalDebugCaptureCannotMasqueradeAsDeviceEvidence]' started.
Test Case '-[QualityInstrumentationTests.QualityInstrumentationTests testPhysicalDebugCaptureCannotMasqueradeAsDeviceEvidence]' passed (0.000 seconds).
Test Case '-[QualityInstrumentationTests.QualityInstrumentationTests testRepeatedReportGenerationDoesNotAppendUnresolvedFailures]' started.
Test Case '-[QualityInstrumentationTests.QualityInstrumentationTests testRepeatedReportGenerationDoesNotAppendUnresolvedFailures]' passed (0.000 seconds).
Test Case '-[QualityInstrumentationTests.QualityInstrumentationTests testReportCodecRejectsUnknownNestedFields]' started.
Test Case '-[QualityInstrumentationTests.QualityInstrumentationTests testReportCodecRejectsUnknownNestedFields]' passed (0.000 seconds).
Test Case '-[QualityInstrumentationTests.QualityInstrumentationTests testSimulatorCaptureIsCanonicalAndAlwaysNonDevice]' started.
Test Case '-[QualityInstrumentationTests.QualityInstrumentationTests testSimulatorCaptureIsCanonicalAndAlwaysNonDevice]' passed (0.001 seconds).
Test Case '-[QualityInstrumentationTests.QualityInstrumentationTests testStrictCaptureRequestRejectsUnknownFields]' started.
Test Case '-[QualityInstrumentationTests.QualityInstrumentationTests testStrictCaptureRequestRejectsUnknownFields]' passed (0.000 seconds).
Test Suite 'QualityInstrumentationTests' passed at 2026-07-27 19:59:14.087.
	 Executed 10 tests, with 0 failures (0 unexpected) in 0.005 (0.006) seconds
Test Suite 'ReleaseDiscoveryLifecycleTests' started at 2026-07-27 19:59:14.087.
Test Case '-[ReleaseDiscoveryTests.ReleaseDiscoveryLifecycleTests testActivationRefreshesCatalogWithoutRequestingNotificationPermission]' started.
Test Case '-[ReleaseDiscoveryTests.ReleaseDiscoveryLifecycleTests testActivationRefreshesCatalogWithoutRequestingNotificationPermission]' passed (0.001 seconds).
Test Case '-[ReleaseDiscoveryTests.ReleaseDiscoveryLifecycleTests testDeniedPermissionNeverRegistersOrSubscribes]' started.
Test Case '-[ReleaseDiscoveryTests.ReleaseDiscoveryLifecycleTests testDeniedPermissionNeverRegistersOrSubscribes]' passed (0.000 seconds).
Test Case '-[ReleaseDiscoveryTests.ReleaseDiscoveryLifecycleTests testInvalidAnnouncementCannotEnterAuthenticatedCatalog]' started.
Test Case '-[ReleaseDiscoveryTests.ReleaseDiscoveryLifecycleTests testInvalidAnnouncementCannotEnterAuthenticatedCatalog]' passed (0.000 seconds).
Test Case '-[ReleaseDiscoveryTests.ReleaseDiscoveryLifecycleTests testNotificationTapKeepsExactAuthenticatedHistoricalPlacementOffline]' started.
Test Case '-[ReleaseDiscoveryTests.ReleaseDiscoveryLifecycleTests testNotificationTapKeepsExactAuthenticatedHistoricalPlacementOffline]' passed (0.002 seconds).
Test Case '-[ReleaseDiscoveryTests.ReleaseDiscoveryLifecycleTests testNotificationTapSurvivesTerminationBeforeJourneyAdoption]' started.
Test Case '-[ReleaseDiscoveryTests.ReleaseDiscoveryLifecycleTests testNotificationTapSurvivesTerminationBeforeJourneyAdoption]' passed (0.004 seconds).
Test Case '-[ReleaseDiscoveryTests.ReleaseDiscoveryLifecycleTests testPermissionRequestIsBlockedUntilHistoricalExperience]' started.
Test Case '-[ReleaseDiscoveryTests.ReleaseDiscoveryLifecycleTests testPermissionRequestIsBlockedUntilHistoricalExperience]' passed (0.001 seconds).
Test Case '-[ReleaseDiscoveryTests.ReleaseDiscoveryLifecycleTests testPushNeverRequestsPermissionAndDuplicateReleaseSchedulesOnceWhenAuthorized]' started.
Test Case '-[ReleaseDiscoveryTests.ReleaseDiscoveryLifecycleTests testPushNeverRequestsPermissionAndDuplicateReleaseSchedulesOnceWhenAuthorized]' passed (0.002 seconds).
Test Suite 'ReleaseDiscoveryLifecycleTests' passed at 2026-07-27 19:59:14.098.
	 Executed 7 tests, with 0 failures (0 unexpected) in 0.011 (0.011) seconds
Test Suite 'ReleaseDiscoveryTests' started at 2026-07-27 19:59:14.098.
Test Case '-[ReleaseDiscoveryTests.ReleaseDiscoveryTests testAuthoritativeQueryRemovalDoesNotPermitNotificationOnReappearance]' started.
Test Case '-[ReleaseDiscoveryTests.ReleaseDiscoveryTests testAuthoritativeQueryRemovalDoesNotPermitNotificationOnReappearance]' passed (0.003 seconds).
Test Case '-[ReleaseDiscoveryTests.ReleaseDiscoveryTests testDuplicatePushProducesExactlyOneDurableNotificationClaim]' started.
Test Case '-[ReleaseDiscoveryTests.ReleaseDiscoveryTests testDuplicatePushProducesExactlyOneDurableNotificationClaim]' passed (0.003 seconds).
Test Case '-[ReleaseDiscoveryTests.ReleaseDiscoveryTests testFullyCorruptCacheFailsClosedOfflineAndRebuildsFromValidRemote]' started.
Test Case '-[ReleaseDiscoveryTests.ReleaseDiscoveryTests testFullyCorruptCacheFailsClosedOfflineAndRebuildsFromValidRemote]' passed (0.003 seconds).
Test Case '-[ReleaseDiscoveryTests.ReleaseDiscoveryTests testFuturePublicationTimeCannotBecomeAvailableEarly]' started.
Test Case '-[ReleaseDiscoveryTests.ReleaseDiscoveryTests testFuturePublicationTimeCannotBecomeAvailableEarly]' passed (0.001 seconds).
Test Case '-[ReleaseDiscoveryTests.ReleaseDiscoveryTests testNewestCorruptCacheSlotFallsBackToOlderAuthenticatedGeneration]' started.
Test Case '-[ReleaseDiscoveryTests.ReleaseDiscoveryTests testNewestCorruptCacheSlotFallsBackToOlderAuthenticatedGeneration]' passed (0.001 seconds).
Test Case '-[ReleaseDiscoveryTests.ReleaseDiscoveryTests testNotificationClaimIsSealedAgainstNewestSlotCorruption]' started.
Test Case '-[ReleaseDiscoveryTests.ReleaseDiscoveryTests testNotificationClaimIsSealedAgainstNewestSlotCorruption]' passed (0.002 seconds).
Test Case '-[ReleaseDiscoveryTests.ReleaseDiscoveryTests testOfflineRefreshFallsBackToAuthenticatedCachedCatalog]' started.
Test Case '-[ReleaseDiscoveryTests.ReleaseDiscoveryTests testOfflineRefreshFallsBackToAuthenticatedCachedCatalog]' passed (0.001 seconds).
Test Case '-[ReleaseDiscoveryTests.ReleaseDiscoveryTests testOutOfOrderRemoteRecordsHaveOneCanonicalChronologicalOrder]' started.
Test Case '-[ReleaseDiscoveryTests.ReleaseDiscoveryTests testOutOfOrderRemoteRecordsHaveOneCanonicalChronologicalOrder]' passed (0.001 seconds).
Test Case '-[ReleaseDiscoveryTests.ReleaseDiscoveryTests testPackageContractComesFromAuthenticatedCatalogWithExactInstallFields]' started.
Test Case '-[ReleaseDiscoveryTests.ReleaseDiscoveryTests testPackageContractComesFromAuthenticatedCatalogWithExactInstallFields]' passed (0.001 seconds).
Test Case '-[ReleaseDiscoveryTests.ReleaseDiscoveryTests testPendingDeepLinkMarkerAndItsClearAreSealedAcrossFallback]' started.
Test Case '-[ReleaseDiscoveryTests.ReleaseDiscoveryTests testPendingDeepLinkMarkerAndItsClearAreSealedAcrossFallback]' passed (0.003 seconds).
Test Case '-[ReleaseDiscoveryTests.ReleaseDiscoveryTests testRemoteRecordIdentityAndPackageBindingFailClosed]' started.
Test Case '-[ReleaseDiscoveryTests.ReleaseDiscoveryTests testRemoteRecordIdentityAndPackageBindingFailClosed]' passed (0.001 seconds).
Test Case '-[ReleaseDiscoveryTests.ReleaseDiscoveryTests testRetainedInstallContractSurvivesAuthoritativeCatalogWithdrawal]' started.
Test Case '-[ReleaseDiscoveryTests.ReleaseDiscoveryTests testRetainedInstallContractSurvivesAuthoritativeCatalogWithdrawal]' passed (0.002 seconds).
Test Case '-[ReleaseDiscoveryTests.ReleaseDiscoveryTests testSubscriptionFailureLeavesCatalogUsable]' started.
Test Case '-[ReleaseDiscoveryTests.ReleaseDiscoveryTests testSubscriptionFailureLeavesCatalogUsable]' passed (0.001 seconds).
Test Case '-[ReleaseDiscoveryTests.ReleaseDiscoveryTests testUnrelatedPushIsIgnoredWithoutFetching]' started.
Test Case '-[ReleaseDiscoveryTests.ReleaseDiscoveryTests testUnrelatedPushIsIgnoredWithoutFetching]' passed (0.000 seconds).
Test Case '-[ReleaseDiscoveryTests.ReleaseDiscoveryTests testUnsupportedRuntimeIsCachedButCannotNotifyOrDeepLink]' started.
Test Case '-[ReleaseDiscoveryTests.ReleaseDiscoveryTests testUnsupportedRuntimeIsCachedButCannotNotifyOrDeepLink]' passed (0.001 seconds).
Test Suite 'ReleaseDiscoveryTests' passed at 2026-07-27 19:59:14.121.
	 Executed 15 tests, with 0 failures (0 unexpected) in 0.023 (0.024) seconds
Test Suite 'ReleaseInstallationContractStoreTests' started at 2026-07-27 19:59:14.121.
Test Case '-[ReleaseDiscoveryTests.ReleaseInstallationContractStoreTests testBothCorruptSlotsFailClosed]' started.
Test Case '-[ReleaseDiscoveryTests.ReleaseInstallationContractStoreTests testBothCorruptSlotsFailClosed]' passed (0.001 seconds).
Test Case '-[ReleaseDiscoveryTests.ReleaseInstallationContractStoreTests testNewestSlotCorruptionCannotLosePinnedContract]' started.
Test Case '-[ReleaseDiscoveryTests.ReleaseInstallationContractStoreTests testNewestSlotCorruptionCannotLosePinnedContract]' passed (0.001 seconds).
Test Case '-[ReleaseDiscoveryTests.ReleaseInstallationContractStoreTests testPinRejectsImmutableReleaseAndPackageBindingChanges]' started.
Test Case '-[ReleaseDiscoveryTests.ReleaseInstallationContractStoreTests testPinRejectsImmutableReleaseAndPackageBindingChanges]' passed (0.001 seconds).
Test Case '-[ReleaseDiscoveryTests.ReleaseInstallationContractStoreTests testPinSealsExactOfflineVerificationContractAcrossColdLaunch]' started.
Test Case '-[ReleaseDiscoveryTests.ReleaseInstallationContractStoreTests testPinSealsExactOfflineVerificationContractAcrossColdLaunch]' passed (0.001 seconds).
Test Case '-[ReleaseDiscoveryTests.ReleaseInstallationContractStoreTests testRetirementIsSealedAgainstFallbackResurrection]' started.
Test Case '-[ReleaseDiscoveryTests.ReleaseInstallationContractStoreTests testRetirementIsSealedAgainstFallbackResurrection]' passed (0.002 seconds).
Test Suite 'ReleaseInstallationContractStoreTests' passed at 2026-07-27 19:59:14.127.
	 Executed 5 tests, with 0 failures (0 unexpected) in 0.006 (0.006) seconds
Test Suite 'ResponsiveAudioCursorCheckpointPumpTests' started at 2026-07-27 19:59:14.127.
Test Case '-[JourneyContentTests.ResponsiveAudioCursorCheckpointPumpTests test250MillisecondDeadlinePausesWhileWriterStillWaits]' started.
Test Case '-[JourneyContentTests.ResponsiveAudioCursorCheckpointPumpTests test250MillisecondDeadlinePausesWhileWriterStillWaits]' passed (0.275 seconds).
Test Case '-[JourneyContentTests.ResponsiveAudioCursorCheckpointPumpTests testAsyncPersistCompletionCannotLeapfrogExpiredWatchdogBaseline]' started.
Test Case '-[JourneyContentTests.ResponsiveAudioCursorCheckpointPumpTests testAsyncPersistCompletionCannotLeapfrogExpiredWatchdogBaseline]' passed (0.000 seconds).
Test Case '-[JourneyContentTests.ResponsiveAudioCursorCheckpointPumpTests testAutomaticBoundaryBeforeFirstPersistCannotTearDownSuccessorGeneration]' started.
Test Case '-[JourneyContentTests.ResponsiveAudioCursorCheckpointPumpTests testAutomaticBoundaryBeforeFirstPersistCannotTearDownSuccessorGeneration]' passed (0.032 seconds).
Test Case '-[JourneyContentTests.ResponsiveAudioCursorCheckpointPumpTests testAwaitingAuthorityPersistsProjectionButCannotRefresh250msWatchdog]' started.
Test Case '-[JourneyContentTests.ResponsiveAudioCursorCheckpointPumpTests testAwaitingAuthorityPersistsProjectionButCannotRefresh250msWatchdog]' passed (0.255 seconds).
Test Case '-[JourneyContentTests.ResponsiveAudioCursorCheckpointPumpTests testFirstCaptureAndPersistBeginWithoutAnIntervalSleep]' started.
Test Case '-[JourneyContentTests.ResponsiveAudioCursorCheckpointPumpTests testFirstCaptureAndPersistBeginWithoutAnIntervalSleep]' passed (0.000 seconds).
Test Case '-[JourneyContentTests.ResponsiveAudioCursorCheckpointPumpTests testHandoffCompletingBefore250MillisecondsTransfersSameBaseline]' started.
Test Case '-[JourneyContentTests.ResponsiveAudioCursorCheckpointPumpTests testHandoffCompletingBefore250MillisecondsTransfersSameBaseline]' passed (0.192 seconds).
Test Case '-[JourneyContentTests.ResponsiveAudioCursorCheckpointPumpTests testHandoffDeadlinePausesBeforeGatedHandoffReturns]' started.
Test Case '-[JourneyContentTests.ResponsiveAudioCursorCheckpointPumpTests testHandoffDeadlinePausesBeforeGatedHandoffReturns]' passed (0.253 seconds).
Test Case '-[JourneyContentTests.ResponsiveAudioCursorCheckpointPumpTests testSlowPersistCoalescesMissedTicksIntoOneFreshCapture]' started.
Test Case '-[JourneyContentTests.ResponsiveAudioCursorCheckpointPumpTests testSlowPersistCoalescesMissedTicksIntoOneFreshCapture]' passed (0.004 seconds).
Test Case '-[JourneyContentTests.ResponsiveAudioCursorCheckpointPumpTests testSlowPreRenderPreparationDoesNotAgeUnarmedCursor]' started.
Test Case '-[JourneyContentTests.ResponsiveAudioCursorCheckpointPumpTests testSlowPreRenderPreparationDoesNotAgeUnarmedCursor]' passed (0.063 seconds).
Test Case '-[JourneyContentTests.ResponsiveAudioCursorCheckpointPumpTests testSuccessfulWritesKeepCursorWithinBoundUntilStopped]' started.
Test Case '-[JourneyContentTests.ResponsiveAudioCursorCheckpointPumpTests testSuccessfulWritesKeepCursorWithinBoundUntilStopped]' passed (0.056 seconds).
Test Case '-[JourneyContentTests.ResponsiveAudioCursorCheckpointPumpTests testUndurableCandidateCannotRefreshExpiredRecoverableDeadline]' started.
Test Case '-[JourneyContentTests.ResponsiveAudioCursorCheckpointPumpTests testUndurableCandidateCannotRefreshExpiredRecoverableDeadline]' passed (0.000 seconds).
Test Case '-[JourneyContentTests.ResponsiveAudioCursorCheckpointPumpTests testVerifiedHandoffInside250msPreservesContinuousFreshness]' started.
Test Case '-[JourneyContentTests.ResponsiveAudioCursorCheckpointPumpTests testVerifiedHandoffInside250msPreservesContinuousFreshness]' passed (0.000 seconds).
Test Case '-[JourneyContentTests.ResponsiveAudioCursorCheckpointPumpTests testWriteCompletingWithin249MillisecondsDoesNotPause]' started.
Test Case '-[JourneyContentTests.ResponsiveAudioCursorCheckpointPumpTests testWriteCompletingWithin249MillisecondsDoesNotPause]' passed (0.206 seconds).
Test Case '-[JourneyContentTests.ResponsiveAudioCursorCheckpointPumpTests testWriteFailurePausesOnceBeforeMaximumAgeCanBeExceeded]' started.
Test Case '-[JourneyContentTests.ResponsiveAudioCursorCheckpointPumpTests testWriteFailurePausesOnceBeforeMaximumAgeCanBeExceeded]' passed (0.041 seconds).
Test Case '-[JourneyContentTests.ResponsiveAudioCursorCheckpointPumpTests testWriteLatencyDoesNotShiftAbsoluteCaptureDeadline]' started.
Test Case '-[JourneyContentTests.ResponsiveAudioCursorCheckpointPumpTests testWriteLatencyDoesNotShiftAbsoluteCaptureDeadline]' passed (0.003 seconds).
Test Suite 'ResponsiveAudioCursorCheckpointPumpTests' passed at 2026-07-27 19:59:15.511.
	 Executed 15 tests, with 0 failures (0 unexpected) in 1.382 (1.384) seconds
Test Suite 'ResponsiveAudioCursorCheckpointStoreTests' started at 2026-07-27 19:59:15.511.
Test Case '-[ProgressStoreTests.ResponsiveAudioCursorCheckpointStoreTests testAdmittedOldStoreWriteCannotBlockOrOverwriteSuccessorHandoff]' started.
Test Case '-[ProgressStoreTests.ResponsiveAudioCursorCheckpointStoreTests testAdmittedOldStoreWriteCannotBlockOrOverwriteSuccessorHandoff]' passed (0.012 seconds).
Test Case '-[ProgressStoreTests.ResponsiveAudioCursorCheckpointStoreTests testCompletedButReportedFailedOverwriteIsQuarantinedUntilRestart]' started.
Test Case '-[ProgressStoreTests.ResponsiveAudioCursorCheckpointStoreTests testCompletedButReportedFailedOverwriteIsQuarantinedUntilRestart]' passed (0.005 seconds).
Test Case '-[ProgressStoreTests.ResponsiveAudioCursorCheckpointStoreTests testFailedHandoffRetainsPriorSessionAndConsumesSuccessorID]' started.
Test Case '-[ProgressStoreTests.ResponsiveAudioCursorCheckpointStoreTests testFailedHandoffRetainsPriorSessionAndConsumesSuccessorID]' passed (0.002 seconds).
Test Case '-[ProgressStoreTests.ResponsiveAudioCursorCheckpointStoreTests testFiniteStagesRejectBoundaryWithoutDurableStagePromotion]' started.
Test Case '-[ProgressStoreTests.ResponsiveAudioCursorCheckpointStoreTests testFiniteStagesRejectBoundaryWithoutDurableStagePromotion]' passed (0.001 seconds).
Test Case '-[ProgressStoreTests.ResponsiveAudioCursorCheckpointStoreTests testHandoffDurablySeedsSuccessorBeforePriorWriterRetires]' started.
Test Case '-[ProgressStoreTests.ResponsiveAudioCursorCheckpointStoreTests testHandoffDurablySeedsSuccessorBeforePriorWriterRetires]' passed (0.002 seconds).
Test Case '-[ProgressStoreTests.ResponsiveAudioCursorCheckpointStoreTests testLoopPositionIsMonotonicAndOverflowFailsClosed]' started.
Test Case '-[ProgressStoreTests.ResponsiveAudioCursorCheckpointStoreTests testLoopPositionIsMonotonicAndOverflowFailsClosed]' passed (0.001 seconds).
Test Case '-[ProgressStoreTests.ResponsiveAudioCursorCheckpointStoreTests testNewDurableGenerationAndClosedReopenRejectOldSlot]' started.
Test Case '-[ProgressStoreTests.ResponsiveAudioCursorCheckpointStoreTests testNewDurableGenerationAndClosedReopenRejectOldSlot]' passed (0.001 seconds).
Test Case '-[ProgressStoreTests.ResponsiveAudioCursorCheckpointStoreTests testNewWriterCannotRegressSameDurableAuthority]' started.
Test Case '-[ProgressStoreTests.ResponsiveAudioCursorCheckpointStoreTests testNewWriterCannotRegressSameDurableAuthority]' passed (0.002 seconds).
Test Case '-[ProgressStoreTests.ResponsiveAudioCursorCheckpointStoreTests testPackageMigrationContentRevisionAndTimelineDigestRejectOldSlot]' started.
Test Case '-[ProgressStoreTests.ResponsiveAudioCursorCheckpointStoreTests testPackageMigrationContentRevisionAndTimelineDigestRejectOldSlot]' passed (0.001 seconds).
Test Case '-[ProgressStoreTests.ResponsiveAudioCursorCheckpointStoreTests testPartialNewestOverwriteIsRejectedInProcessAndAfterRestart]' started.
Test Case '-[ProgressStoreTests.ResponsiveAudioCursorCheckpointStoreTests testPartialNewestOverwriteIsRejectedInProcessAndAfterRestart]' passed (0.003 seconds).
Test Case '-[ProgressStoreTests.ResponsiveAudioCursorCheckpointStoreTests testPeriodicCheckpointUsesOneFileBarrierAndNoSlotReadback]' started.
Test Case '-[ProgressStoreTests.ResponsiveAudioCursorCheckpointStoreTests testPeriodicCheckpointUsesOneFileBarrierAndNoSlotReadback]' passed (0.001 seconds).
Test Case '-[ProgressStoreTests.ResponsiveAudioCursorCheckpointStoreTests testRecoveryChangesOnlyPositionAndSurvivesUnrelatedJourneyCommit]' started.
Test Case '-[ProgressStoreTests.ResponsiveAudioCursorCheckpointStoreTests testRecoveryChangesOnlyPositionAndSurvivesUnrelatedJourneyCommit]' passed (0.001 seconds).
Test Case '-[ProgressStoreTests.ResponsiveAudioCursorCheckpointStoreTests testRestartFullyScansSlotsAndRebuildsCachedGenerationHead]' started.
Test Case '-[ProgressStoreTests.ResponsiveAudioCursorCheckpointStoreTests testRestartFullyScansSlotsAndRebuildsCachedGenerationHead]' passed (0.002 seconds).
Test Case '-[ProgressStoreTests.ResponsiveAudioCursorCheckpointStoreTests testRetireDuringHandoffPreventsStaleSuccessorPromotion]' started.
Test Case '-[ProgressStoreTests.ResponsiveAudioCursorCheckpointStoreTests testRetireDuringHandoffPreventsStaleSuccessorPromotion]' passed (0.005 seconds).
Test Case '-[ProgressStoreTests.ResponsiveAudioCursorCheckpointStoreTests testRetireWaitsForAdmittedWriterBeforeRecoveryBecomesFinal]' started.
Test Case '-[ProgressStoreTests.ResponsiveAudioCursorCheckpointStoreTests testRetireWaitsForAdmittedWriterBeforeRecoveryBecomesFinal]' passed (0.003 seconds).
Test Case '-[ProgressStoreTests.ResponsiveAudioCursorCheckpointStoreTests testSidecarCannotPromotePhaseStageTimelineCausalStageOrCompletion]' started.
Test Case '-[ProgressStoreTests.ResponsiveAudioCursorCheckpointStoreTests testSidecarCannotPromotePhaseStageTimelineCausalStageOrCompletion]' passed (0.001 seconds).
Test Case '-[ProgressStoreTests.ResponsiveAudioCursorCheckpointStoreTests testSilentCorruptWriterSuccessIsRejectedByRecoveryAndRestart]' started.
Test Case '-[ProgressStoreTests.ResponsiveAudioCursorCheckpointStoreTests testSilentCorruptWriterSuccessIsRejectedByRecoveryAndRestart]' passed (0.002 seconds).
Test Case '-[ProgressStoreTests.ResponsiveAudioCursorCheckpointStoreTests testStaleOldPumpCompletionAfterHandoffCannotFailClosedNewGeneration]' started.
Test Case '-[ProgressStoreTests.ResponsiveAudioCursorCheckpointStoreTests testStaleOldPumpCompletionAfterHandoffCannotFailClosedNewGeneration]' passed (0.002 seconds).
Test Case '-[ProgressStoreTests.ResponsiveAudioCursorCheckpointStoreTests testThirdConcurrentWriteCannotConsumeCrashFallbackSlot]' started.
Test Case '-[ProgressStoreTests.ResponsiveAudioCursorCheckpointStoreTests testThirdConcurrentWriteCannotConsumeCrashFallbackSlot]' passed (0.006 seconds).
Test Case '-[ProgressStoreTests.ResponsiveAudioCursorCheckpointStoreTests testTornNewestSlotFallsBackToPreviousVerifiedPosition]' started.
Test Case '-[ProgressStoreTests.ResponsiveAudioCursorCheckpointStoreTests testTornNewestSlotFallsBackToPreviousVerifiedPosition]' passed (0.001 seconds).
Test Case '-[ProgressStoreTests.ResponsiveAudioCursorCheckpointStoreTests testWriterSessionIDCannotBeReusedAndFailedWritePreservesOldSlot]' started.
Test Case '-[ProgressStoreTests.ResponsiveAudioCursorCheckpointStoreTests testWriterSessionIDCannotBeReusedAndFailedWritePreservesOldSlot]' passed (0.001 seconds).
Test Suite 'ResponsiveAudioCursorCheckpointStoreTests' passed at 2026-07-27 19:59:15.568.
	 Executed 21 tests, with 0 failures (0 unexpected) in 0.055 (0.057) seconds
Test Suite 'ResponsiveAudioPhaseDurabilityPolicyTests' started at 2026-07-27 19:59:15.568.
Test Case '-[JourneyContentTests.ResponsiveAudioPhaseDurabilityPolicyTests testRepeatedTouchAndVoiceOverPhaseProducesOneCommit]' started.
Test Case '-[JourneyContentTests.ResponsiveAudioPhaseDurabilityPolicyTests testRepeatedTouchAndVoiceOverPhaseProducesOneCommit]' passed (0.000 seconds).
Test Case '-[JourneyContentTests.ResponsiveAudioPhaseDurabilityPolicyTests testSuspensionBlocksNewPhaseAndApproachDefersLatestIntent]' started.
Test Case '-[JourneyContentTests.ResponsiveAudioPhaseDurabilityPolicyTests testSuspensionBlocksNewPhaseAndApproachDefersLatestIntent]' passed (0.000 seconds).
Test Suite 'ResponsiveAudioPhaseDurabilityPolicyTests' passed at 2026-07-27 19:59:15.568.
	 Executed 2 tests, with 0 failures (0 unexpected) in 0.000 (0.000) seconds
Test Suite 'ResponsiveAudioPlaybackStartSupersessionPolicyTests' started at 2026-07-27 19:59:15.568.
Test Case '-[JourneyContentTests.ResponsiveAudioPlaybackStartSupersessionPolicyTests testAlreadyPlayingDuringRuntimeTransitionFailsClosed]' started.
Test Case '-[JourneyContentTests.ResponsiveAudioPlaybackStartSupersessionPolicyTests testAlreadyPlayingDuringRuntimeTransitionFailsClosed]' passed (0.000 seconds).
Test Case '-[JourneyContentTests.ResponsiveAudioPlaybackStartSupersessionPolicyTests testAlreadyPlayingWithoutCrashCursorProtectionFailsClosed]' started.
Test Case '-[JourneyContentTests.ResponsiveAudioPlaybackStartSupersessionPolicyTests testAlreadyPlayingWithoutCrashCursorProtectionFailsClosed]' passed (0.000 seconds).
Test Case '-[JourneyContentTests.ResponsiveAudioPlaybackStartSupersessionPolicyTests testContinuationDecisionAwaitsAuthorityButStopsAtOrderedJourneyBoundary]' started.
Test Case '-[JourneyContentTests.ResponsiveAudioPlaybackStartSupersessionPolicyTests testContinuationDecisionAwaitsAuthorityButStopsAtOrderedJourneyBoundary]' passed (0.000 seconds).
Test Case '-[JourneyContentTests.ResponsiveAudioPlaybackStartSupersessionPolicyTests testContinuationDecisionRejectsCancellationSuspensionAndMissingLease]' started.
Test Case '-[JourneyContentTests.ResponsiveAudioPlaybackStartSupersessionPolicyTests testContinuationDecisionRejectsCancellationSuspensionAndMissingLease]' passed (0.000 seconds).
Test Case '-[JourneyContentTests.ResponsiveAudioPlaybackStartSupersessionPolicyTests testContinuationDecisionRejectsEveryStaleAuthoredLeaseField]' started.
Test Case '-[JourneyContentTests.ResponsiveAudioPlaybackStartSupersessionPolicyTests testContinuationDecisionRejectsEveryStaleAuthoredLeaseField]' passed (0.000 seconds).
Test Case '-[JourneyContentTests.ResponsiveAudioPlaybackStartSupersessionPolicyTests testContinuationDecisionRequiresSettledAuthorityAndInactiveRuntime]' started.
Test Case '-[JourneyContentTests.ResponsiveAudioPlaybackStartSupersessionPolicyTests testContinuationDecisionRequiresSettledAuthorityAndInactiveRuntime]' passed (0.000 seconds).
Test Case '-[JourneyContentTests.ResponsiveAudioPlaybackStartSupersessionPolicyTests testCurrentCallerRetriesCancelledStartAfterControllerRebind]' started.
Test Case '-[JourneyContentTests.ResponsiveAudioPlaybackStartSupersessionPolicyTests testCurrentCallerRetriesCancelledStartAfterControllerRebind]' passed (0.000 seconds).
Test Case '-[JourneyContentTests.ResponsiveAudioPlaybackStartSupersessionPolicyTests testExactAlreadyPlayingProtectedAuthoritySucceedsWithoutSecondPlay]' started.
Test Case '-[JourneyContentTests.ResponsiveAudioPlaybackStartSupersessionPolicyTests testExactAlreadyPlayingProtectedAuthoritySucceedsWithoutSecondPlay]' passed (0.000 seconds).
Test Case '-[JourneyContentTests.ResponsiveAudioPlaybackStartSupersessionPolicyTests testGenuineFailureInCurrentLifecycleIsNotRetried]' started.
Test Case '-[JourneyContentTests.ResponsiveAudioPlaybackStartSupersessionPolicyTests testGenuineFailureInCurrentLifecycleIsNotRetried]' passed (0.000 seconds).
Test Case '-[JourneyContentTests.ResponsiveAudioPlaybackStartSupersessionPolicyTests testPausedControllerUsesExistingStartPath]' started.
Test Case '-[JourneyContentTests.ResponsiveAudioPlaybackStartSupersessionPolicyTests testPausedControllerUsesExistingStartPath]' passed (0.000 seconds).
Test Case '-[JourneyContentTests.ResponsiveAudioPlaybackStartSupersessionPolicyTests testSuspensionAndStaleCallerCannotTurnCancellationIntoAutoplay]' started.
Test Case '-[JourneyContentTests.ResponsiveAudioPlaybackStartSupersessionPolicyTests testSuspensionAndStaleCallerCannotTurnCancellationIntoAutoplay]' passed (0.000 seconds).
Test Suite 'ResponsiveAudioPlaybackStartSupersessionPolicyTests' passed at 2026-07-27 19:59:15.570.
	 Executed 11 tests, with 0 failures (0 unexpected) in 0.001 (0.001) seconds
Test Suite 'ResponsiveAudioPresentationRebasePolicyTests' started at 2026-07-27 19:59:15.570.
Test Case '-[ChapterRuntimeTests.ResponsiveAudioPresentationRebasePolicyTests testEveryNonAudioAuthorityClassRejectsTheRebase]' started.
Test Case '-[ChapterRuntimeTests.ResponsiveAudioPresentationRebasePolicyTests testEveryNonAudioAuthorityClassRejectsTheRebase]' passed (0.005 seconds).
Test Case '-[ChapterRuntimeTests.ResponsiveAudioPresentationRebasePolicyTests testIdenticalStateIsAnExplicitNoOp]' started.
Test Case '-[ChapterRuntimeTests.ResponsiveAudioPresentationRebasePolicyTests testIdenticalStateIsAnExplicitNoOp]' passed (0.004 seconds).
Test Case '-[ChapterRuntimeTests.ResponsiveAudioPresentationRebasePolicyTests testReducerProducedBeginSnapshotAndEndAreTheOnlyForwardRebases]' started.
Test Case '-[ChapterRuntimeTests.ResponsiveAudioPresentationRebasePolicyTests testReducerProducedBeginSnapshotAndEndAreTheOnlyForwardRebases]' passed (0.004 seconds).
Test Case '-[ChapterRuntimeTests.ResponsiveAudioPresentationRebasePolicyTests testUnequalAudioStateRequiresBothCountersToAdvanceStrictly]' started.
Test Case '-[ChapterRuntimeTests.ResponsiveAudioPresentationRebasePolicyTests testUnequalAudioStateRequiresBothCountersToAdvanceStrictly]' passed (0.004 seconds).
Test Suite 'ResponsiveAudioPresentationRebasePolicyTests' passed at 2026-07-27 19:59:15.586.
	 Executed 4 tests, with 0 failures (0 unexpected) in 0.017 (0.017) seconds
Test Suite 'ResponsiveAudioProgramRuntimeTests' started at 2026-07-27 19:59:15.586.
Test Case '-[DramaticAudioTests.ResponsiveAudioProgramRuntimeTests testApproachCausalStageRestagesSuccessorWithoutRestartAndRejectsStaleBoundary]' started.
Test Case '-[DramaticAudioTests.ResponsiveAudioProgramRuntimeTests testApproachCausalStageRestagesSuccessorWithoutRestartAndRejectsStaleBoundary]' passed (0.001 seconds).
Test Case '-[DramaticAudioTests.ResponsiveAudioProgramRuntimeTests testApproachCausalStageRestagingFailureRestoresPreviousSuccessorAtomically]' started.
Test Case '-[DramaticAudioTests.ResponsiveAudioProgramRuntimeTests testApproachCausalStageRestagingFailureRestoresPreviousSuccessorAtomically]' passed (0.000 seconds).
Test Case '-[DramaticAudioTests.ResponsiveAudioProgramRuntimeTests testApproachCausalStageRestagingUsesLatestMonotoneAuthority]' started.
Test Case '-[DramaticAudioTests.ResponsiveAudioProgramRuntimeTests testApproachCausalStageRestagingUsesLatestMonotoneAuthority]' passed (0.000 seconds).
Test Case '-[DramaticAudioTests.ResponsiveAudioProgramRuntimeTests testApproachEntersIndefiniteWaitingBedWithoutLoopingNarration]' started.
Test Case '-[DramaticAudioTests.ResponsiveAudioProgramRuntimeTests testApproachEntersIndefiniteWaitingBedWithoutLoopingNarration]' passed (0.000 seconds).
Test Case '-[DramaticAudioTests.ResponsiveAudioProgramRuntimeTests testAutomaticApproachBoundaryIsAtomicAcrossCheckpointOrderings]' started.
Test Case '-[DramaticAudioTests.ResponsiveAudioProgramRuntimeTests testAutomaticApproachBoundaryIsAtomicAcrossCheckpointOrderings]' passed (0.000 seconds).
Test Case '-[DramaticAudioTests.ResponsiveAudioProgramRuntimeTests testAutomaticBoundaryRejectsStaleControllerGeneration]' started.
Test Case '-[DramaticAudioTests.ResponsiveAudioProgramRuntimeTests testAutomaticBoundaryRejectsStaleControllerGeneration]' passed (0.000 seconds).
Test Case '-[DramaticAudioTests.ResponsiveAudioProgramRuntimeTests testAutomaticConsequenceCompletionEmitsExactTerminalAction]' started.
Test Case '-[DramaticAudioTests.ResponsiveAudioProgramRuntimeTests testAutomaticConsequenceCompletionEmitsExactTerminalAction]' passed (0.000 seconds).
Test Case '-[DramaticAudioTests.ResponsiveAudioProgramRuntimeTests testCausalControllerTransitionsWithoutPauseOrPrepareAndKeepsCommonClock]' started.
Test Case '-[DramaticAudioTests.ResponsiveAudioProgramRuntimeTests testCausalControllerTransitionsWithoutPauseOrPrepareAndKeepsCommonClock]' passed (0.000 seconds).
Test Case '-[DramaticAudioTests.ResponsiveAudioProgramRuntimeTests testCausalMixSchemaIsExplicitLegacyCompatibleAndFailClosed]' started.
Test Case '-[DramaticAudioTests.ResponsiveAudioProgramRuntimeTests testCausalMixSchemaIsExplicitLegacyCompatibleAndFailClosed]' passed (0.000 seconds).
Test Case '-[DramaticAudioTests.ResponsiveAudioProgramRuntimeTests testCausalPlaybackPlanResolvesMissingStageAsZeroAndRestoresExactTarget]' started.
Test Case '-[DramaticAudioTests.ResponsiveAudioProgramRuntimeTests testCausalPlaybackPlanResolvesMissingStageAsZeroAndRestoresExactTarget]' passed (0.000 seconds).
Test Case '-[DramaticAudioTests.ResponsiveAudioProgramRuntimeTests testCausalStageIsMonotonicAndPhaseChangesKeepItsExactClock]' started.
Test Case '-[DramaticAudioTests.ResponsiveAudioProgramRuntimeTests testCausalStageIsMonotonicAndPhaseChangesKeepItsExactClock]' passed (0.000 seconds).
Test Case '-[DramaticAudioTests.ResponsiveAudioProgramRuntimeTests testColdRestorePreservesCausalStagePhaseSampleAndPausedIntent]' started.
Test Case '-[DramaticAudioTests.ResponsiveAudioProgramRuntimeTests testColdRestorePreservesCausalStagePhaseSampleAndPausedIntent]' passed (0.000 seconds).
Test Case '-[DramaticAudioTests.ResponsiveAudioProgramRuntimeTests testColdRestorePreservesExactAuthoredSilenceAndReturnsPaused]' started.
Test Case '-[DramaticAudioTests.ResponsiveAudioProgramRuntimeTests testColdRestorePreservesExactAuthoredSilenceAndReturnsPaused]' passed (0.000 seconds).
Test Case '-[DramaticAudioTests.ResponsiveAudioProgramRuntimeTests testCompletedCallbackDelayCannotPublishTerminalAuthority]' started.
Test Case '-[DramaticAudioTests.ResponsiveAudioProgramRuntimeTests testCompletedCallbackDelayCannotPublishTerminalAuthority]' passed (0.000 seconds).
Test Case '-[DramaticAudioTests.ResponsiveAudioProgramRuntimeTests testControllerAppliesPreferencesWithoutMovingCursorOrStartingPlayback]' started.
Test Case '-[DramaticAudioTests.ResponsiveAudioProgramRuntimeTests testControllerAppliesPreferencesWithoutMovingCursorOrStartingPlayback]' passed (0.000 seconds).
Test Case '-[DramaticAudioTests.ResponsiveAudioProgramRuntimeTests testControllerColdRestoreRequiresJourneyAuthorityAndPromotesCrashGap]' started.
Test Case '-[DramaticAudioTests.ResponsiveAudioProgramRuntimeTests testControllerColdRestoreRequiresJourneyAuthorityAndPromotesCrashGap]' passed (0.000 seconds).
Test Case '-[DramaticAudioTests.ResponsiveAudioProgramRuntimeTests testControllerDiscardsBoundaryActionCapturedByFailedPause]' started.
Test Case '-[DramaticAudioTests.ResponsiveAudioProgramRuntimeTests testControllerDiscardsBoundaryActionCapturedByFailedPause]' passed (0.000 seconds).
Test Case '-[DramaticAudioTests.ResponsiveAudioProgramRuntimeTests testControllerDiscardsPhaseAndConsequenceCandidatesWhenTransportFails]' started.
Test Case '-[DramaticAudioTests.ResponsiveAudioProgramRuntimeTests testControllerDiscardsPhaseAndConsequenceCandidatesWhenTransportFails]' passed (0.000 seconds).
Test Case '-[DramaticAudioTests.ResponsiveAudioProgramRuntimeTests testControllerRollsBackAfterTransportPausesThenThrows]' started.
Test Case '-[DramaticAudioTests.ResponsiveAudioProgramRuntimeTests testControllerRollsBackAfterTransportPausesThenThrows]' passed (0.000 seconds).
Test Case '-[DramaticAudioTests.ResponsiveAudioProgramRuntimeTests testControllerRollsBackRuntimeWhenLateTimelinePrepareFailsAfterPause]' started.
Test Case '-[DramaticAudioTests.ResponsiveAudioProgramRuntimeTests testControllerRollsBackRuntimeWhenLateTimelinePrepareFailsAfterPause]' passed (0.000 seconds).
Test Case '-[DramaticAudioTests.ResponsiveAudioProgramRuntimeTests testControllerSelectsStageOnlyFromCommittedTransformAndRetainsClock]' started.
Test Case '-[DramaticAudioTests.ResponsiveAudioProgramRuntimeTests testControllerSelectsStageOnlyFromCommittedTransformAndRetainsClock]' passed (0.000 seconds).
Test Case '-[DramaticAudioTests.ResponsiveAudioProgramRuntimeTests testControllerValidatesAuthoritativeTransitionSnapshotBeforeTransportCommit]' started.
Test Case '-[DramaticAudioTests.ResponsiveAudioProgramRuntimeTests testControllerValidatesAuthoritativeTransitionSnapshotBeforeTransportCommit]' passed (0.000 seconds).
Test Case '-[DramaticAudioTests.ResponsiveAudioProgramRuntimeTests testDurabilityCheckpointCannotBorrowUndurableStageAuthority]' started.
Test Case '-[DramaticAudioTests.ResponsiveAudioProgramRuntimeTests testDurabilityCheckpointCannotBorrowUndurableStageAuthority]' passed (0.000 seconds).
Test Case '-[DramaticAudioTests.ResponsiveAudioProgramRuntimeTests testDurabilityCheckpointCarriesPositionAcrossUndurablePhaseOnly]' started.
Test Case '-[DramaticAudioTests.ResponsiveAudioProgramRuntimeTests testDurabilityCheckpointCarriesPositionAcrossUndurablePhaseOnly]' passed (0.000 seconds).
Test Case '-[DramaticAudioTests.ResponsiveAudioProgramRuntimeTests testDurableReceiptMustMatchExactChapterArcBeatAndInteractionScope]' started.
Test Case '-[DramaticAudioTests.ResponsiveAudioProgramRuntimeTests testDurableReceiptMustMatchExactChapterArcBeatAndInteractionScope]' passed (0.000 seconds).
Test Case '-[DramaticAudioTests.ResponsiveAudioProgramRuntimeTests testInteractionPhaseSelectionPreservesSampleAndIteration]' started.
Test Case '-[DramaticAudioTests.ResponsiveAudioProgramRuntimeTests testInteractionPhaseSelectionPreservesSampleAndIteration]' passed (0.000 seconds).
Test Case '-[DramaticAudioTests.ResponsiveAudioProgramRuntimeTests testLegacyPhaseOnlySnapshotDecodesWithoutCausalStage]' started.
Test Case '-[DramaticAudioTests.ResponsiveAudioProgramRuntimeTests testLegacyPhaseOnlySnapshotDecodesWithoutCausalStage]' passed (0.000 seconds).
Test Case '-[DramaticAudioTests.ResponsiveAudioProgramRuntimeTests testLoopOverflowFailsAtomicallyWithoutMovingCursor]' started.
Test Case '-[DramaticAudioTests.ResponsiveAudioProgramRuntimeTests testLoopOverflowFailsAtomicallyWithoutMovingCursor]' passed (0.000 seconds).
Test Case '-[DramaticAudioTests.ResponsiveAudioProgramRuntimeTests testLoopPhaseStatesMustMatchRolesAndShareExactDuration]' started.
Test Case '-[DramaticAudioTests.ResponsiveAudioProgramRuntimeTests testLoopPhaseStatesMustMatchRolesAndShareExactDuration]' passed (0.000 seconds).
Test Case '-[DramaticAudioTests.ResponsiveAudioProgramRuntimeTests testNativeControllerPersistsSampleCursorAndReleasesConsequenceOnlyAfterCommit]' started.
Test Case '-[DramaticAudioTests.ResponsiveAudioProgramRuntimeTests testNativeControllerPersistsSampleCursorAndReleasesConsequenceOnlyAfterCommit]' passed (0.000 seconds).
Test Case '-[DramaticAudioTests.ResponsiveAudioProgramRuntimeTests testNativeControllerRejectsDuplicateTimelineIDsWithoutTrapping]' started.
Test Case '-[DramaticAudioTests.ResponsiveAudioProgramRuntimeTests testNativeControllerRejectsDuplicateTimelineIDsWithoutTrapping]' passed (0.000 seconds).
Test Case '-[DramaticAudioTests.ResponsiveAudioProgramRuntimeTests testNonCompletingCommitCannotCreateReceiptAndRepeatedCompletionCannotCommit]' started.
Test Case '-[DramaticAudioTests.ResponsiveAudioProgramRuntimeTests testNonCompletingCommitCannotCreateReceiptAndRepeatedCompletionCannotCommit]' passed (0.000 seconds).
Test Case '-[DramaticAudioTests.ResponsiveAudioProgramRuntimeTests testOnlyActualDurableCompletionReleasesConsequence]' started.
Test Case '-[DramaticAudioTests.ResponsiveAudioProgramRuntimeTests testOnlyActualDurableCompletionReleasesConsequence]' passed (0.000 seconds).
Test Case '-[DramaticAudioTests.ResponsiveAudioProgramRuntimeTests testProgramValidationRequiresCompletePhaseMapAndRejectsNarrationInLoop]' started.
Test Case '-[DramaticAudioTests.ResponsiveAudioProgramRuntimeTests testProgramValidationRequiresCompletePhaseMapAndRejectsNarrationInLoop]' passed (0.000 seconds).
Test Case '-[DramaticAudioTests.ResponsiveAudioProgramRuntimeTests testQuarterSecondApproachBoundaryDelayCannotPublishWaitingAuthority]' started.
Test Case '-[DramaticAudioTests.ResponsiveAudioProgramRuntimeTests testQuarterSecondApproachBoundaryDelayCannotPublishWaitingAuthority]' passed (0.000 seconds).
Test Case '-[DramaticAudioTests.ResponsiveAudioProgramRuntimeTests testQuarterSecondCausalCommitDelayKeepsDurableStageAuthority]' started.
Test Case '-[DramaticAudioTests.ResponsiveAudioProgramRuntimeTests testQuarterSecondCausalCommitDelayKeepsDurableStageAuthority]' passed (0.000 seconds).
Test Case '-[DramaticAudioTests.ResponsiveAudioProgramRuntimeTests testQuarterSecondPhaseCommitDelayKeepsDurablePhaseAuthority]' started.
Test Case '-[DramaticAudioTests.ResponsiveAudioProgramRuntimeTests testQuarterSecondPhaseCommitDelayKeepsDurablePhaseAuthority]' passed (0.000 seconds).
Test Case '-[DramaticAudioTests.ResponsiveAudioProgramRuntimeTests testSnapshotRestoreFailsClosedForWrongTimelineOrTerminalBoundary]' started.
Test Case '-[DramaticAudioTests.ResponsiveAudioProgramRuntimeTests testSnapshotRestoreFailsClosedForWrongTimelineOrTerminalBoundary]' passed (0.000 seconds).
Test Suite 'ResponsiveAudioProgramRuntimeTests' passed at 2026-07-27 19:59:15.599.
	 Executed 38 tests, with 0 failures (0 unexpected) in 0.011 (0.013) seconds
Test Suite 'ResponsiveAudioSceneMutationGateTests' started at 2026-07-27 19:59:15.599.
Test Case '-[JourneyContentTests.ResponsiveAudioSceneMutationGateTests testBlockingAudioFollowUpDefersSuspendAndPhaseSnapshotMaterialization]' started.
Test Case '-[JourneyContentTests.ResponsiveAudioSceneMutationGateTests testBlockingAudioFollowUpDefersSuspendAndPhaseSnapshotMaterialization]' passed (0.000 seconds).
Test Case '-[JourneyContentTests.ResponsiveAudioSceneMutationGateTests testBoundaryAtEverySceneCommitBarrierIsRederivedOnlyAfterSceneFinishes]' started.
Test Case '-[JourneyContentTests.ResponsiveAudioSceneMutationGateTests testBoundaryAtEverySceneCommitBarrierIsRederivedOnlyAfterSceneFinishes]' passed (0.000 seconds).
Test Case '-[JourneyContentTests.ResponsiveAudioSceneMutationGateTests testBoundaryBlocksImmediateInputBeforeDurabilityDrainStarts]' started.
Test Case '-[JourneyContentTests.ResponsiveAudioSceneMutationGateTests testBoundaryBlocksImmediateInputBeforeDurabilityDrainStarts]' passed (0.000 seconds).
Test Case '-[JourneyContentTests.ResponsiveAudioSceneMutationGateTests testDeferredBoundaryRejectsDifferentControllerAndDuplicateRelease]' started.
Test Case '-[JourneyContentTests.ResponsiveAudioSceneMutationGateTests testDeferredBoundaryRejectsDifferentControllerAndDuplicateRelease]' passed (0.000 seconds).
Test Case '-[JourneyContentTests.ResponsiveAudioSceneMutationGateTests testDeferredIntentRemainsOwnedByTheOnlyAdmittedResponsiveTransaction]' started.
Test Case '-[JourneyContentTests.ResponsiveAudioSceneMutationGateTests testDeferredIntentRemainsOwnedByTheOnlyAdmittedResponsiveTransaction]' passed (0.000 seconds).
Test Case '-[JourneyContentTests.ResponsiveAudioSceneMutationGateTests testThreeStageTransformCannotAdmitAnotherStageAfterAudioFailure]' started.
Test Case '-[JourneyContentTests.ResponsiveAudioSceneMutationGateTests testThreeStageTransformCannotAdmitAnotherStageAfterAudioFailure]' passed (0.000 seconds).
Test Suite 'ResponsiveAudioSceneMutationGateTests' passed at 2026-07-27 19:59:15.600.
	 Executed 6 tests, with 0 failures (0 unexpected) in 0.001 (0.001) seconds
Test Suite 'ResponsiveAudioSessionAuthorityTests' started at 2026-07-27 19:59:15.600.
Test Case '-[JourneyDomainTests.ResponsiveAudioSessionAuthorityTests testBeatChangeTombstonesPriorCursorAuthority]' started.
Test Case '-[JourneyDomainTests.ResponsiveAudioSessionAuthorityTests testBeatChangeTombstonesPriorCursorAuthority]' passed (0.000 seconds).
Test Case '-[JourneyDomainTests.ResponsiveAudioSessionAuthorityTests testSessionAuthorityIsDurableMonotonicAndReplayDeterministic]' started.
Test Case '-[JourneyDomainTests.ResponsiveAudioSessionAuthorityTests testSessionAuthorityIsDurableMonotonicAndReplayDeterministic]' passed (0.000 seconds).
Test Suite 'ResponsiveAudioSessionAuthorityTests' passed at 2026-07-27 19:59:15.601.
	 Executed 2 tests, with 0 failures (0 unexpected) in 0.000 (0.000) seconds
Test Suite 'SaveMigrationManifestTests' started at 2026-07-27 19:59:15.601.
Test Case '-[ContentKitTests.SaveMigrationManifestTests testIntegrityMaterialBindsCanonicalMigrationDeclaration]' started.
Test Case '-[ContentKitTests.SaveMigrationManifestTests testIntegrityMaterialBindsCanonicalMigrationDeclaration]' passed (0.001 seconds).
Test Case '-[ContentKitTests.SaveMigrationManifestTests testVerifiedManifestAuthenticatesMigrationDeclarationAndRejectsTamper]' started.
Test Case '-[ContentKitTests.SaveMigrationManifestTests testVerifiedManifestAuthenticatesMigrationDeclarationAndRejectsTamper]' passed (0.001 seconds).
Test Case '-[ContentKitTests.SaveMigrationManifestTests testVerifierRejectsIncompleteAndAmbiguousGraphsBeforeActivation]' started.
Test Case '-[ContentKitTests.SaveMigrationManifestTests testVerifierRejectsIncompleteAndAmbiguousGraphsBeforeActivation]' passed (0.000 seconds).
Test Case '-[ContentKitTests.SaveMigrationManifestTests testVerifierRejectsMissingOrUnknownWorldOwnership]' started.
Test Case '-[ContentKitTests.SaveMigrationManifestTests testVerifierRejectsMissingOrUnknownWorldOwnership]' passed (0.001 seconds).
Test Suite 'SaveMigrationManifestTests' passed at 2026-07-27 19:59:15.604.
	 Executed 4 tests, with 0 failures (0 unexpected) in 0.003 (0.003) seconds
Test Suite 'SaveMigrationRegistryTests' started at 2026-07-27 19:59:15.604.
Test Case '-[ProgressStoreTests.SaveMigrationRegistryTests testDescriptorTamperAndUndeclaredMutationFailClosed]' started.
Test Case '-[ProgressStoreTests.SaveMigrationRegistryTests testDescriptorTamperAndUndeclaredMutationFailClosed]' passed (0.001 seconds).
Test Case '-[ProgressStoreTests.SaveMigrationRegistryTests testInterruptedCommitRestoresExactPriorBytesAndTamperedRecoveryFailsClosed]' started.
Test Case '-[ProgressStoreTests.SaveMigrationRegistryTests testInterruptedCommitRestoresExactPriorBytesAndTamperedRecoveryFailsClosed]' passed (0.004 seconds).
Test Case '-[ProgressStoreTests.SaveMigrationRegistryTests testInterruptedManualRollbackRecoversTheExactOldSavePair]' started.
Test Case '-[ProgressStoreTests.SaveMigrationRegistryTests testInterruptedManualRollbackRecoversTheExactOldSavePair]' passed (0.005 seconds).
Test Case '-[ProgressStoreTests.SaveMigrationRegistryTests testLastKnownGoodRollbackRefusesToEraseLaterProgress]' started.
Test Case '-[ProgressStoreTests.SaveMigrationRegistryTests testLastKnownGoodRollbackRefusesToEraseLaterProgress]' passed (0.004 seconds).
Test Case '-[ProgressStoreTests.SaveMigrationRegistryTests testNondeterministicTransformFailsBeforeAnyStateCanPublish]' started.
Test Case '-[ProgressStoreTests.SaveMigrationRegistryTests testNondeterministicTransformFailsBeforeAnyStateCanPublish]' passed (0.000 seconds).
Test Case '-[ProgressStoreTests.SaveMigrationRegistryTests testRollbackRequiresTheExactActiveGenerationAuthority]' started.
Test Case '-[ProgressStoreTests.SaveMigrationRegistryTests testRollbackRequiresTheExactActiveGenerationAuthority]' passed (0.003 seconds).
Test Case '-[ProgressStoreTests.SaveMigrationRegistryTests testSignedGraphMigratesEveryRestorationSurfaceAndReplaysDeterministically]' started.
Test Case '-[ProgressStoreTests.SaveMigrationRegistryTests testSignedGraphMigratesEveryRestorationSurfaceAndReplaysDeterministically]' passed (0.006 seconds).
Test Case '-[ProgressStoreTests.SaveMigrationRegistryTests testUnknownAndAmbiguousSignedPathsFailClosedBeforeTransform]' started.
Test Case '-[ProgressStoreTests.SaveMigrationRegistryTests testUnknownAndAmbiguousSignedPathsFailClosedBeforeTransform]' passed (0.000 seconds).
Test Case '-[ProgressStoreTests.SaveMigrationRegistryTests testWorldMigrationCannotRewriteAnotherPackagesRecords]' started.
Test Case '-[ProgressStoreTests.SaveMigrationRegistryTests testWorldMigrationCannotRewriteAnotherPackagesRecords]' passed (0.000 seconds).
Test Suite 'SaveMigrationRegistryTests' passed at 2026-07-27 19:59:15.627.
	 Executed 9 tests, with 0 failures (0 unexpected) in 0.023 (0.023) seconds
Test Suite 'SaveMigrationRestorationPreparerTests' started at 2026-07-27 19:59:15.627.
Test Case '-[JourneyContentTests.SaveMigrationRestorationPreparerTests testAuthorityTransitionStartRejectsEveryConflictingState]' started.
Test Case '-[JourneyContentTests.SaveMigrationRestorationPreparerTests testAuthorityTransitionStartRejectsEveryConflictingState]' passed (0.000 seconds).
Test Case '-[JourneyContentTests.SaveMigrationRestorationPreparerTests testAuthorityTransitionStartRequiresLockedRestorationWindow]' started.
Test Case '-[JourneyContentTests.SaveMigrationRestorationPreparerTests testAuthorityTransitionStartRequiresLockedRestorationWindow]' passed (0.000 seconds).
Test Case '-[JourneyContentTests.SaveMigrationRestorationPreparerTests testIdentityDriftRollsBackCompletedV2BeforeV3FailureAndOldAuthorityRestoresExactPair]' started.
Test Case '-[JourneyContentTests.SaveMigrationRestorationPreparerTests testIdentityDriftRollsBackCompletedV2BeforeV3FailureAndOldAuthorityRestoresExactPair]' passed (0.005 seconds).
Test Case '-[JourneyContentTests.SaveMigrationRestorationPreparerTests testMutationBarrierKeepsAuthorityRestoreClosedUntilEveryWriterFinishes]' started.
Test Case '-[JourneyContentTests.SaveMigrationRestorationPreparerTests testMutationBarrierKeepsAuthorityRestoreClosedUntilEveryWriterFinishes]' passed (0.000 seconds).
Test Case '-[JourneyContentTests.SaveMigrationRestorationPreparerTests testOwnershipFallbackStaysDeferredUntilMigratedAuthorityIsAccepted]' started.
Test Case '-[JourneyContentTests.SaveMigrationRestorationPreparerTests testOwnershipFallbackStaysDeferredUntilMigratedAuthorityIsAccepted]' passed (0.005 seconds).
Test Case '-[JourneyContentTests.SaveMigrationRestorationPreparerTests testRestoreInternalMutationRequiresTheLockedAuthorityRestoreWindow]' started.
Test Case '-[JourneyContentTests.SaveMigrationRestorationPreparerTests testRestoreInternalMutationRequiresTheLockedAuthorityRestoreWindow]' passed (0.000 seconds).
Test Case '-[JourneyContentTests.SaveMigrationRestorationPreparerTests testSnapshotRevisionPolicyRejectsEqualAndOutOfOrderContinuations]' started.
Test Case '-[JourneyContentTests.SaveMigrationRestorationPreparerTests testSnapshotRevisionPolicyRejectsEqualAndOutOfOrderContinuations]' passed (0.000 seconds).
Test Suite 'SaveMigrationRestorationPreparerTests' passed at 2026-07-27 19:59:15.638.
	 Executed 7 tests, with 0 failures (0 unexpected) in 0.011 (0.011) seconds
Test Suite 'SceneAssemblyGripOffsetTests' started at 2026-07-27 19:59:15.638.
Test Case '-[ChapterRuntimeTests.SceneAssemblyGripOffsetTests testIrregularSourceKeepsExactPickupPointWithoutRecentering]' started.
Test Case '-[ChapterRuntimeTests.SceneAssemblyGripOffsetTests testIrregularSourceKeepsExactPickupPointWithoutRecentering]' passed (0.008 seconds).
Test Suite 'SceneAssemblyGripOffsetTests' passed at 2026-07-27 19:59:15.646.
	 Executed 1 test, with 0 failures (0 unexpected) in 0.008 (0.008) seconds
Test Suite 'SceneFramePlannerTests' started at 2026-07-27 19:59:15.646.
Test Case '-[SceneRuntimeTests.SceneFramePlannerTests testActiveVariantSelectsItsCompleteAssetAndMaskSet]' started.
Test Case '-[SceneRuntimeTests.SceneFramePlannerTests testActiveVariantSelectsItsCompleteAssetAndMaskSet]' passed (0.009 seconds).
Test Case '-[SceneRuntimeTests.SceneFramePlannerTests testAssetLoaderRejectsReplacementAfterInventoryConstruction]' started.
Test Case '-[SceneRuntimeTests.SceneFramePlannerTests testAssetLoaderRejectsReplacementAfterInventoryConstruction]' passed (0.005 seconds).
Test Case '-[SceneRuntimeTests.SceneFramePlannerTests testAssetLoaderRejectsSymlinkReplacementAfterInventoryConstruction]' started.
Test Case '-[SceneRuntimeTests.SceneFramePlannerTests testAssetLoaderRejectsSymlinkReplacementAfterInventoryConstruction]' passed (0.005 seconds).
Test Case '-[SceneRuntimeTests.SceneFramePlannerTests testAuthoredOrderRemainsAuthoritativeWhenDepthsConflict]' started.
Test Case '-[SceneRuntimeTests.SceneFramePlannerTests testAuthoredOrderRemainsAuthoritativeWhenDepthsConflict]' passed (0.004 seconds).
Test Case '-[SceneRuntimeTests.SceneFramePlannerTests testBaselinePortraitBuildsOrderedImmutableFramePlan]' started.
Test Case '-[SceneRuntimeTests.SceneFramePlannerTests testBaselinePortraitBuildsOrderedImmutableFramePlan]' passed (0.004 seconds).
Test Case '-[SceneRuntimeTests.SceneFramePlannerTests testCameraInterpolationIsPiecewiseLinearAndDeterministic]' started.
Test Case '-[SceneRuntimeTests.SceneFramePlannerTests testCameraInterpolationIsPiecewiseLinearAndDeterministic]' passed (0.004 seconds).
Test Case '-[SceneRuntimeTests.SceneFramePlannerTests testHitRegionMapsFromSceneCanvasIntoSelectedCrop]' started.
Test Case '-[SceneRuntimeTests.SceneFramePlannerTests testHitRegionMapsFromSceneCanvasIntoSelectedCrop]' passed (0.004 seconds).
Test Case '-[SceneRuntimeTests.SceneFramePlannerTests testIdenticalInputProducesEquatableIdenticalPlan]' started.
Test Case '-[SceneRuntimeTests.SceneFramePlannerTests testIdenticalInputProducesEquatableIdenticalPlan]' passed (0.007 seconds).
Test Case '-[SceneRuntimeTests.SceneFramePlannerTests testInventoryDoesNotReadLargeBytesAndFirstSceneUseRejectsReplacement]' started.
Test Case '-[SceneRuntimeTests.SceneFramePlannerTests testInventoryDoesNotReadLargeBytesAndFirstSceneUseRejectsReplacement]' passed (0.005 seconds).
Test Case '-[SceneRuntimeTests.SceneFramePlannerTests testLargestAuthoredCropMapsLayerFramesIntoItsViewport]' started.
Test Case '-[SceneRuntimeTests.SceneFramePlannerTests testLargestAuthoredCropMapsLayerFramesIntoItsViewport]' passed (0.004 seconds).
Test Case '-[SceneRuntimeTests.SceneFramePlannerTests testReduceMotionUsesAuthoredStaticCompositionAndStopsTravel]' started.
Test Case '-[SceneRuntimeTests.SceneFramePlannerTests testReduceMotionUsesAuthoredStaticCompositionAndStopsTravel]' passed (0.015 seconds).
Test Case '-[SceneRuntimeTests.SceneFramePlannerTests testRejectsAmbiguousLayerIdentityAndAuthoredOrder]' started.
Test Case '-[SceneRuntimeTests.SceneFramePlannerTests testRejectsAmbiguousLayerIdentityAndAuthoredOrder]' passed (0.007 seconds).
Test Case '-[SceneRuntimeTests.SceneFramePlannerTests testRejectsInvalidCameraProgressAndInvalidViewport]' started.
Test Case '-[SceneRuntimeTests.SceneFramePlannerTests testRejectsInvalidCameraProgressAndInvalidViewport]' passed (0.007 seconds).
Test Case '-[SceneRuntimeTests.SceneFramePlannerTests testRejectsMissingUnknownAndUnexpectedVariants]' started.
Test Case '-[SceneRuntimeTests.SceneFramePlannerTests testRejectsMissingUnknownAndUnexpectedVariants]' passed (0.017 seconds).
Test Case '-[SceneRuntimeTests.SceneFramePlannerTests testRejectsUnknownAndMissingReducedViewportCrops]' started.
Test Case '-[SceneRuntimeTests.SceneFramePlannerTests testRejectsUnknownAndMissingReducedViewportCrops]' passed (0.007 seconds).
Test Case '-[SceneRuntimeTests.SceneFramePlannerTests testSourceContactRequiresTheSelectedVariantAlphaMask]' started.
Test Case '-[SceneRuntimeTests.SceneFramePlannerTests testSourceContactRequiresTheSelectedVariantAlphaMask]' passed (0.004 seconds).
Test Case '-[SceneRuntimeTests.SceneFramePlannerTests testTouchGeometryRejectsInvalidAndAmbiguousViewportInput]' started.
Test Case '-[SceneRuntimeTests.SceneFramePlannerTests testTouchGeometryRejectsInvalidAndAmbiguousViewportInput]' passed (0.004 seconds).
Test Case '-[SceneRuntimeTests.SceneFramePlannerTests testTouchGeometryUsesTheExactDisplayedCameraAndLayerMotion]' started.
Test Case '-[SceneRuntimeTests.SceneFramePlannerTests testTouchGeometryUsesTheExactDisplayedCameraAndLayerMotion]' passed (0.003 seconds).
Test Case '-[SceneRuntimeTests.SceneFramePlannerTests testTouchTargetUsesTheSameViewportPolygonAsTheFrame]' started.
Test Case '-[SceneRuntimeTests.SceneFramePlannerTests testTouchTargetUsesTheSameViewportPolygonAsTheFrame]' passed (0.003 seconds).
Test Case '-[SceneRuntimeTests.SceneFramePlannerTests testVerifiedPackageInventoryBindsEverySceneAssetToSignedManifest]' started.
Test Case '-[SceneRuntimeTests.SceneFramePlannerTests testVerifiedPackageInventoryBindsEverySceneAssetToSignedManifest]' passed (0.004 seconds).
Test Case '-[SceneRuntimeTests.SceneFramePlannerTests testVerifiedPackageInventoryRejectsDirectoryReplacingSignedAsset]' started.
Test Case '-[SceneRuntimeTests.SceneFramePlannerTests testVerifiedPackageInventoryRejectsDirectoryReplacingSignedAsset]' passed (0.003 seconds).
Test Case '-[SceneRuntimeTests.SceneFramePlannerTests testVerifiedPackageInventoryRejectsDuplicateSignedManifestBinding]' started.
Test Case '-[SceneRuntimeTests.SceneFramePlannerTests testVerifiedPackageInventoryRejectsDuplicateSignedManifestBinding]' passed (0.003 seconds).
Test Case '-[SceneRuntimeTests.SceneFramePlannerTests testVerifiedPackageInventoryRejectsSceneAssetMissingFromManifest]' started.
Test Case '-[SceneRuntimeTests.SceneFramePlannerTests testVerifiedPackageInventoryRejectsSceneAssetMissingFromManifest]' passed (0.003 seconds).
Test Case '-[SceneRuntimeTests.SceneFramePlannerTests testVerifiedPackageInventoryRejectsSymlinkEscapeBeforeConstruction]' started.
Test Case '-[SceneRuntimeTests.SceneFramePlannerTests testVerifiedPackageInventoryRejectsSymlinkEscapeBeforeConstruction]' passed (0.003 seconds).
Test Case '-[SceneRuntimeTests.SceneFramePlannerTests testVerifiedPackageInventoryRejectsUnsafeSceneAssetPath]' started.
Test Case '-[SceneRuntimeTests.SceneFramePlannerTests testVerifiedPackageInventoryRejectsUnsafeSceneAssetPath]' passed (0.003 seconds).
Test Case '-[SceneRuntimeTests.SceneFramePlannerTests testViewportCropSelectorProvesExactBaselineAndLargestInBothMotionModes]' started.
Test Case '-[SceneRuntimeTests.SceneFramePlannerTests testViewportCropSelectorProvesExactBaselineAndLargestInBothMotionModes]' passed (0.000 seconds).
Test Case '-[SceneRuntimeTests.SceneFramePlannerTests testViewportCropSelectorRejectsAmbiguityAndCropSetDrift]' started.
Test Case '-[SceneRuntimeTests.SceneFramePlannerTests testViewportCropSelectorRejectsAmbiguityAndCropSetDrift]' passed (0.000 seconds).
Test Case '-[SceneRuntimeTests.SceneFramePlannerTests testViewportCropSelectorRejectsInvalidAndLandscapeSurfaces]' started.
Test Case '-[SceneRuntimeTests.SceneFramePlannerTests testViewportCropSelectorRejectsInvalidAndLandscapeSurfaces]' passed (0.000 seconds).
Test Case '-[SceneRuntimeTests.SceneFramePlannerTests testViewportCropSelectorRejectsMalformedAuthoredSetsBeforeSelection]' started.
Test Case '-[SceneRuntimeTests.SceneFramePlannerTests testViewportCropSelectorRejectsMalformedAuthoredSetsBeforeSelection]' passed (0.000 seconds).
Test Case '-[SceneRuntimeTests.SceneFramePlannerTests testViewportCropSelectorUsesOnlyExplicitNearbyTolerance]' started.
Test Case '-[SceneRuntimeTests.SceneFramePlannerTests testViewportCropSelectorUsesOnlyExplicitNearbyTolerance]' passed (0.000 seconds).
Test Suite 'SceneFramePlannerTests' passed at 2026-07-27 19:59:15.784.
	 Executed 30 tests, with 0 failures (0 unexpected) in 0.137 (0.138) seconds
Test Suite 'SceneImageAlphaMaskSamplerTests' started at 2026-07-27 19:59:15.784.
Test Case '-[SceneRuntimeTests.SceneImageAlphaMaskSamplerTests testCoverageDecodePreservesTopLeftPixelOrder]' started.
Test Case '-[SceneRuntimeTests.SceneImageAlphaMaskSamplerTests testCoverageDecodePreservesTopLeftPixelOrder]' passed (0.002 seconds).
Test Case '-[SceneRuntimeTests.SceneImageAlphaMaskSamplerTests testCoverageDecodeRejectsNonImageBytes]' started.
Test Case '-[SceneRuntimeTests.SceneImageAlphaMaskSamplerTests testCoverageDecodeRejectsNonImageBytes]' passed (0.000 seconds).
Test Case '-[SceneRuntimeTests.SceneImageAlphaMaskSamplerTests testPrewarmMakesFirstGestureSamplingDecodeFreeAndPurgeDropsThePlane]' started.
Test Case '-[SceneRuntimeTests.SceneImageAlphaMaskSamplerTests testPrewarmMakesFirstGestureSamplingDecodeFreeAndPurgeDropsThePlane]' passed (0.001 seconds).
Test Case '-[SceneRuntimeTests.SceneImageAlphaMaskSamplerTests testSamplerUsesTopLeftCoordinatesAndAuthoredCoverageThreshold]' started.
Test Case '-[SceneRuntimeTests.SceneImageAlphaMaskSamplerTests testSamplerUsesTopLeftCoordinatesAndAuthoredCoverageThreshold]' passed (0.001 seconds).
Test Suite 'SceneImageAlphaMaskSamplerTests' passed at 2026-07-27 19:59:15.788.
	 Executed 4 tests, with 0 failures (0 unexpected) in 0.004 (0.004) seconds
Test Suite 'SceneInteractionDriverTests' started at 2026-07-27 19:59:15.788.
Test Case '-[SceneRuntimeTests.SceneInteractionDriverTests testAllocateAcceptsDifferentSurplusChoicesButNeverBrokenObligations]' started.
Test Case '-[SceneRuntimeTests.SceneInteractionDriverTests testAllocateAcceptsDifferentSurplusChoicesButNeverBrokenObligations]' passed (0.001 seconds).
Test Case '-[SceneRuntimeTests.SceneInteractionDriverTests testAllocateReportsMaterialTotalsAndCheckpointsResistance]' started.
Test Case '-[SceneRuntimeTests.SceneInteractionDriverTests testAllocateReportsMaterialTotalsAndCheckpointsResistance]' passed (0.000 seconds).
Test Case '-[SceneRuntimeTests.SceneInteractionDriverTests testAssembleExposesOnlyCausallyAvailableComponents]' started.
Test Case '-[SceneRuntimeTests.SceneInteractionDriverTests testAssembleExposesOnlyCausallyAvailableComponents]' passed (0.000 seconds).
Test Case '-[SceneRuntimeTests.SceneInteractionDriverTests testInstanceSubmitIsOnlyALabWrapperAroundPurePreview]' started.
Test Case '-[SceneRuntimeTests.SceneInteractionDriverTests testInstanceSubmitIsOnlyALabWrapperAroundPurePreview]' passed (0.001 seconds).
Test Case '-[SceneRuntimeTests.SceneInteractionDriverTests testMismatchedAndMalformedInputsFailWithoutMutatingState]' started.
Test Case '-[SceneRuntimeTests.SceneInteractionDriverTests testMismatchedAndMalformedInputsFailWithoutMutatingState]' passed (0.000 seconds).
Test Case '-[SceneRuntimeTests.SceneInteractionDriverTests testPressureTracksNetForceStableTimeAndBreaksTheHold]' started.
Test Case '-[SceneRuntimeTests.SceneInteractionDriverTests testPressureTracksNetForceStableTimeAndBreaksTheHold]' passed (0.000 seconds).
Test Case '-[SceneRuntimeTests.SceneInteractionDriverTests testPurePreviewCannotUndoACompletedConsequence]' started.
Test Case '-[SceneRuntimeTests.SceneInteractionDriverTests testPurePreviewCannotUndoACompletedConsequence]' passed (0.000 seconds).
Test Case '-[SceneRuntimeTests.SceneInteractionDriverTests testPurePreviewMatchesJourneyReducerWithoutMutatingCommittedState]' started.
Test Case '-[SceneRuntimeTests.SceneInteractionDriverTests testPurePreviewMatchesJourneyReducerWithoutMutatingCommittedState]' passed (0.000 seconds).
Test Case '-[SceneRuntimeTests.SceneInteractionDriverTests testReplayFromEveryCheckpointProducesTheSameNextResponse]' started.
Test Case '-[SceneRuntimeTests.SceneInteractionDriverTests testReplayFromEveryCheckpointProducesTheSameNextResponse]' passed (0.001 seconds).
Test Case '-[SceneRuntimeTests.SceneInteractionDriverTests testResponseAndCheckpointAreStableCodableValues]' started.
Test Case '-[SceneRuntimeTests.SceneInteractionDriverTests testResponseAndCheckpointAreStableCodableValues]' passed (0.001 seconds).
Test Case '-[SceneRuntimeTests.SceneInteractionDriverTests testRestoreRejectsWrongVersionChangedSpecAndForgedState]' started.
Test Case '-[SceneRuntimeTests.SceneInteractionDriverTests testRestoreRejectsWrongVersionChangedSpecAndForgedState]' passed (0.000 seconds).
Test Case '-[SceneRuntimeTests.SceneInteractionDriverTests testTouchAndResolvedSemanticInputsHaveExactParityForEveryGrammar]' started.
Test Case '-[SceneRuntimeTests.SceneInteractionDriverTests testTouchAndResolvedSemanticInputsHaveExactParityForEveryGrammar]' passed (0.001 seconds).
Test Case '-[SceneRuntimeTests.SceneInteractionDriverTests testTraceCoalescedSweepAdvancesExactlyOneAnchorAndReplays]' started.
Test Case '-[SceneRuntimeTests.SceneInteractionDriverTests testTraceCoalescedSweepAdvancesExactlyOneAnchorAndReplays]' passed (0.000 seconds).
Test Case '-[SceneRuntimeTests.SceneInteractionDriverTests testTraceDeferredTransportPreservesAnchorContactAtNinetyDegreeTurn]' started.
Test Case '-[SceneRuntimeTests.SceneInteractionDriverTests testTraceDeferredTransportPreservesAnchorContactAtNinetyDegreeTurn]' passed (0.000 seconds).
Test Case '-[SceneRuntimeTests.SceneInteractionDriverTests testTraceProducesResistanceProgressCompletionAndExactRestore]' started.
Test Case '-[SceneRuntimeTests.SceneInteractionDriverTests testTraceProducesResistanceProgressCompletionAndExactRestore]' passed (0.000 seconds).
Test Case '-[SceneRuntimeTests.SceneInteractionDriverTests testTraceTouchSamplingDropsOnlyStationaryDuplicatesWithinOneGesture]' started.
Test Case '-[SceneRuntimeTests.SceneInteractionDriverTests testTraceTouchSamplingDropsOnlyStationaryDuplicatesWithinOneGesture]' passed (0.000 seconds).
Test Case '-[SceneRuntimeTests.SceneInteractionDriverTests testTransformPreservesMonotonicStageProgressAcrossRestore]' started.
Test Case '-[SceneRuntimeTests.SceneInteractionDriverTests testTransformPreservesMonotonicStageProgressAcrossRestore]' passed (0.000 seconds).
Test Suite 'SceneInteractionDriverTests' passed at 2026-07-27 19:59:15.796.
	 Executed 17 tests, with 0 failures (0 unexpected) in 0.008 (0.008) seconds
Test Suite 'SceneInteractionVisualAdapterTests' started at 2026-07-27 19:59:15.796.
Test Case '-[SceneRuntimeTests.SceneInteractionVisualAdapterTests testAssembleDropAcceptanceFollowsAuthoredDependencyDataOnly]' started.
Test Case '-[SceneRuntimeTests.SceneInteractionVisualAdapterTests testAssembleDropAcceptanceFollowsAuthoredDependencyDataOnly]' passed (0.011 seconds).
Test Case '-[SceneRuntimeTests.SceneInteractionVisualAdapterTests testAssembleMapsAvailabilityResistancePlacementAndCompletionPerComponent]' started.
Test Case '-[SceneRuntimeTests.SceneInteractionVisualAdapterTests testAssembleMapsAvailabilityResistancePlacementAndCompletionPerComponent]' passed (0.002 seconds).
Test Case '-[SceneRuntimeTests.SceneInteractionVisualAdapterTests testDisplayedHitRegionsResolveAllFourNonAllocateGrammarsToCanonicalActions]' started.
Test Case '-[SceneRuntimeTests.SceneInteractionVisualAdapterTests testDisplayedHitRegionsResolveAllFourNonAllocateGrammarsToCanonicalActions]' passed (0.016 seconds).
Test Case '-[SceneRuntimeTests.SceneInteractionVisualAdapterTests testEveryAdapterRejectsAllocateOnlyEphemeralManipulationState]' started.
Test Case '-[SceneRuntimeTests.SceneInteractionVisualAdapterTests testEveryAdapterRejectsAllocateOnlyEphemeralManipulationState]' passed (0.001 seconds).
Test Case '-[SceneRuntimeTests.SceneInteractionVisualAdapterTests testEveryAdapterRejectsForgedRuntimeStateAndMismatchedProgressGrammar]' started.
Test Case '-[SceneRuntimeTests.SceneInteractionVisualAdapterTests testEveryAdapterRejectsForgedRuntimeStateAndMismatchedProgressGrammar]' passed (0.001 seconds).
Test Case '-[SceneRuntimeTests.SceneInteractionVisualAdapterTests testEveryAdapterRequiresEveryAndOnlyStatefulLayerExactlyOnce]' started.
Test Case '-[SceneRuntimeTests.SceneInteractionVisualAdapterTests testEveryAdapterRequiresEveryAndOnlyStatefulLayerExactlyOnce]' passed (0.001 seconds).
Test Case '-[SceneRuntimeTests.SceneInteractionVisualAdapterTests testHardKillSnapshotRestoreRebuildsExactNormalAndReduceMotionFramePlans]' started.
Test Case '-[SceneRuntimeTests.SceneInteractionVisualAdapterTests testHardKillSnapshotRestoreRebuildsExactNormalAndReduceMotionFramePlans]' passed (0.021 seconds).
Test Case '-[SceneRuntimeTests.SceneInteractionVisualAdapterTests testPressureMapsRestingResistanceThresholdAndCompletionWithoutInventingForceVariants]' started.
Test Case '-[SceneRuntimeTests.SceneInteractionVisualAdapterTests testPressureMapsRestingResistanceThresholdAndCompletionWithoutInventingForceVariants]' passed (0.001 seconds).
Test Case '-[SceneRuntimeTests.SceneInteractionVisualAdapterTests testReduceMotionPreservesEveryCausalVariantAndRemovesSpatialMotion]' started.
Test Case '-[SceneRuntimeTests.SceneInteractionVisualAdapterTests testReduceMotionPreservesEveryCausalVariantAndRemovesSpatialMotion]' passed (0.017 seconds).
Test Case '-[SceneRuntimeTests.SceneInteractionVisualAdapterTests testTouchAndVoiceOverInputPathsProduceIdenticalVisualStateAtEveryStep]' started.
Test Case '-[SceneRuntimeTests.SceneInteractionVisualAdapterTests testTouchAndVoiceOverInputPathsProduceIdenticalVisualStateAtEveryStep]' passed (0.005 seconds).
Test Case '-[SceneRuntimeTests.SceneInteractionVisualAdapterTests testTouchResolverRejectsWrongDisplayedTargetBeforeReducerSubmission]' started.
Test Case '-[SceneRuntimeTests.SceneInteractionVisualAdapterTests testTouchResolverRejectsWrongDisplayedTargetBeforeReducerSubmission]' passed (0.004 seconds).
Test Case '-[SceneRuntimeTests.SceneInteractionVisualAdapterTests testTraceDeferredPriorityMatchesResolverThroughParallaxAndWind]' started.
Test Case '-[SceneRuntimeTests.SceneInteractionVisualAdapterTests testTraceDeferredPriorityMatchesResolverThroughParallaxAndWind]' passed (0.003 seconds).
Test Case '-[SceneRuntimeTests.SceneInteractionVisualAdapterTests testTraceMapsInitialResistanceLatchedAnchorsAndCompletionToAuthoredRouteStates]' started.
Test Case '-[SceneRuntimeTests.SceneInteractionVisualAdapterTests testTraceMapsInitialResistanceLatchedAnchorsAndCompletionToAuthoredRouteStates]' passed (0.001 seconds).
Test Case '-[SceneRuntimeTests.SceneInteractionVisualAdapterTests testTraceReachedAnchorVariantStaysLatchedAcrossMissRestoreAndReduceMotion]' started.
Test Case '-[SceneRuntimeTests.SceneInteractionVisualAdapterTests testTraceReachedAnchorVariantStaysLatchedAcrossMissRestoreAndReduceMotion]' passed (0.004 seconds).
Test Case '-[SceneRuntimeTests.SceneInteractionVisualAdapterTests testTransformMapsSharedLayerAcrossBeforeActiveStageThresholdAndCompletion]' started.
Test Case '-[SceneRuntimeTests.SceneInteractionVisualAdapterTests testTransformMapsSharedLayerAcrossBeforeActiveStageThresholdAndCompletion]' passed (0.001 seconds).
Test Suite 'SceneInteractionVisualAdapterTests' passed at 2026-07-27 19:59:15.887.
	 Executed 15 tests, with 0 failures (0 unexpected) in 0.090 (0.091) seconds
Test Suite 'SceneInteractionVisualStateTests' started at 2026-07-27 19:59:15.887.
Test Case '-[SceneRuntimeTests.SceneInteractionVisualStateTests testHarvestAllocateInitialPartialAndCompletedStatesSelectOnlyAuthoredVariants]' started.
Test Case '-[SceneRuntimeTests.SceneInteractionVisualStateTests testHarvestAllocateInitialPartialAndCompletedStatesSelectOnlyAuthoredVariants]' passed (0.004 seconds).
Test Case '-[SceneRuntimeTests.SceneInteractionVisualStateTests testHarvestDirectManipulationPhasesProduceDeterministicResponsePlans]' started.
Test Case '-[SceneRuntimeTests.SceneInteractionVisualStateTests testHarvestDirectManipulationPhasesProduceDeterministicResponsePlans]' passed (0.038 seconds).
Test Case '-[SceneRuntimeTests.SceneInteractionVisualStateTests testHarvestDirectStateRequiresSourceAlphaAndReducerFeedback]' started.
Test Case '-[SceneRuntimeTests.SceneInteractionVisualStateTests testHarvestDirectStateRequiresSourceAlphaAndReducerFeedback]' passed (0.004 seconds).
Test Case '-[SceneRuntimeTests.SceneInteractionVisualStateTests testHarvestReduceMotionPreservesCausalVariantsWithoutSpatialMaterialTravel]' started.
Test Case '-[SceneRuntimeTests.SceneInteractionVisualStateTests testHarvestReduceMotionPreservesCausalVariantsWithoutSpatialMaterialTravel]' passed (0.031 seconds).
Test Case '-[SceneRuntimeTests.SceneInteractionVisualStateTests testHarvestRejectedDropProducesResistanceWithoutAParallelReducer]' started.
Test Case '-[SceneRuntimeTests.SceneInteractionVisualStateTests testHarvestRejectedDropProducesResistanceWithoutAParallelReducer]' passed (0.027 seconds).
Test Case '-[SceneRuntimeTests.SceneInteractionVisualStateTests testHarvestResolverRejectsOverAllocationAndForgedCompletion]' started.
Test Case '-[SceneRuntimeTests.SceneInteractionVisualStateTests testHarvestResolverRejectsOverAllocationAndForgedCompletion]' passed (0.002 seconds).
Test Case '-[SceneRuntimeTests.SceneInteractionVisualStateTests testHarvestTouchResolverRequiresAlphaThenUsesOneReducerAction]' started.
Test Case '-[SceneRuntimeTests.SceneInteractionVisualStateTests testHarvestTouchResolverRequiresAlphaThenUsesOneReducerAction]' passed (0.028 seconds).
Test Case '-[SceneRuntimeTests.SceneInteractionVisualStateTests testHarvestTransferPathUsesResourceTransferAndDestinationTransforms]' started.
Test Case '-[SceneRuntimeTests.SceneInteractionVisualStateTests testHarvestTransferPathUsesResourceTransferAndDestinationTransforms]' passed (0.111 seconds).
Test Case '-[SceneRuntimeTests.SceneInteractionVisualStateTests testRealHarvestFixturePlansBothPortraitCropsInNormalAndReducedMotion]' started.
Test Case '-[SceneRuntimeTests.SceneInteractionVisualStateTests testRealHarvestFixturePlansBothPortraitCropsInNormalAndReducedMotion]' passed (0.035 seconds).
Test Case '-[SceneRuntimeTests.SceneInteractionVisualStateTests testSceneVisualSnapshotJSONHardKillRestoreRebuildsExactFramePlan]' started.
Test Case '-[SceneRuntimeTests.SceneInteractionVisualStateTests testSceneVisualSnapshotJSONHardKillRestoreRebuildsExactFramePlan]' passed (0.030 seconds).
Test Suite 'SceneInteractionVisualStateTests' passed at 2026-07-27 19:59:16.200.
	 Executed 10 tests, with 0 failures (0 unexpected) in 0.312 (0.313) seconds
Test Suite 'SceneMetalCompositorTests' started at 2026-07-27 19:59:16.200.
Test Case '-[SceneRuntimeTests.SceneMetalCompositorTests testAcceptedDurableVariantIsNeverOffsetAgain]' started.
Test Case '-[SceneRuntimeTests.SceneMetalCompositorTests testAcceptedDurableVariantIsNeverOffsetAgain]' passed (0.003 seconds).
Test Case '-[SceneRuntimeTests.SceneMetalCompositorTests testAssetReplacementAfterInventoryConstructionCannotReachMetal]' started.
Test Case '-[SceneRuntimeTests.SceneMetalCompositorTests testAssetReplacementAfterInventoryConstructionCannotReachMetal]' passed (0.009 seconds).
Test Case '-[SceneRuntimeTests.SceneMetalCompositorTests testAuthoredOrderCannotBeResortedOrAmbiguous]' started.
Test Case '-[SceneRuntimeTests.SceneMetalCompositorTests testAuthoredOrderCannotBeResortedOrAmbiguous]' passed (0.002 seconds).
Test Case '-[SceneRuntimeTests.SceneMetalCompositorTests testConfigurationValidatorNamesEveryUnavailableResource]' started.
Test Case '-[SceneRuntimeTests.SceneMetalCompositorTests testConfigurationValidatorNamesEveryUnavailableResource]' passed (0.000 seconds).
Test Case '-[SceneRuntimeTests.SceneMetalCompositorTests testDirectManipulationMovesOnlyTheAuthoredTransferLayer]' started.
Test Case '-[SceneRuntimeTests.SceneMetalCompositorTests testDirectManipulationMovesOnlyTheAuthoredTransferLayer]' passed (0.002 seconds).
Test Case '-[SceneRuntimeTests.SceneMetalCompositorTests testFailurePresentationIsVisibleAndCarriesStableDiagnostics]' started.
Test Case '-[SceneRuntimeTests.SceneMetalCompositorTests testFailurePresentationIsVisibleAndCarriesStableDiagnostics]' passed (0.000 seconds).
Test Case '-[SceneRuntimeTests.SceneMetalCompositorTests testMalformedReduceMotionPlanFailsClosed]' started.
Test Case '-[SceneRuntimeTests.SceneMetalCompositorTests testMalformedReduceMotionPlanFailsClosed]' passed (0.003 seconds).
Test Case '-[SceneRuntimeTests.SceneMetalCompositorTests testPerFrameUpdateBeforePreparationFailsClosed]' started.
Test Case '-[SceneRuntimeTests.SceneMetalCompositorTests testPerFrameUpdateBeforePreparationFailsClosed]' passed (0.004 seconds).
Test Case '-[SceneRuntimeTests.SceneMetalCompositorTests testPerFrameUpdateUsesPreparedTexturesWithoutReadingPackageFiles]' started.
Test Case '-[SceneRuntimeTests.SceneMetalCompositorTests testPerFrameUpdateUsesPreparedTexturesWithoutReadingPackageFiles]' passed (0.012 seconds).
Test Case '-[SceneRuntimeTests.SceneMetalCompositorTests testPreparationIsEquatableDeterministic]' started.
Test Case '-[SceneRuntimeTests.SceneMetalCompositorTests testPreparationIsEquatableDeterministic]' passed (0.002 seconds).
Test Case '-[SceneRuntimeTests.SceneMetalCompositorTests testPreparationPreservesAuthoredOrderTransformsAndEveryMaskHook]' started.
Test Case '-[SceneRuntimeTests.SceneMetalCompositorTests testPreparationPreservesAuthoredOrderTransformsAndEveryMaskHook]' passed (0.002 seconds).
Test Case '-[SceneRuntimeTests.SceneMetalCompositorTests testRealMetalConfigurationAndSignedTexturePreparationWhenAvailable]' started.
Test Case '-[SceneRuntimeTests.SceneMetalCompositorTests testRealMetalConfigurationAndSignedTexturePreparationWhenAvailable]' passed (0.011 seconds).
Test Case '-[SceneRuntimeTests.SceneMetalCompositorTests testReduceMotionKeepsStaticContactAndResistanceWithoutTransport]' started.
Test Case '-[SceneRuntimeTests.SceneMetalCompositorTests testReduceMotionKeepsStaticContactAndResistanceWithoutTransport]' passed (0.002 seconds).
Test Case '-[SceneRuntimeTests.SceneMetalCompositorTests testReduceMotionUsesTheAuthoredStaticCompositionWithoutMotion]' started.
Test Case '-[SceneRuntimeTests.SceneMetalCompositorTests testReduceMotionUsesTheAuthoredStaticCompositionWithoutMotion]' passed (0.002 seconds).
Test Case '-[SceneRuntimeTests.SceneMetalCompositorTests testTextureResidencyIsBoundedToTheActiveCompositionWithinOneScene]' started.
Test Case '-[SceneRuntimeTests.SceneMetalCompositorTests testTextureResidencyIsBoundedToTheActiveCompositionWithinOneScene]' passed (0.015 seconds).
Test Case '-[SceneRuntimeTests.SceneMetalCompositorTests testTextureResolutionRequiresTheExactCompleteSet]' started.
Test Case '-[SceneRuntimeTests.SceneMetalCompositorTests testTextureResolutionRequiresTheExactCompleteSet]' passed (0.002 seconds).
Test Suite 'SceneMetalCompositorTests' passed at 2026-07-27 19:59:16.272.
	 Executed 16 tests, with 0 failures (0 unexpected) in 0.071 (0.072) seconds
Test Suite 'SceneResponsiveAudioPhaseResolverTests' started at 2026-07-27 19:59:16.272.
Test Case '-[SceneRuntimeTests.SceneResponsiveAudioPhaseResolverTests testCancelledSnapBackReturnsToWaitingWhileReducerRejectionResists]' started.
Test Case '-[SceneRuntimeTests.SceneResponsiveAudioPhaseResolverTests testCancelledSnapBackReturnsToWaitingWhileReducerRejectionResists]' passed (0.000 seconds).
Test Case '-[SceneRuntimeTests.SceneResponsiveAudioPhaseResolverTests testDurableCompletionSuppressesEveryTransientBed]' started.
Test Case '-[SceneRuntimeTests.SceneResponsiveAudioPhaseResolverTests testDurableCompletionSuppressesEveryTransientBed]' passed (0.000 seconds).
Test Case '-[SceneRuntimeTests.SceneResponsiveAudioPhaseResolverTests testInitialAndReducerFeedbackMapWithoutGrammarBranches]' started.
Test Case '-[SceneRuntimeTests.SceneResponsiveAudioPhaseResolverTests testInitialAndReducerFeedbackMapWithoutGrammarBranches]' passed (0.000 seconds).
Test Suite 'SceneResponsiveAudioPhaseResolverTests' passed at 2026-07-27 19:59:16.272.
	 Executed 3 tests, with 0 failures (0 unexpected) in 0.000 (0.000) seconds
Test Suite 'SceneTransientResponseTimelineTests' started at 2026-07-27 19:59:16.272.
Test Case '-[SceneRuntimeTests.SceneTransientResponseTimelineTests testClockRegressionClampsToStartAndNonSnapBackPassesThrough]' started.
Test Case '-[SceneRuntimeTests.SceneTransientResponseTimelineTests testClockRegressionClampsToStartAndNonSnapBackPassesThrough]' passed (0.000 seconds).
Test Case '-[SceneRuntimeTests.SceneTransientResponseTimelineTests testMalformedSnapBackFailsClosed]' started.
Test Case '-[SceneRuntimeTests.SceneTransientResponseTimelineTests testMalformedSnapBackFailsClosed]' passed (0.000 seconds).
Test Case '-[SceneRuntimeTests.SceneTransientResponseTimelineTests testMetalOffsetUsesClockSampleAndFallsBackAtTimelineEnd]' started.
Test Case '-[SceneRuntimeTests.SceneTransientResponseTimelineTests testMetalOffsetUsesClockSampleAndFallsBackAtTimelineEnd]' passed (0.000 seconds).
Test Case '-[SceneRuntimeTests.SceneTransientResponseTimelineTests testSnapBackSamplesStartMiddleAndClearsAtBoundedEnd]' started.
Test Case '-[SceneRuntimeTests.SceneTransientResponseTimelineTests testSnapBackSamplesStartMiddleAndClearsAtBoundedEnd]' passed (0.000 seconds).
Test Suite 'SceneTransientResponseTimelineTests' passed at 2026-07-27 19:59:16.273.
	 Executed 4 tests, with 0 failures (0 unexpected) in 0.000 (0.000) seconds
Test Suite 'SceneViewportCanvasMetricsTests' started at 2026-07-27 19:59:16.273.
Test Case '-[SceneRuntimeTests.SceneViewportCanvasMetricsTests testSafeAreaConstrainedRouteRecoversFull393By852Canvas]' started.
Test Case '-[SceneRuntimeTests.SceneViewportCanvasMetricsTests testSafeAreaConstrainedRouteRecoversFull393By852Canvas]' passed (0.000 seconds).
Test Suite 'SceneViewportCanvasMetricsTests' passed at 2026-07-27 19:59:16.273.
	 Executed 1 test, with 0 failures (0 unexpected) in 0.000 (0.000) seconds
Test Suite 'SemanticHapticTransportTests' started at 2026-07-27 19:59:16.273.
Test Case '-[DramaticAudioTests.SemanticHapticTransportTests testCanonicalVocabularyHasValidDistinctPatterns]' started.
Test Case '-[DramaticAudioTests.SemanticHapticTransportTests testCanonicalVocabularyHasValidDistinctPatterns]' passed (0.000 seconds).
Test Case '-[DramaticAudioTests.SemanticHapticTransportTests testClockResetOrWrapFailsOpenForTheNextIntentionalPulse]' started.
Test Case '-[DramaticAudioTests.SemanticHapticTransportTests testClockResetOrWrapFailsOpenForTheNextIntentionalPulse]' passed (0.000 seconds).
Test Case '-[DramaticAudioTests.SemanticHapticTransportTests testLifecycleGateCoalescesSuspensionAndRejectsLateEngineReset]' started.
Test Case '-[DramaticAudioTests.SemanticHapticTransportTests testLifecycleGateCoalescesSuspensionAndRejectsLateEngineReset]' passed (0.000 seconds).
Test Case '-[DramaticAudioTests.SemanticHapticTransportTests testRateLimiterBoundsRepeatedGestureEventsWithoutSwallowingConsequence]' started.
Test Case '-[DramaticAudioTests.SemanticHapticTransportTests testRateLimiterBoundsRepeatedGestureEventsWithoutSwallowingConsequence]' passed (0.000 seconds).
Test Suite 'SemanticHapticTransportTests' passed at 2026-07-27 19:59:16.274.
	 Executed 4 tests, with 0 failures (0 unexpected) in 0.001 (0.001) seconds
Test Suite 'SignedRuntimeFixtureTests' started at 2026-07-27 19:59:16.274.
Test Case '-[ChapterRuntimeTests.SignedRuntimeFixtureTests testAllFiveGrammarsRestoreAtEveryQuarterProgressBoundary]' started.
Test Case '-[ChapterRuntimeTests.SignedRuntimeFixtureTests testAllFiveGrammarsRestoreAtEveryQuarterProgressBoundary]' passed (1.453 seconds).
Test Case '-[ChapterRuntimeTests.SignedRuntimeFixtureTests testAllFiveLockedGrammarsConvergeForTouchAndVoiceOver]' started.
Test Case '-[ChapterRuntimeTests.SignedRuntimeFixtureTests testAllFiveLockedGrammarsConvergeForTouchAndVoiceOver]' passed (0.537 seconds).
Test Case '-[ChapterRuntimeTests.SignedRuntimeFixtureTests testAllSixFirstFarmersInteractionsConvergeForTouchVoiceOverAndReduceMotion]' started.
Test Case '-[ChapterRuntimeTests.SignedRuntimeFixtureTests testAllSixFirstFarmersInteractionsConvergeForTouchVoiceOverAndReduceMotion]' passed (1.172 seconds).
Test Case '-[ChapterRuntimeTests.SignedRuntimeFixtureTests testAssetReplacementIsQuarantinedOrRollsBackToVerifiedPredecessor]' started.
Test Case '-[ChapterRuntimeTests.SignedRuntimeFixtureTests testAssetReplacementIsQuarantinedOrRollsBackToVerifiedPredecessor]' passed (1.451 seconds).
Test Case '-[ChapterRuntimeTests.SignedRuntimeFixtureTests testColdStoreRelaunchRestoresTheExactSignedCausalPoint]' started.
Test Case '-[ChapterRuntimeTests.SignedRuntimeFixtureTests testColdStoreRelaunchRestoresTheExactSignedCausalPoint]' passed (0.396 seconds).
Test Case '-[ChapterRuntimeTests.SignedRuntimeFixtureTests testEveryLabSceneAssetReplacementFailsMetalAndRollsBack]' started.
Test Case '-[ChapterRuntimeTests.SignedRuntimeFixtureTests testEveryLabSceneAssetReplacementFailsMetalAndRollsBack]' passed (5.057 seconds).
Test Case '-[ChapterRuntimeTests.SignedRuntimeFixtureTests testHarvestV26PartialPassUsesSignedProductionMetalPathAndRestoresExactly]' started.
Test Case '-[ChapterRuntimeTests.SignedRuntimeFixtureTests testHarvestV26PartialPassUsesSignedProductionMetalPathAndRestoresExactly]' passed (0.403 seconds).
Test Case '-[ChapterRuntimeTests.SignedRuntimeFixtureTests testSignedFixturePreparesAllSeventeenFirstFarmersScenesWithRealMetal]' started.
Test Case '-[ChapterRuntimeTests.SignedRuntimeFixtureTests testSignedFixturePreparesAllSeventeenFirstFarmersScenesWithRealMetal]' passed (3.957 seconds).
Test Case '-[ChapterRuntimeTests.SignedRuntimeFixtureTests testSignedFixtureTraversesAllSeventeenFirstFarmersBeatsAndSixEffects]' started.
Test Case '-[ChapterRuntimeTests.SignedRuntimeFixtureTests testSignedFixtureTraversesAllSeventeenFirstFarmersBeatsAndSixEffects]' passed (0.161 seconds).
Test Case '-[ChapterRuntimeTests.SignedRuntimeFixtureTests testSignedFixtureUsesProductionFactoryRealMetalAndOfflineAudioPrewarm]' started.
Test Case '-[ChapterRuntimeTests.SignedRuntimeFixtureTests testSignedFixtureUsesProductionFactoryRealMetalAndOfflineAudioPrewarm]' passed (1.012 seconds).
Test Case '-[ChapterRuntimeTests.SignedRuntimeFixtureTests testSignedMoreMouthsUsesCanonicalThreeStageVisiblePersistentTransform]' started.
Test Case '-[ChapterRuntimeTests.SignedRuntimeFixtureTests testSignedMoreMouthsUsesCanonicalThreeStageVisiblePersistentTransform]' passed (2.357 seconds).
Test Case '-[ChapterRuntimeTests.SignedRuntimeFixtureTests testTouchAndVoiceOverReachTheSameSignedFixtureFinalHash]' started.
Test Case '-[ChapterRuntimeTests.SignedRuntimeFixtureTests testTouchAndVoiceOverReachTheSameSignedFixtureFinalHash]' passed (0.422 seconds).
Test Suite 'SignedRuntimeFixtureTests' passed at 2026-07-27 19:59:34.655.
	 Executed 12 tests, with 0 failures (0 unexpected) in 18.381 (18.382) seconds
Test Suite 'SynchronousPersistenceFailureGateTests' started at 2026-07-27 19:59:34.655.
Test Case '-[JourneyContentTests.SynchronousPersistenceFailureGateTests testCommitAndCheckpointFailuresStopBeforeLock]' started.
Test Case '-[JourneyContentTests.SynchronousPersistenceFailureGateTests testCommitAndCheckpointFailuresStopBeforeLock]' passed (0.000 seconds).
Test Suite 'SynchronousPersistenceFailureGateTests' passed at 2026-07-27 19:59:34.655.
	 Executed 1 test, with 0 failures (0 unexpected) in 0.000 (0.000) seconds
Test Suite 'ThreeRecordsResponsiveAudioWorkObjectTests' started at 2026-07-27 19:59:34.655.
Test Case '-[DramaticAudioTests.ThreeRecordsResponsiveAudioWorkObjectTests testCausalStagePersistsAndSelectsMonotonicGainsWithoutMovingTheClock]' started.
Test Case '-[DramaticAudioTests.ThreeRecordsResponsiveAudioWorkObjectTests testCausalStagePersistsAndSelectsMonotonicGainsWithoutMovingTheClock]' passed (0.006 seconds).
Test Case '-[DramaticAudioTests.ThreeRecordsResponsiveAudioWorkObjectTests testNarrationAndSemanticHapticsRemainFailClosed]' started.
Test Case '-[DramaticAudioTests.ThreeRecordsResponsiveAudioWorkObjectTests testNarrationAndSemanticHapticsRemainFailClosed]' passed (0.000 seconds).
Test Case '-[DramaticAudioTests.ThreeRecordsResponsiveAudioWorkObjectTests testWorkObjectDecodesTheExactSharedAssetAndCausalMixContract]' started.
Test Case '-[DramaticAudioTests.ThreeRecordsResponsiveAudioWorkObjectTests testWorkObjectDecodesTheExactSharedAssetAndCausalMixContract]' passed (0.001 seconds).
Test Suite 'ThreeRecordsResponsiveAudioWorkObjectTests' passed at 2026-07-27 19:59:34.663.
	 Executed 3 tests, with 0 failures (0 unexpected) in 0.007 (0.007) seconds
Test Suite 'TimelinePlaybackPlannerTests' started at 2026-07-27 19:59:34.663.
Test Case '-[DramaticAudioTests.TimelinePlaybackPlannerTests testColdRestoreSlicesEveryActiveTrackAtExactAuthoredSample]' started.
Test Case '-[DramaticAudioTests.TimelinePlaybackPlannerTests testColdRestoreSlicesEveryActiveTrackAtExactAuthoredSample]' passed (0.000 seconds).
Test Case '-[DramaticAudioTests.TimelinePlaybackPlannerTests testCursorBeforeLaterCuePreservesAuthoredOffset]' started.
Test Case '-[DramaticAudioTests.TimelinePlaybackPlannerTests testCursorBeforeLaterCuePreservesAuthoredOffset]' passed (0.000 seconds).
Test Case '-[DramaticAudioTests.TimelinePlaybackPlannerTests testMissingOrWrongFormatAssetFailsBeforePlayback]' started.
Test Case '-[DramaticAudioTests.TimelinePlaybackPlannerTests testMissingOrWrongFormatAssetFailsBeforePlayback]' passed (0.000 seconds).
Test Case '-[DramaticAudioTests.TimelinePlaybackPlannerTests testNarrationMustBeMonoAndScoreAndSoundscapeStereo]' started.
Test Case '-[DramaticAudioTests.TimelinePlaybackPlannerTests testNarrationMustBeMonoAndScoreAndSoundscapeStereo]' passed (0.000 seconds).
Test Case '-[DramaticAudioTests.TimelinePlaybackPlannerTests testPlanAtEndSchedulesNoAudioOrPastHaptics]' started.
Test Case '-[DramaticAudioTests.TimelinePlaybackPlannerTests testPlanAtEndSchedulesNoAudioOrPastHaptics]' passed (0.000 seconds).
Test Suite 'TimelinePlaybackPlannerTests' passed at 2026-07-27 19:59:34.663.
	 Executed 5 tests, with 0 failures (0 unexpected) in 0.001 (0.001) seconds
Test Suite 'TraceStageSchemaTests' started at 2026-07-27 19:59:34.663.
Test Case '-[ContentKitTests.TraceStageSchemaTests testLegacyTraceWireDecodesWithoutNamedOrLatchedStages]' started.
Test Case '-[ContentKitTests.TraceStageSchemaTests testLegacyTraceWireDecodesWithoutNamedOrLatchedStages]' passed (0.000 seconds).
Test Case '-[ContentKitTests.TraceStageSchemaTests testLegacyUnnamedTraceKeepsItsOriginalCrossBindingCompatibility]' started.
Test Case '-[ContentKitTests.TraceStageSchemaTests testLegacyUnnamedTraceKeepsItsOriginalCrossBindingCompatibility]' passed (0.000 seconds).
Test Case '-[ContentKitTests.TraceStageSchemaTests testMasterSpacePolygonContainmentIncludesInteriorAndEdgeButRejectsOutside]' started.
Test Case '-[ContentKitTests.TraceStageSchemaTests testMasterSpacePolygonContainmentIncludesInteriorAndEdgeButRejectsOutside]' passed (0.000 seconds).
Test Case '-[ContentKitTests.TraceStageSchemaTests testNamedTraceRejectsAnAnchorOutsideItsBoundMasterSpaceTarget]' started.
Test Case '-[ContentKitTests.TraceStageSchemaTests testNamedTraceRejectsAnAnchorOutsideItsBoundMasterSpaceTarget]' passed (0.000 seconds).
Test Case '-[ContentKitTests.TraceStageSchemaTests testNamedTraceRequiresParallelUniqueStableAnchorIDs]' started.
Test Case '-[ContentKitTests.TraceStageSchemaTests testNamedTraceRequiresParallelUniqueStableAnchorIDs]' passed (0.000 seconds).
Test Case '-[ContentKitTests.TraceStageSchemaTests testReachedAnchorBindingsRequireExactNonterminalIdentityAndOrder]' started.
Test Case '-[ContentKitTests.TraceStageSchemaTests testReachedAnchorBindingsRequireExactNonterminalIdentityAndOrder]' passed (0.000 seconds).
Test Suite 'TraceStageSchemaTests' passed at 2026-07-27 19:59:34.665.
	 Executed 6 tests, with 0 failures (0 unexpected) in 0.001 (0.001) seconds
Test Suite 'VerifiedContentRepositoryAssemblerTests' started at 2026-07-27 19:59:34.665.
Test Case '-[JourneyContentTests.VerifiedContentRepositoryAssemblerTests testBundledEssentialContentCrossesRuntimeAdmissionBoundary]' started.
Test Case '-[JourneyContentTests.VerifiedContentRepositoryAssemblerTests testBundledEssentialContentCrossesRuntimeAdmissionBoundary]' passed (0.010 seconds).
Test Case '-[JourneyContentTests.VerifiedContentRepositoryAssemblerTests testBundledEssentialTamperingFailsBeforeARepositoryExists]' started.
Test Case '-[JourneyContentTests.VerifiedContentRepositoryAssemblerTests testBundledEssentialTamperingFailsBeforeARepositoryExists]' passed (0.005 seconds).
Test Case '-[JourneyContentTests.VerifiedContentRepositoryAssemblerTests testColdLaunchRejectsBytesChangedAfterActivation]' started.
Test Case '-[JourneyContentTests.VerifiedContentRepositoryAssemblerTests testColdLaunchRejectsBytesChangedAfterActivation]' passed (0.010 seconds).
Test Case '-[JourneyContentTests.VerifiedContentRepositoryAssemblerTests testColdLaunchRuntimeAdmitsDownloadedPackageBeforeIndexingIt]' started.
Test Case '-[JourneyContentTests.VerifiedContentRepositoryAssemblerTests testColdLaunchRuntimeAdmitsDownloadedPackageBeforeIndexingIt]' passed (0.017 seconds).
Test Case '-[JourneyContentTests.VerifiedContentRepositoryAssemblerTests testDownloadedRootsCannotShadowEssentialOrInventAPackage]' started.
Test Case '-[JourneyContentTests.VerifiedContentRepositoryAssemblerTests testDownloadedRootsCannotShadowEssentialOrInventAPackage]' passed (0.003 seconds).
Test Suite 'VerifiedContentRepositoryAssemblerTests' passed at 2026-07-27 19:59:34.710.
	 Executed 5 tests, with 0 failures (0 unexpected) in 0.045 (0.045) seconds
Test Suite 'VerifiedFutureReleaseRepositoryAuthorityTests' started at 2026-07-27 19:59:34.710.
Test Case '-[JourneyContentTests.VerifiedFutureReleaseRepositoryAuthorityTests testActivePackageWithoutRetainedContractFailsClosed]' started.
Test Case '-[JourneyContentTests.VerifiedFutureReleaseRepositoryAuthorityTests testActivePackageWithoutRetainedContractFailsClosed]' passed (0.001 seconds).
Test Case '-[JourneyContentTests.VerifiedFutureReleaseRepositoryAuthorityTests testBootstrapReconstructsPlayableContentFromOnlyRetainedLocalAuthority]' started.
Test Case '-[JourneyContentTests.VerifiedFutureReleaseRepositoryAuthorityTests testBootstrapReconstructsPlayableContentFromOnlyRetainedLocalAuthority]' passed (0.001 seconds).
Test Case '-[JourneyContentTests.VerifiedFutureReleaseRepositoryAuthorityTests testConcurrentRefreshesShareOneAuthorityReadAndOnePublishedRevision]' started.
Test Case '-[JourneyContentTests.VerifiedFutureReleaseRepositoryAuthorityTests testConcurrentRefreshesShareOneAuthorityReadAndOnePublishedRevision]' passed (0.001 seconds).
Test Case '-[JourneyContentTests.VerifiedFutureReleaseRepositoryAuthorityTests testDeactivationSuppressesRefreshWhichCapturedFutureGeneration]' started.
Test Case '-[JourneyContentTests.VerifiedFutureReleaseRepositoryAuthorityTests testDeactivationSuppressesRefreshWhichCapturedFutureGeneration]' passed (0.002 seconds).
Test Case '-[JourneyContentTests.VerifiedFutureReleaseRepositoryAuthorityTests testExactLazyAssetFailureQuarantinesGenerationAndWithdrawsRoute]' started.
Test Case '-[JourneyContentTests.VerifiedFutureReleaseRepositoryAuthorityTests testExactLazyAssetFailureQuarantinesGenerationAndWithdrawsRoute]' passed (0.001 seconds).
Test Case '-[JourneyContentTests.VerifiedFutureReleaseRepositoryAuthorityTests testMismatchedGenerationRemainsUnavailableAndNeverBecomesAddressable]' started.
Test Case '-[JourneyContentTests.VerifiedFutureReleaseRepositoryAuthorityTests testMismatchedGenerationRemainsUnavailableAndNeverBecomesAddressable]' passed (0.000 seconds).
Test Case '-[JourneyContentTests.VerifiedFutureReleaseRepositoryAuthorityTests testQuarantineInvalidatesPreDeactivationRefreshAndNeverReturnsItsStaleRoute]' started.
Test Case '-[JourneyContentTests.VerifiedFutureReleaseRepositoryAuthorityTests testQuarantineInvalidatesPreDeactivationRefreshAndNeverReturnsItsStaleRoute]' passed (0.002 seconds).
Test Case '-[JourneyContentTests.VerifiedFutureReleaseRepositoryAuthorityTests testRollbackSuppressesRefreshWhichCapturedSupersededFutureGeneration]' started.
Test Case '-[JourneyContentTests.VerifiedFutureReleaseRepositoryAuthorityTests testRollbackSuppressesRefreshWhichCapturedSupersededFutureGeneration]' passed (0.003 seconds).
Test Case '-[JourneyContentTests.VerifiedFutureReleaseRepositoryAuthorityTests testSaveMigrationReversionSelectsOnlyTheExactVerifiedPriorGeneration]' started.
Test Case '-[JourneyContentTests.VerifiedFutureReleaseRepositoryAuthorityTests testSaveMigrationReversionSelectsOnlyTheExactVerifiedPriorGeneration]' passed (0.002 seconds).
Test Suite 'VerifiedFutureReleaseRepositoryAuthorityTests' passed at 2026-07-27 19:59:34.725.
	 Executed 9 tests, with 0 failures (0 unexpected) in 0.015 (0.015) seconds
Test Suite 'VerifiedJourneyRepositoryAuthorityTests' started at 2026-07-27 19:59:34.725.
Test Case '-[JourneyContentTests.VerifiedJourneyRepositoryAuthorityTests testAssetFailureFullVerifiesImmediatePredecessorBeforeExactRollback]' started.
Test Case '-[JourneyContentTests.VerifiedJourneyRepositoryAuthorityTests testAssetFailureFullVerifiesImmediatePredecessorBeforeExactRollback]' passed (0.053 seconds).
Test Case '-[JourneyContentTests.VerifiedJourneyRepositoryAuthorityTests testBootstrapReverifiesActiveGenerationAndRelaunchBuildsSameRepository]' started.
Test Case '-[JourneyContentTests.VerifiedJourneyRepositoryAuthorityTests testBootstrapReverifiesActiveGenerationAndRelaunchBuildsSameRepository]' passed (0.027 seconds).
Test Case '-[JourneyContentTests.VerifiedJourneyRepositoryAuthorityTests testConcurrentActivationMakesVerifiedPredecessorRollbackAStaleNoOp]' started.
Test Case '-[JourneyContentTests.VerifiedJourneyRepositoryAuthorityTests testConcurrentActivationMakesVerifiedPredecessorRollbackAStaleNoOp]' passed (0.023 seconds).
Test Case '-[JourneyContentTests.VerifiedJourneyRepositoryAuthorityTests testCorruptImmediatePredecessorIsNeverActivatedAndCurrentIsQuarantined]' started.
Test Case '-[JourneyContentTests.VerifiedJourneyRepositoryAuthorityTests testCorruptImmediatePredecessorIsNeverActivatedAndCurrentIsQuarantined]' passed (0.036 seconds).
Test Case '-[JourneyContentTests.VerifiedJourneyRepositoryAuthorityTests testDamagedActiveGenerationRollsBackOnlyAfterPreviousGenerationVerifies]' started.
Test Case '-[JourneyContentTests.VerifiedJourneyRepositoryAuthorityTests testDamagedActiveGenerationRollsBackOnlyAfterPreviousGenerationVerifies]' passed (0.019 seconds).
Test Case '-[JourneyContentTests.VerifiedJourneyRepositoryAuthorityTests testDeactivationSuppressesRefreshWhichCapturedGenerationBeforeCAS]' started.
Test Case '-[JourneyContentTests.VerifiedJourneyRepositoryAuthorityTests testDeactivationSuppressesRefreshWhichCapturedGenerationBeforeCAS]' passed (0.026 seconds).
Test Case '-[JourneyContentTests.VerifiedJourneyRepositoryAuthorityTests testEssentialAssetFailureRequiresReinstallWithoutCallingMutationHooks]' started.
Test Case '-[JourneyContentTests.VerifiedJourneyRepositoryAuthorityTests testEssentialAssetFailureRequiresReinstallWithoutCallingMutationHooks]' passed (0.004 seconds).
Test Case '-[JourneyContentTests.VerifiedJourneyRepositoryAuthorityTests testFutureAndDivergentAuthorityLeaveSnapshotAndDurableStateUntouched]' started.
Test Case '-[JourneyContentTests.VerifiedJourneyRepositoryAuthorityTests testFutureAndDivergentAuthorityLeaveSnapshotAndDurableStateUntouched]' passed (0.025 seconds).
Test Case '-[JourneyContentTests.VerifiedJourneyRepositoryAuthorityTests testFutureDurableAuthorityInvalidatesPaidRuntimeButLeavesEssentialAvailable]' started.
Test Case '-[JourneyContentTests.VerifiedJourneyRepositoryAuthorityTests testFutureDurableAuthorityInvalidatesPaidRuntimeButLeavesEssentialAvailable]' passed (0.015 seconds).
Test Case '-[JourneyContentTests.VerifiedJourneyRepositoryAuthorityTests testOneUnrepairablePackageBecomesPendingWithoutTakingDownAnotherPackage]' started.
Test Case '-[JourneyContentTests.VerifiedJourneyRepositoryAuthorityTests testOneUnrepairablePackageBecomesPendingWithoutTakingDownAnotherPackage]' passed (0.023 seconds).
Test Case '-[JourneyContentTests.VerifiedJourneyRepositoryAuthorityTests testPaidFailureWithoutPredecessorQuarantinesDurablyAndKeepsOtherPackage]' started.
Test Case '-[JourneyContentTests.VerifiedJourneyRepositoryAuthorityTests testPaidFailureWithoutPredecessorQuarantinesDurablyAndKeepsOtherPackage]' passed (0.062 seconds).
Test Case '-[JourneyContentTests.VerifiedJourneyRepositoryAuthorityTests testRollbackSuppressesRefreshWhichCapturedSupersededGenerationBeforeCAS]' started.
Test Case '-[JourneyContentTests.VerifiedJourneyRepositoryAuthorityTests testRollbackSuppressesRefreshWhichCapturedSupersededGenerationBeforeCAS]' passed (0.041 seconds).
Test Case '-[JourneyContentTests.VerifiedJourneyRepositoryAuthorityTests testSaveMigrationReversionByteVerifiesAndSelectsExactPriorSnapshotGeneration]' started.
Test Case '-[JourneyContentTests.VerifiedJourneyRepositoryAuthorityTests testSaveMigrationReversionByteVerifiesAndSelectsExactPriorSnapshotGeneration]' passed (0.034 seconds).
Test Case '-[JourneyContentTests.VerifiedJourneyRepositoryAuthorityTests testSaveMigrationReversionDeactivatesExactNewPackageWithoutPredecessor]' started.
Test Case '-[JourneyContentTests.VerifiedJourneyRepositoryAuthorityTests testSaveMigrationReversionDeactivatesExactNewPackageWithoutPredecessor]' passed (0.019 seconds).
Test Case '-[JourneyContentTests.VerifiedJourneyRepositoryAuthorityTests testStaleAssetFailureCannotMutateANewerDurableGeneration]' started.
Test Case '-[JourneyContentTests.VerifiedJourneyRepositoryAuthorityTests testStaleAssetFailureCannotMutateANewerDurableGeneration]' passed (0.015 seconds).
Test Suite 'VerifiedJourneyRepositoryAuthorityTests' passed at 2026-07-27 19:59:35.146.
	 Executed 15 tests, with 0 failures (0 unexpected) in 0.421 (0.422) seconds
Test Suite 'VerifiedSaveMigrationAuthoritySetTests' started at 2026-07-27 19:59:35.147.
Test Case '-[JourneyContentTests.VerifiedSaveMigrationAuthoritySetTests testDuplicateFuturePackageAuthorityFailsClosedWithoutDictionaryTrap]' started.
Test Case '-[JourneyContentTests.VerifiedSaveMigrationAuthoritySetTests testDuplicateFuturePackageAuthorityFailsClosedWithoutDictionaryTrap]' passed (0.006 seconds).
Test Case '-[JourneyContentTests.VerifiedSaveMigrationAuthoritySetTests testExactLaunchSnapshotBuildsByteBoundEssentialAndActivePaidAuthorities]' started.
Test Case '-[JourneyContentTests.VerifiedSaveMigrationAuthoritySetTests testExactLaunchSnapshotBuildsByteBoundEssentialAndActivePaidAuthorities]' passed (0.006 seconds).
Test Case '-[JourneyContentTests.VerifiedSaveMigrationAuthoritySetTests testFutureReleaseAuthorityComesFromItsExactVerifiedContentAndGeneration]' started.
Test Case '-[JourneyContentTests.VerifiedSaveMigrationAuthoritySetTests testFutureReleaseAuthorityComesFromItsExactVerifiedContentAndGeneration]' passed (0.004 seconds).
Test Case '-[JourneyContentTests.VerifiedSaveMigrationAuthoritySetTests testPaidAuthorityFailsClosedWhenGenerationDoesNotMatchVerifiedManifest]' started.
Test Case '-[JourneyContentTests.VerifiedSaveMigrationAuthoritySetTests testPaidAuthorityFailsClosedWhenGenerationDoesNotMatchVerifiedManifest]' passed (0.006 seconds).
Test Case '-[JourneyContentTests.VerifiedSaveMigrationAuthoritySetTests testSnapshotCannotExposeAPathWithoutAVerifiedPackage]' started.
Test Case '-[JourneyContentTests.VerifiedSaveMigrationAuthoritySetTests testSnapshotCannotExposeAPathWithoutAVerifiedPackage]' passed (0.003 seconds).
Test Suite 'VerifiedSaveMigrationAuthoritySetTests' passed at 2026-07-27 19:59:35.171.
	 Executed 5 tests, with 0 failures (0 unexpected) in 0.024 (0.025) seconds
Test Suite 'WorldReplayTests' started at 2026-07-27 19:59:35.171.
Test Case '-[ContentKitTests.WorldReplayTests testReplayRejectsAnEffectWhoseCausalObjectDoesNotExist]' started.
Test Case '-[ContentKitTests.WorldReplayTests testReplayRejectsAnEffectWhoseCausalObjectDoesNotExist]' passed (0.000 seconds).
Test Case '-[ContentKitTests.WorldReplayTests testReplayStartsEveryChapterFromTheAuthoredSeedAndIsDeterministic]' started.
Test Case '-[ContentKitTests.WorldReplayTests testReplayStartsEveryChapterFromTheAuthoredSeedAndIsDeterministic]' passed (0.001 seconds).
Test Case '-[ContentKitTests.WorldReplayTests testSeedRejectsATraceWithoutBothEndpoints]' started.
Test Case '-[ContentKitTests.WorldReplayTests testSeedRejectsATraceWithoutBothEndpoints]' passed (0.000 seconds).
Test Suite 'WorldReplayTests' passed at 2026-07-27 19:59:35.172.
	 Executed 3 tests, with 0 failures (0 unexpected) in 0.001 (0.001) seconds
Test Suite 'WorldSeedRuntimeTests' started at 2026-07-27 19:59:35.172.
Test Case '-[JourneyDomainTests.WorldSeedRuntimeTests testRuntimeActivatesSeededTraceAndRevealsSeededNode]' started.
Test Case '-[JourneyDomainTests.WorldSeedRuntimeTests testRuntimeActivatesSeededTraceAndRevealsSeededNode]' passed (0.000 seconds).
Test Case '-[JourneyDomainTests.WorldSeedRuntimeTests testSeededTraceRemainsDormantBeforeItsHistoricalEstablishment]' started.
Test Case '-[JourneyDomainTests.WorldSeedRuntimeTests testSeededTraceRemainsDormantBeforeItsHistoricalEstablishment]' passed (0.000 seconds).
Test Suite 'WorldSeedRuntimeTests' passed at 2026-07-27 19:59:35.173.
	 Executed 2 tests, with 0 failures (0 unexpected) in 0.000 (0.001) seconds
Test Suite 'LongWestNativePackageTests.xctest' passed at 2026-07-27 19:59:35.173.
	 Executed 841 tests, with 0 failures (0 unexpected) in 23.893 (23.932) seconds
Test Suite 'All tests' passed at 2026-07-27 19:59:35.173.
	 Executed 841 tests, with 0 failures (0 unexpected) in 23.893 (23.933) seconds
CHAPTER_01_RESTORE_MATRIX={"chapterID":"first-farmers","checkpoints":[{"afterSHA256":"343f7e487d8ad3388b36e706ed1e8facb995d4ead71249704cdb56f23abeae5a","beatID":"beat-first-farmers-river-world","beforeSHA256":"343f7e487d8ad3388b36e706ed1e8facb995d4ead71249704cdb56f23abeae5a","phase":"entry"},{"afterSHA256":"343f7e487d8ad3388b36e706ed1e8facb995d4ead71249704cdb56f23abeae5a","beatID":"beat-first-farmers-river-world","beforeSHA256":"343f7e487d8ad3388b36e706ed1e8facb995d4ead71249704cdb56f23abeae5a","phase":"exit"},{"afterSHA256":"e543e3e8fc24b4806613f8f7907f74ee541953f2359c8c5848102d9baa69ec40","beatID":"beat-first-farmers-household-crosses","beforeSHA256":"e543e3e8fc24b4806613f8f7907f74ee541953f2359c8c5848102d9baa69ec40","interactionID":"interaction-first-farmers-a-household-crosses","phase":"entry"},{"afterSHA256":"3aff733618691623d4a65ca5325fd309244b4caf3e8cb33cd53eb90e89e8edbb","beatID":"beat-first-farmers-household-crosses","beforeSHA256":"3aff733618691623d4a65ca5325fd309244b4caf3e8cb33cd53eb90e89e8edbb","interactionID":"interaction-first-farmers-a-household-crosses","phase":"mid-interaction"},{"afterSHA256":"c039aeb69b9a9af5e8f85c162b4bc4d1e060de7b67d0a9f25a6151765f3bc7a1","beatID":"beat-first-farmers-household-crosses","beforeSHA256":"c039aeb69b9a9af5e8f85c162b4bc4d1e060de7b67d0a9f25a6151765f3bc7a1","interactionID":"interaction-first-farmers-a-household-crosses","phase":"exit"},{"afterSHA256":"5e89ff36617e13fde53aeb5abea35ecca2365643dcd030305bb436b89a0a4c45","beatID":"beat-first-farmers-living-system","beforeSHA256":"5e89ff36617e13fde53aeb5abea35ecca2365643dcd030305bb436b89a0a4c45","phase":"entry"},{"afterSHA256":"5e89ff36617e13fde53aeb5abea35ecca2365643dcd030305bb436b89a0a4c45","beatID":"beat-first-farmers-living-system","beforeSHA256":"5e89ff36617e13fde53aeb5abea35ecca2365643dcd030305bb436b89a0a4c45","phase":"exit"},{"afterSHA256":"3f585038086b8296ef0b8736d349a9583081146a797e33155ee7549933ae99b8","beatID":"beat-first-farmers-european-ground","beforeSHA256":"3f585038086b8296ef0b8736d349a9583081146a797e33155ee7549933ae99b8","phase":"entry"},{"afterSHA256":"3f585038086b8296ef0b8736d349a9583081146a797e33155ee7549933ae99b8","beatID":"beat-first-farmers-european-ground","beforeSHA256":"3f585038086b8296ef0b8736d349a9583081146a797e33155ee7549933ae99b8","phase":"exit"},{"afterSHA256":"99895c7361bef94993134c83f09651bce9d21ea1d8e43a4e39330e17076edf08","beatID":"beat-first-farmers-inhabited-frontier","beforeSHA256":"99895c7361bef94993134c83f09651bce9d21ea1d8e43a4e39330e17076edf08","phase":"entry"},{"afterSHA256":"99895c7361bef94993134c83f09651bce9d21ea1d8e43a4e39330e17076edf08","beatID":"beat-first-farmers-inhabited-frontier","beforeSHA256":"99895c7361bef94993134c83f09651bce9d21ea1d8e43a4e39330e17076edf08","phase":"exit"},{"afterSHA256":"3d425812fb4dc8372d1298749040db02d26fc3e183be97c3208883471804d445","beatID":"beat-first-farmers-harvest-allocation","beforeSHA256":"3d425812fb4dc8372d1298749040db02d26fc3e183be97c3208883471804d445","interactionID":"interaction-first-farmers-the-harvest-had-to-last","phase":"entry"},{"afterSHA256":"294d4b754c196dcd34580bc13b064a20924cff4766c623b43b26cccd060a4926","beatID":"beat-first-farmers-harvest-allocation","beforeSHA256":"294d4b754c196dcd34580bc13b064a20924cff4766c623b43b26cccd060a4926","interactionID":"interaction-first-farmers-the-harvest-had-to-last","phase":"mid-interaction"},{"afterSHA256":"c81ac12a4c71d422be995fb977c41d2a20aa943760a4e17c6e76d6dda803f718","beatID":"beat-first-farmers-harvest-allocation","beforeSHA256":"c81ac12a4c71d422be995fb977c41d2a20aa943760a4e17c6e76d6dda803f718","interactionID":"interaction-first-farmers-the-harvest-had-to-last","phase":"exit"},{"afterSHA256":"72f4afe69bcb1623246c84f9e4a732d58a87ae063f145912ebc2e4fd3043ec9a","beatID":"beat-first-farmers-stored-future","beforeSHA256":"72f4afe69bcb1623246c84f9e4a732d58a87ae063f145912ebc2e4fd3043ec9a","phase":"entry"},{"afterSHA256":"72f4afe69bcb1623246c84f9e4a732d58a87ae063f145912ebc2e4fd3043ec9a","beatID":"beat-first-farmers-stored-future","beforeSHA256":"72f4afe69bcb1623246c84f9e4a732d58a87ae063f145912ebc2e4fd3043ec9a","phase":"exit"},{"afterSHA256":"0d8e4d87345474de1c991d9a5a221bd35bbe18a1d97735195fbd3c1b7dec9e31","beatID":"beat-first-farmers-gorge-contact","beforeSHA256":"0d8e4d87345474de1c991d9a5a221bd35bbe18a1d97735195fbd3c1b7dec9e31","phase":"entry"},{"afterSHA256":"0d8e4d87345474de1c991d9a5a221bd35bbe18a1d97735195fbd3c1b7dec9e31","beatID":"beat-first-farmers-gorge-contact","beforeSHA256":"0d8e4d87345474de1c991d9a5a221bd35bbe18a1d97735195fbd3c1b7dec9e31","phase":"exit"},{"afterSHA256":"0c118aef2ac51fc5649098456945f933c23b770aa0ed9dc80b11d40a2854f8cf","beatID":"beat-first-farmers-three-records","beforeSHA256":"0c118aef2ac51fc5649098456945f933c23b770aa0ed9dc80b11d40a2854f8cf","interactionID":"interaction-first-farmers-at-the-iron-gates","phase":"entry"},{"afterSHA256":"27e064ff5ee649df9d2c60d7117355cae5336c70d25c49b3e7ef16e620f7c342","beatID":"beat-first-farmers-three-records","beforeSHA256":"27e064ff5ee649df9d2c60d7117355cae5336c70d25c49b3e7ef16e620f7c342","interactionID":"interaction-first-farmers-at-the-iron-gates","phase":"mid-interaction"},{"afterSHA256":"274e146bb5843714ec10e711e4d3170f321a6c56b4cf923d4d4ff7ce1b1a3907","beatID":"beat-first-farmers-three-records","beforeSHA256":"274e146bb5843714ec10e711e4d3170f321a6c56b4cf923d4d4ff7ce1b1a3907","interactionID":"interaction-first-farmers-at-the-iron-gates","phase":"exit"},{"afterSHA256":"cb9a63a27e615f9ff81149e3e7707397472961cec41dd778f91ecab2452194f8","beatID":"beat-first-farmers-frontier-consequence","beforeSHA256":"cb9a63a27e615f9ff81149e3e7707397472961cec41dd778f91ecab2452194f8","phase":"entry"},{"afterSHA256":"cb9a63a27e615f9ff81149e3e7707397472961cec41dd778f91ecab2452194f8","beatID":"beat-first-farmers-frontier-consequence","beforeSHA256":"cb9a63a27e615f9ff81149e3e7707397472961cec41dd778f91ecab2452194f8","phase":"exit"},{"afterSHA256":"c7994a7958f3ba61d3207dafa1a4b0b96ce7218fd3017d1ee27cc3c19773df49","beatID":"beat-first-farmers-raise-longhouse","beforeSHA256":"c7994a7958f3ba61d3207dafa1a4b0b96ce7218fd3017d1ee27cc3c19773df49","interactionID":"interaction-first-farmers-the-house-outlives","phase":"entry"},{"afterSHA256":"169550feff81a296a05939f052606cba8e99d384f339ed0c1ebdcafa30d85078","beatID":"beat-first-farmers-raise-longhouse","beforeSHA256":"169550feff81a296a05939f052606cba8e99d384f339ed0c1ebdcafa30d85078","interactionID":"interaction-first-farmers-the-house-outlives","phase":"mid-interaction"},{"afterSHA256":"7ae21f6a85115fb140fd579c39ea6c625cf25b31b3813d17ab072bdd10523622","beatID":"beat-first-farmers-raise-longhouse","beforeSHA256":"7ae21f6a85115fb140fd579c39ea6c625cf25b31b3813d17ab072bdd10523622","interactionID":"interaction-first-farmers-the-house-outlives","phase":"exit"},{"afterSHA256":"0c61b9c1af18cbcc03f72699947af3232ba4bb8694092a8c717ce63ed2e7ff01","beatID":"beat-first-farmers-plot-remains","beforeSHA256":"0c61b9c1af18cbcc03f72699947af3232ba4bb8694092a8c717ce63ed2e7ff01","phase":"entry"},{"afterSHA256":"0c61b9c1af18cbcc03f72699947af3232ba4bb8694092a8c717ce63ed2e7ff01","beatID":"beat-first-farmers-plot-remains","beforeSHA256":"0c61b9c1af18cbcc03f72699947af3232ba4bb8694092a8c717ce63ed2e7ff01","phase":"exit"},{"afterSHA256":"5296bcac558c9f1347430ceb5c8e2b419db79317f13265113353af2f95ff5132","beatID":"beat-first-farmers-paternal-lines","beforeSHA256":"5296bcac558c9f1347430ceb5c8e2b419db79317f13265113353af2f95ff5132","phase":"entry"},{"afterSHA256":"5296bcac558c9f1347430ceb5c8e2b419db79317f13265113353af2f95ff5132","beatID":"beat-first-farmers-paternal-lines","beforeSHA256":"5296bcac558c9f1347430ceb5c8e2b419db79317f13265113353af2f95ff5132","phase":"exit"},{"afterSHA256":"93c47a559f5c63a7adba14174003074616afa5e1a1b971ade17af627b65c5d9c","beatID":"beat-first-farmers-more-mouths","beforeSHA256":"93c47a559f5c63a7adba14174003074616afa5e1a1b971ade17af627b65c5d9c","interactionID":"interaction-first-farmers-more-mouths-more-land","phase":"entry"},{"afterSHA256":"3614938dee1a18299bd283f4ecc513d36b1ee215e9ddd2b054c39182e7ab69d6","beatID":"beat-first-farmers-more-mouths","beforeSHA256":"3614938dee1a18299bd283f4ecc513d36b1ee215e9ddd2b054c39182e7ab69d6","interactionID":"interaction-first-farmers-more-mouths-more-land","phase":"mid-interaction"},{"afterSHA256":"f7956765d3d3a14f8d91ea1997517d27b68eb25d05939780ba1a5ce804d4c8d7","beatID":"beat-first-farmers-more-mouths","beforeSHA256":"f7956765d3d3a14f8d91ea1997517d27b68eb25d05939780ba1a5ce804d4c8d7","interactionID":"interaction-first-farmers-more-mouths-more-land","phase":"exit"},{"afterSHA256":"9fa9084d7f8995148f39dd4fc5eefb49fe216f15d5783eea19676bca0f4f05b1","beatID":"beat-first-farmers-growth-breaks","beforeSHA256":"9fa9084d7f8995148f39dd4fc5eefb49fe216f15d5783eea19676bca0f4f05b1","phase":"entry"},{"afterSHA256":"9fa9084d7f8995148f39dd4fc5eefb49fe216f15d5783eea19676bca0f4f05b1","beatID":"beat-first-farmers-growth-breaks","beforeSHA256":"9fa9084d7f8995148f39dd4fc5eefb49fe216f15d5783eea19676bca0f4f05b1","phase":"exit"},{"afterSHA256":"9512efd7f5412665e5424d2a7594186d602888a675cc593682b5a81bad4182df","beatID":"beat-first-farmers-continent-remade","beforeSHA256":"9512efd7f5412665e5424d2a7594186d602888a675cc593682b5a81bad4182df","interactionID":"interaction-first-farmers-a-continent-remade","phase":"entry"},{"afterSHA256":"2317f9d26e5caf19e71f32e582777cf5195361cb11cedc1c0dd1a32f1ad142b5","beatID":"beat-first-farmers-continent-remade","beforeSHA256":"2317f9d26e5caf19e71f32e582777cf5195361cb11cedc1c0dd1a32f1ad142b5","interactionID":"interaction-first-farmers-a-continent-remade","phase":"mid-interaction"},{"afterSHA256":"dc9c6240781298755e6fa2b9b7656c54cf4ec2aa154d90fe2474720a2af7eeb3","beatID":"beat-first-farmers-continent-remade","beforeSHA256":"dc9c6240781298755e6fa2b9b7656c54cf4ec2aa154d90fe2474720a2af7eeb3","interactionID":"interaction-first-farmers-a-continent-remade","phase":"exit"},{"afterSHA256":"9ddc499da4c680960dae22f2b1642b8ae52e4298d2b1da5331d6070b0d913001","beatID":"beat-first-farmers-before-steppe","beforeSHA256":"9ddc499da4c680960dae22f2b1642b8ae52e4298d2b1da5331d6070b0d913001","phase":"entry"},{"afterSHA256":"9ddc499da4c680960dae22f2b1642b8ae52e4298d2b1da5331d6070b0d913001","beatID":"beat-first-farmers-before-steppe","beforeSHA256":"9ddc499da4c680960dae22f2b1642b8ae52e4298d2b1da5331d6070b0d913001","phase":"exit"}],"finalStateSHA256":"5a5695bb311c3700489b2a40a63d94d0a8b47882d674d7f8160bda82c69b5500","formatVersion":1}
CHAPTER_01_ACCESSIBILITY_FINAL_SHA256=eab77eec2db7e1dab8b7723f47678b9f4c9b634ae132442282995575e41cc388
HARVEST_RUNTIME_REFERENCE_SHA256=fab1954e917b0b7f48353332dcda85f8e21574d8e29fa314d8b0f9cfd455fef2
HARVEST_RUNTIME_NEGATIVE_SHA256=dd83b40d4d9de0f3859a228fe6934ee0a28cf7532a68ffabb6c609990cdd4dac
HARVEST_RUNTIME_POSITIVE_SHA256=d5d59cb4e3bf3c469c5e581a55f5e02cc2bf93954cd99a2ff0dc4a5437f9e01f
HARVEST_RUNTIME_REDUCE_MOTION_SHA256=fab1954e917b0b7f48353332dcda85f8e21574d8e29fa314d8b0f9cfd455fef2
HARVEST_RUNTIME_COMPARISON_PNG_SHA256=3178d181276f61613487f87a0e8bd755338911c2dc226344d274e728b2127125
◇ Test run started.
↳ Testing Library Version: 1902
↳ Target Platform: arm64e-apple-macos14.0
✔ Test run with 0 tests in 0 suites passed after 0.001 seconds.
2026-07-27 19:59:35.781 xcodebuild[45092:31272395]  DVTDeviceOperation: Encountered a build number "" that is incompatible with DVTBuildVersion.
2026-07-27 19:59:35.785 xcodebuild[45092:31272357] [MT] DVTDeviceOperation: Encountered a build number "" that is incompatible with DVTBuildVersion.
2026-07-27 20:00:38.727 xcodebuild[45092:31272357] [MT] IDELaunchParametersSnapshot: The operation couldn’t be completed. (DebuggerLLDB.DebuggerVersionStore.StoreError error 0.)
2026-07-27 20:00:38.727 xcodebuild[45092:31272357] [MT] IDELaunchParametersSnapshot: no debugger version
2026-07-27 20:00:59.953 xcodebuild[45092:31272357] [MT] IDELaunchParametersSnapshot: The operation couldn’t be completed. (DebuggerLLDB.DebuggerVersionStore.StoreError error 0.)
2026-07-27 20:00:59.953 xcodebuild[45092:31272357] [MT] IDELaunchParametersSnapshot: no debugger version
2026-07-27 20:01:26.901 xcodebuild[45092:31272357] [MT] IDELaunchParametersSnapshot: The operation couldn’t be completed. (DebuggerLLDB.DebuggerVersionStore.StoreError error 0.)
2026-07-27 20:01:26.901 xcodebuild[45092:31272357] [MT] IDELaunchParametersSnapshot: no debugger version
2026-07-27 20:01:48.859 xcodebuild[45092:31272357] [MT] IDELaunchParametersSnapshot: The operation couldn’t be completed. (DebuggerLLDB.DebuggerVersionStore.StoreError error 0.)
2026-07-27 20:01:48.859 xcodebuild[45092:31272357] [MT] IDELaunchParametersSnapshot: no debugger version
2026-07-27 20:02:02.444 xcodebuild[45092:31272357] [MT] IDELaunchParametersSnapshot: The operation couldn’t be completed. (DebuggerLLDB.DebuggerVersionStore.StoreError error 0.)
2026-07-27 20:02:02.444 xcodebuild[45092:31272357] [MT] IDELaunchParametersSnapshot: no debugger version
2026-07-27 20:02:10.406 xcodebuild[45092:31272357] [MT] IDELaunchParametersSnapshot: The operation couldn’t be completed. (DebuggerLLDB.DebuggerVersionStore.StoreError error 0.)
2026-07-27 20:02:10.406 xcodebuild[45092:31272357] [MT] IDELaunchParametersSnapshot: no debugger version
2026-07-27 20:02:20.956 xcodebuild[45092:31272357] [MT] IDELaunchParametersSnapshot: The operation couldn’t be completed. (DebuggerLLDB.DebuggerVersionStore.StoreError error 0.)
2026-07-27 20:02:20.956 xcodebuild[45092:31272357] [MT] IDELaunchParametersSnapshot: no debugger version
2026-07-27 20:02:52.273 xcodebuild[45092:31272357] [MT] IDELaunchParametersSnapshot: The operation couldn’t be completed. (DebuggerLLDB.DebuggerVersionStore.StoreError error 0.)
2026-07-27 20:02:52.273 xcodebuild[45092:31272357] [MT] IDELaunchParametersSnapshot: no debugger version
2026-07-27 20:02:58.550 xcodebuild[45092:31272357] [MT] IDELaunchParametersSnapshot: The operation couldn’t be completed. (DebuggerLLDB.DebuggerVersionStore.StoreError error 0.)
2026-07-27 20:02:58.550 xcodebuild[45092:31272357] [MT] IDELaunchParametersSnapshot: no debugger version
2026-07-27 20:03:24.775 xcodebuild[45092:31272357] [MT] IDELaunchParametersSnapshot: The operation couldn’t be completed. (DebuggerLLDB.DebuggerVersionStore.StoreError error 0.)
2026-07-27 20:03:24.776 xcodebuild[45092:31272357] [MT] IDELaunchParametersSnapshot: no debugger version
2026-07-27 20:03:40.767 xcodebuild[45092:31272357] [MT] IDELaunchParametersSnapshot: The operation couldn’t be completed. (DebuggerLLDB.DebuggerVersionStore.StoreError error 0.)
2026-07-27 20:03:40.767 xcodebuild[45092:31272357] [MT] IDELaunchParametersSnapshot: no debugger version
2026-07-27 20:04:11.434 xcodebuild[45092:31272357] [MT] IDELaunchParametersSnapshot: The operation couldn’t be completed. (DebuggerLLDB.DebuggerVersionStore.StoreError error 0.)
2026-07-27 20:04:11.434 xcodebuild[45092:31272357] [MT] IDELaunchParametersSnapshot: no debugger version
2026-07-27 20:04:21.458 xcodebuild[45092:31272357] [MT] IDELaunchParametersSnapshot: The operation couldn’t be completed. (DebuggerLLDB.DebuggerVersionStore.StoreError error 0.)
2026-07-27 20:04:21.458 xcodebuild[45092:31272357] [MT] IDELaunchParametersSnapshot: no debugger version
2026-07-27 20:04:31.491 xcodebuild[45092:31272357] [MT] IDELaunchParametersSnapshot: The operation couldn’t be completed. (DebuggerLLDB.DebuggerVersionStore.StoreError error 0.)
2026-07-27 20:04:31.491 xcodebuild[45092:31272357] [MT] IDELaunchParametersSnapshot: no debugger version
2026-07-27 20:04:40.396 xcodebuild[45092:31272357] [MT] IDELaunchParametersSnapshot: The operation couldn’t be completed. (DebuggerLLDB.DebuggerVersionStore.StoreError error 0.)
2026-07-27 20:04:40.396 xcodebuild[45092:31272357] [MT] IDELaunchParametersSnapshot: no debugger version
2026-07-27 20:04:46.166 xcodebuild[45092:31272357] [MT] DVTDeviceOperation: Encountered a build number "" that is incompatible with DVTBuildVersion.
2026-07-27 20:04:49.669 xcodebuild[45092:31272357] [MT] IDELaunchParametersSnapshot: The operation couldn’t be completed. (DebuggerLLDB.DebuggerVersionStore.StoreError error 0.)
2026-07-27 20:04:49.669 xcodebuild[45092:31272357] [MT] IDELaunchParametersSnapshot: no debugger version
2026-07-27 20:04:55.863 xcodebuild[45092:31272357] [MT] IDELaunchParametersSnapshot: The operation couldn’t be completed. (DebuggerLLDB.DebuggerVersionStore.StoreError error 0.)
2026-07-27 20:04:55.863 xcodebuild[45092:31272357] [MT] IDELaunchParametersSnapshot: no debugger version
2026-07-27 20:05:04.879 xcodebuild[45092:31272357] [MT] IDELaunchParametersSnapshot: The operation couldn’t be completed. (DebuggerLLDB.DebuggerVersionStore.StoreError error 0.)
2026-07-27 20:05:04.879 xcodebuild[45092:31272357] [MT] IDELaunchParametersSnapshot: no debugger version
2026-07-27 20:05:13.862 xcodebuild[45092:31272357] [MT] IDELaunchParametersSnapshot: The operation couldn’t be completed. (DebuggerLLDB.DebuggerVersionStore.StoreError error 0.)
2026-07-27 20:05:13.862 xcodebuild[45092:31272357] [MT] IDELaunchParametersSnapshot: no debugger version
2026-07-27 20:05:20.966 xcodebuild[45092:31272357] [MT] DVTDeviceOperation: Encountered a build number "" that is incompatible with DVTBuildVersion.
2026-07-27 20:05:21.105 xcodebuild[45092:31272357] [MT] IDELaunchParametersSnapshot: The operation couldn’t be completed. (DebuggerLLDB.DebuggerVersionStore.StoreError error 0.)
2026-07-27 20:05:21.105 xcodebuild[45092:31272357] [MT] IDELaunchParametersSnapshot: no debugger version
2026-07-27 20:05:29.029 xcodebuild[45092:31272357] [MT] IDELaunchParametersSnapshot: The operation couldn’t be completed. (DebuggerLLDB.DebuggerVersionStore.StoreError error 0.)
2026-07-27 20:05:29.029 xcodebuild[45092:31272357] [MT] IDELaunchParametersSnapshot: no debugger version
2026-07-27 20:05:38.076 xcodebuild[45092:31272357] [MT] IDELaunchParametersSnapshot: The operation couldn’t be completed. (DebuggerLLDB.DebuggerVersionStore.StoreError error 0.)
2026-07-27 20:05:38.076 xcodebuild[45092:31272357] [MT] IDELaunchParametersSnapshot: no debugger version
2026-07-27 20:05:44.255 xcodebuild[45092:31272357] [MT] IDELaunchParametersSnapshot: The operation couldn’t be completed. (DebuggerLLDB.DebuggerVersionStore.StoreError error 0.)
2026-07-27 20:05:44.255 xcodebuild[45092:31272357] [MT] IDELaunchParametersSnapshot: no debugger version
2026-07-27 20:05:51.370 xcodebuild[45092:31272357] [MT] IDELaunchParametersSnapshot: The operation couldn’t be completed. (DebuggerLLDB.DebuggerVersionStore.StoreError error 0.)
2026-07-27 20:05:51.370 xcodebuild[45092:31272357] [MT] IDELaunchParametersSnapshot: no debugger version
2026-07-27 20:06:10.916 xcodebuild[45092:31272357] [MT] IDELaunchParametersSnapshot: The operation couldn’t be completed. (DebuggerLLDB.DebuggerVersionStore.StoreError error 0.)
2026-07-27 20:06:10.916 xcodebuild[45092:31272357] [MT] IDELaunchParametersSnapshot: no debugger version
2026-07-27 20:06:50.981 xcodebuild[45092:31272357] [MT] IDELaunchParametersSnapshot: The operation couldn’t be completed. (DebuggerLLDB.DebuggerVersionStore.StoreError error 0.)
2026-07-27 20:06:50.981 xcodebuild[45092:31272357] [MT] IDELaunchParametersSnapshot: no debugger version
2026-07-27 20:07:03.956 xcodebuild[45092:31272357] [MT] IDELaunchParametersSnapshot: The operation couldn’t be completed. (DebuggerLLDB.DebuggerVersionStore.StoreError error 0.)
2026-07-27 20:07:03.956 xcodebuild[45092:31272357] [MT] IDELaunchParametersSnapshot: no debugger version
2026-07-27 20:07:23.079 xcodebuild[45092:31272357] [MT] IDELaunchParametersSnapshot: The operation couldn’t be completed. (DebuggerLLDB.DebuggerVersionStore.StoreError error 0.)
2026-07-27 20:07:23.079 xcodebuild[45092:31272357] [MT] IDELaunchParametersSnapshot: no debugger version
2026-07-27 20:07:42.589 xcodebuild[45092:31272357] [MT] IDELaunchParametersSnapshot: The operation couldn’t be completed. (DebuggerLLDB.DebuggerVersionStore.StoreError error 0.)
2026-07-27 20:07:42.589 xcodebuild[45092:31272357] [MT] IDELaunchParametersSnapshot: no debugger version
2026-07-27 20:08:02.068 xcodebuild[45092:31272357] [MT] IDELaunchParametersSnapshot: The operation couldn’t be completed. (DebuggerLLDB.DebuggerVersionStore.StoreError error 0.)
2026-07-27 20:08:02.068 xcodebuild[45092:31272357] [MT] IDELaunchParametersSnapshot: no debugger version
2026-07-27 20:08:10.970 xcodebuild[45092:31272357] [MT] IDELaunchParametersSnapshot: The operation couldn’t be completed. (DebuggerLLDB.DebuggerVersionStore.StoreError error 0.)
2026-07-27 20:08:10.970 xcodebuild[45092:31272357] [MT] IDELaunchParametersSnapshot: no debugger version
2026-07-27 20:08:24.217 xcodebuild[45092:31272357] [MT] IDELaunchParametersSnapshot: The operation couldn’t be completed. (DebuggerLLDB.DebuggerVersionStore.StoreError error 0.)
2026-07-27 20:08:24.217 xcodebuild[45092:31272357] [MT] IDELaunchParametersSnapshot: no debugger version
2026-07-27 20:08:34.799 xcodebuild[45092:31272357] [MT] IDELaunchParametersSnapshot: The operation couldn’t be completed. (DebuggerLLDB.DebuggerVersionStore.StoreError error 0.)
2026-07-27 20:08:34.799 xcodebuild[45092:31272357] [MT] IDELaunchParametersSnapshot: no debugger version
2026-07-27 20:08:43.975 xcodebuild[45092:31272357] [MT] IDELaunchParametersSnapshot: The operation couldn’t be completed. (DebuggerLLDB.DebuggerVersionStore.StoreError error 0.)
2026-07-27 20:08:43.975 xcodebuild[45092:31272357] [MT] IDELaunchParametersSnapshot: no debugger version
2026-07-27 20:09:01.270 xcodebuild[45092:31272357] [MT] IDELaunchParametersSnapshot: The operation couldn’t be completed. (DebuggerLLDB.DebuggerVersionStore.StoreError error 0.)
2026-07-27 20:09:01.270 xcodebuild[45092:31272357] [MT] IDELaunchParametersSnapshot: no debugger version
2026-07-27 20:09:16.234 xcodebuild[45092:31272357] [MT] IDELaunchParametersSnapshot: The operation couldn’t be completed. (DebuggerLLDB.DebuggerVersionStore.StoreError error 0.)
2026-07-27 20:09:16.234 xcodebuild[45092:31272357] [MT] IDELaunchParametersSnapshot: no debugger version
2026-07-27 20:09:22.762 xcodebuild[45092:31272357] [MT] IDELaunchParametersSnapshot: The operation couldn’t be completed. (DebuggerLLDB.DebuggerVersionStore.StoreError error 0.)
2026-07-27 20:09:22.762 xcodebuild[45092:31272357] [MT] IDELaunchParametersSnapshot: no debugger version
2026-07-27 20:09:42.297 xcodebuild[45092:31272357] [MT] IDELaunchParametersSnapshot: The operation couldn’t be completed. (DebuggerLLDB.DebuggerVersionStore.StoreError error 0.)
2026-07-27 20:09:42.297 xcodebuild[45092:31272357] [MT] IDELaunchParametersSnapshot: no debugger version
2026-07-27 20:10:00.790 xcodebuild[45092:31272357] [MT] IDELaunchParametersSnapshot: The operation couldn’t be completed. (DebuggerLLDB.DebuggerVersionStore.StoreError error 0.)
2026-07-27 20:10:00.790 xcodebuild[45092:31272357] [MT] IDELaunchParametersSnapshot: no debugger version
2026-07-27 20:10:15.552 xcodebuild[45092:31272357] [MT] IDELaunchParametersSnapshot: The operation couldn’t be completed. (DebuggerLLDB.DebuggerVersionStore.StoreError error 0.)
2026-07-27 20:10:15.552 xcodebuild[45092:31272357] [MT] IDELaunchParametersSnapshot: no debugger version
2026-07-27 20:10:25.594 xcodebuild[45092:31272357] [MT] IDELaunchParametersSnapshot: The operation couldn’t be completed. (DebuggerLLDB.DebuggerVersionStore.StoreError error 0.)
2026-07-27 20:10:25.594 xcodebuild[45092:31272357] [MT] IDELaunchParametersSnapshot: no debugger version
2026-07-27 20:10:37.480 xcodebuild[45092:31272357] [MT] IDELaunchParametersSnapshot: The operation couldn’t be completed. (DebuggerLLDB.DebuggerVersionStore.StoreError error 0.)
2026-07-27 20:10:37.480 xcodebuild[45092:31272357] [MT] IDELaunchParametersSnapshot: no debugger version
2026-07-27 20:10:57.760 xcodebuild[45092:31272357] [MT] IDELaunchParametersSnapshot: The operation couldn’t be completed. (DebuggerLLDB.DebuggerVersionStore.StoreError error 0.)
2026-07-27 20:10:57.760 xcodebuild[45092:31272357] [MT] IDELaunchParametersSnapshot: no debugger version
2026-07-27 20:11:02.382 xcodebuild[45092:31272357] [MT] IDELaunchParametersSnapshot: The operation couldn’t be completed. (DebuggerLLDB.DebuggerVersionStore.StoreError error 0.)
2026-07-27 20:11:02.382 xcodebuild[45092:31272357] [MT] IDELaunchParametersSnapshot: no debugger version
2026-07-27 20:11:13.156 xcodebuild[45092:31272357] [MT] IDELaunchParametersSnapshot: The operation couldn’t be completed. (DebuggerLLDB.DebuggerVersionStore.StoreError error 0.)
2026-07-27 20:11:13.156 xcodebuild[45092:31272357] [MT] IDELaunchParametersSnapshot: no debugger version
2026-07-27 20:11:20.755 xcodebuild[45092:31272357] [MT] IDELaunchParametersSnapshot: The operation couldn’t be completed. (DebuggerLLDB.DebuggerVersionStore.StoreError error 0.)
2026-07-27 20:11:20.755 xcodebuild[45092:31272357] [MT] IDELaunchParametersSnapshot: no debugger version
2026-07-27 20:11:35.286 xcodebuild[45092:31272357] [MT] IDELaunchParametersSnapshot: The operation couldn’t be completed. (DebuggerLLDB.DebuggerVersionStore.StoreError error 0.)
2026-07-27 20:11:35.286 xcodebuild[45092:31272357] [MT] IDELaunchParametersSnapshot: no debugger version
2026-07-27 20:12:10.510 xcodebuild[45092:31272357] [MT] IDELaunchParametersSnapshot: The operation couldn’t be completed. (DebuggerLLDB.DebuggerVersionStore.StoreError error 0.)
2026-07-27 20:12:10.510 xcodebuild[45092:31272357] [MT] IDELaunchParametersSnapshot: no debugger version
2026-07-27 20:12:20.265 xcodebuild[45092:31272357] [MT] IDELaunchParametersSnapshot: The operation couldn’t be completed. (DebuggerLLDB.DebuggerVersionStore.StoreError error 0.)
2026-07-27 20:12:20.265 xcodebuild[45092:31272357] [MT] IDELaunchParametersSnapshot: no debugger version
2026-07-27 20:12:31.450 xcodebuild[45092:31272357] [MT] IDELaunchParametersSnapshot: The operation couldn’t be completed. (DebuggerLLDB.DebuggerVersionStore.StoreError error 0.)
2026-07-27 20:12:31.450 xcodebuild[45092:31272357] [MT] IDELaunchParametersSnapshot: no debugger version
2026-07-27 20:12:35.558 xcodebuild[45092:31272357] [MT] IDELaunchParametersSnapshot: The operation couldn’t be completed. (DebuggerLLDB.DebuggerVersionStore.StoreError error 0.)
2026-07-27 20:12:35.558 xcodebuild[45092:31272357] [MT] IDELaunchParametersSnapshot: no debugger version
2026-07-27 20:12:39.880 xcodebuild[45092:31272357] [MT] IDELaunchParametersSnapshot: The operation couldn’t be completed. (DebuggerLLDB.DebuggerVersionStore.StoreError error 0.)
2026-07-27 20:12:39.880 xcodebuild[45092:31272357] [MT] IDELaunchParametersSnapshot: no debugger version
2026-07-27 20:12:59.546 xcodebuild[45092:31272357] [MT] IDELaunchParametersSnapshot: The operation couldn’t be completed. (DebuggerLLDB.DebuggerVersionStore.StoreError error 0.)
2026-07-27 20:12:59.546 xcodebuild[45092:31272357] [MT] IDELaunchParametersSnapshot: no debugger version
2026-07-27 20:13:14.668 xcodebuild[45092:31272357] [MT] IDELaunchParametersSnapshot: The operation couldn’t be completed. (DebuggerLLDB.DebuggerVersionStore.StoreError error 0.)
2026-07-27 20:13:14.668 xcodebuild[45092:31272357] [MT] IDELaunchParametersSnapshot: no debugger version
2026-07-27 20:13:37.781 xcodebuild[45092:31272357] [MT] IDELaunchParametersSnapshot: The operation couldn’t be completed. (DebuggerLLDB.DebuggerVersionStore.StoreError error 0.)
2026-07-27 20:13:37.781 xcodebuild[45092:31272357] [MT] IDELaunchParametersSnapshot: no debugger version
2026-07-27 20:13:49.624 xcodebuild[45092:31272357] [MT] IDELaunchParametersSnapshot: The operation couldn’t be completed. (DebuggerLLDB.DebuggerVersionStore.StoreError error 0.)
2026-07-27 20:13:49.624 xcodebuild[45092:31272357] [MT] IDELaunchParametersSnapshot: no debugger version
2026-07-27 20:14:13.133 xcodebuild[45092:31272357] [MT] IDELaunchParametersSnapshot: The operation couldn’t be completed. (DebuggerLLDB.DebuggerVersionStore.StoreError error 0.)
2026-07-27 20:14:13.133 xcodebuild[45092:31272357] [MT] IDELaunchParametersSnapshot: no debugger version
2026-07-27 20:14:32.254 xcodebuild[45092:31272357] [MT] IDELaunchParametersSnapshot: The operation couldn’t be completed. (DebuggerLLDB.DebuggerVersionStore.StoreError error 0.)
2026-07-27 20:14:32.254 xcodebuild[45092:31272357] [MT] IDELaunchParametersSnapshot: no debugger version
2026-07-27 20:15:11.755 xcodebuild[45092:31272357] [MT] IDELaunchParametersSnapshot: The operation couldn’t be completed. (DebuggerLLDB.DebuggerVersionStore.StoreError error 0.)
2026-07-27 20:15:11.755 xcodebuild[45092:31272357] [MT] IDELaunchParametersSnapshot: no debugger version
2026-07-27 20:15:16.915 xcodebuild[45092:31272357] [MT] IDELaunchParametersSnapshot: The operation couldn’t be completed. (DebuggerLLDB.DebuggerVersionStore.StoreError error 0.)
2026-07-27 20:15:16.915 xcodebuild[45092:31272357] [MT] IDELaunchParametersSnapshot: no debugger version
2026-07-27 20:15:22.084 xcodebuild[45092:31272357] [MT] IDELaunchParametersSnapshot: The operation couldn’t be completed. (DebuggerLLDB.DebuggerVersionStore.StoreError error 0.)
2026-07-27 20:15:22.084 xcodebuild[45092:31272357] [MT] IDELaunchParametersSnapshot: no debugger version
2026-07-27 20:15:27.369 xcodebuild[45092:31272357] [MT] IDELaunchParametersSnapshot: The operation couldn’t be completed. (DebuggerLLDB.DebuggerVersionStore.StoreError error 0.)
2026-07-27 20:15:27.369 xcodebuild[45092:31272357] [MT] IDELaunchParametersSnapshot: no debugger version
2026-07-27 20:15:32.519 xcodebuild[45092:31272357] [MT] IDELaunchParametersSnapshot: The operation couldn’t be completed. (DebuggerLLDB.DebuggerVersionStore.StoreError error 0.)
2026-07-27 20:15:32.519 xcodebuild[45092:31272357] [MT] IDELaunchParametersSnapshot: no debugger version
2026-07-27 20:15:37.798 xcodebuild[45092:31272357] [MT] IDELaunchParametersSnapshot: The operation couldn’t be completed. (DebuggerLLDB.DebuggerVersionStore.StoreError error 0.)
2026-07-27 20:15:37.798 xcodebuild[45092:31272357] [MT] IDELaunchParametersSnapshot: no debugger version
2026-07-27 20:15:43.040 xcodebuild[45092:31272357] [MT] IDELaunchParametersSnapshot: The operation couldn’t be completed. (DebuggerLLDB.DebuggerVersionStore.StoreError error 0.)
2026-07-27 20:15:43.040 xcodebuild[45092:31272357] [MT] IDELaunchParametersSnapshot: no debugger version
2026-07-27 20:15:48.264 xcodebuild[45092:31272357] [MT] IDELaunchParametersSnapshot: The operation couldn’t be completed. (DebuggerLLDB.DebuggerVersionStore.StoreError error 0.)
2026-07-27 20:15:48.264 xcodebuild[45092:31272357] [MT] IDELaunchParametersSnapshot: no debugger version
2026-07-27 20:15:53.422 xcodebuild[45092:31272357] [MT] IDELaunchParametersSnapshot: The operation couldn’t be completed. (DebuggerLLDB.DebuggerVersionStore.StoreError error 0.)
2026-07-27 20:15:53.422 xcodebuild[45092:31272357] [MT] IDELaunchParametersSnapshot: no debugger version
2026-07-27 20:15:58.601 xcodebuild[45092:31272357] [MT] IDELaunchParametersSnapshot: The operation couldn’t be completed. (DebuggerLLDB.DebuggerVersionStore.StoreError error 0.)
2026-07-27 20:15:58.601 xcodebuild[45092:31272357] [MT] IDELaunchParametersSnapshot: no debugger version
2026-07-27 20:16:03.752 xcodebuild[45092:31272357] [MT] IDELaunchParametersSnapshot: The operation couldn’t be completed. (DebuggerLLDB.DebuggerVersionStore.StoreError error 0.)
2026-07-27 20:16:03.752 xcodebuild[45092:31272357] [MT] IDELaunchParametersSnapshot: no debugger version
2026-07-27 20:16:08.935 xcodebuild[45092:31272357] [MT] IDELaunchParametersSnapshot: The operation couldn’t be completed. (DebuggerLLDB.DebuggerVersionStore.StoreError error 0.)
2026-07-27 20:16:08.935 xcodebuild[45092:31272357] [MT] IDELaunchParametersSnapshot: no debugger version
2026-07-27 20:16:14.225 xcodebuild[45092:31272357] [MT] IDELaunchParametersSnapshot: The operation couldn’t be completed. (DebuggerLLDB.DebuggerVersionStore.StoreError error 0.)
2026-07-27 20:16:14.225 xcodebuild[45092:31272357] [MT] IDELaunchParametersSnapshot: no debugger version
2026-07-27 20:16:16.156 xcodebuild[45092:31272357] [MT] DVTDeviceOperation: Encountered a build number "" that is incompatible with DVTBuildVersion.
2026-07-27 20:16:19.507 xcodebuild[45092:31272357] [MT] IDELaunchParametersSnapshot: The operation couldn’t be completed. (DebuggerLLDB.DebuggerVersionStore.StoreError error 0.)
2026-07-27 20:16:19.507 xcodebuild[45092:31272357] [MT] IDELaunchParametersSnapshot: no debugger version
2026-07-27 20:16:24.768 xcodebuild[45092:31272357] [MT] IDELaunchParametersSnapshot: The operation couldn’t be completed. (DebuggerLLDB.DebuggerVersionStore.StoreError error 0.)
2026-07-27 20:16:24.768 xcodebuild[45092:31272357] [MT] IDELaunchParametersSnapshot: no debugger version
2026-07-27 20:16:30.060 xcodebuild[45092:31272357] [MT] IDELaunchParametersSnapshot: The operation couldn’t be completed. (DebuggerLLDB.DebuggerVersionStore.StoreError error 0.)
2026-07-27 20:16:30.060 xcodebuild[45092:31272357] [MT] IDELaunchParametersSnapshot: no debugger version
2026-07-27 20:16:31.226 xcodebuild[45092:31272357] [MT] DVTDeviceOperation: Encountered a build number "" that is incompatible with DVTBuildVersion.
2026-07-27 20:16:35.351 xcodebuild[45092:31272357] [MT] IDELaunchParametersSnapshot: The operation couldn’t be completed. (DebuggerLLDB.DebuggerVersionStore.StoreError error 0.)
2026-07-27 20:16:35.351 xcodebuild[45092:31272357] [MT] IDELaunchParametersSnapshot: no debugger version
2026-07-27 20:16:40.843 xcodebuild[45092:31272357] [MT] IDELaunchParametersSnapshot: The operation couldn’t be completed. (DebuggerLLDB.DebuggerVersionStore.StoreError error 0.)
2026-07-27 20:16:40.843 xcodebuild[45092:31272357] [MT] IDELaunchParametersSnapshot: no debugger version
2026-07-27 20:16:54.147 xcodebuild[45092:31272357] [MT] IDELaunchParametersSnapshot: The operation couldn’t be completed. (DebuggerLLDB.DebuggerVersionStore.StoreError error 0.)
2026-07-27 20:16:54.147 xcodebuild[45092:31272357] [MT] IDELaunchParametersSnapshot: no debugger version
2026-07-27 20:17:05.545 xcodebuild[45092:31272357] [MT] IDELaunchParametersSnapshot: The operation couldn’t be completed. (DebuggerLLDB.DebuggerVersionStore.StoreError error 0.)
2026-07-27 20:17:05.545 xcodebuild[45092:31272357] [MT] IDELaunchParametersSnapshot: no debugger version
2026-07-27 20:17:13.554 xcodebuild[45092:31272357] [MT] IDELaunchParametersSnapshot: The operation couldn’t be completed. (DebuggerLLDB.DebuggerVersionStore.StoreError error 0.)
2026-07-27 20:17:13.554 xcodebuild[45092:31272357] [MT] IDELaunchParametersSnapshot: no debugger version
2026-07-27 20:17:23.539 xcodebuild[45092:31272357] [MT] IDELaunchParametersSnapshot: The operation couldn’t be completed. (DebuggerLLDB.DebuggerVersionStore.StoreError error 0.)
2026-07-27 20:17:23.539 xcodebuild[45092:31272357] [MT] IDELaunchParametersSnapshot: no debugger version
2026-07-27 20:20:08.212 xcodebuild[45092:31272357] [MT] IDELaunchParametersSnapshot: The operation couldn’t be completed. (DebuggerLLDB.DebuggerVersionStore.StoreError error 0.)
2026-07-27 20:20:08.212 xcodebuild[45092:31272357] [MT] IDELaunchParametersSnapshot: no debugger version
2026-07-27 20:20:13.458 xcodebuild[45092:31272357] [MT] IDELaunchParametersSnapshot: The operation couldn’t be completed. (DebuggerLLDB.DebuggerVersionStore.StoreError error 0.)
2026-07-27 20:20:13.458 xcodebuild[45092:31272357] [MT] IDELaunchParametersSnapshot: no debugger version
2026-07-27 20:20:18.694 xcodebuild[45092:31272357] [MT] IDELaunchParametersSnapshot: The operation couldn’t be completed. (DebuggerLLDB.DebuggerVersionStore.StoreError error 0.)
2026-07-27 20:20:18.694 xcodebuild[45092:31272357] [MT] IDELaunchParametersSnapshot: no debugger version
2026-07-27 20:20:23.992 xcodebuild[45092:31272357] [MT] IDELaunchParametersSnapshot: The operation couldn’t be completed. (DebuggerLLDB.DebuggerVersionStore.StoreError error 0.)
2026-07-27 20:20:23.992 xcodebuild[45092:31272357] [MT] IDELaunchParametersSnapshot: no debugger version
2026-07-27 20:20:30.321 xcodebuild[45092:31272357] [MT] IDELaunchParametersSnapshot: The operation couldn’t be completed. (DebuggerLLDB.DebuggerVersionStore.StoreError error 0.)
2026-07-27 20:20:30.321 xcodebuild[45092:31272357] [MT] IDELaunchParametersSnapshot: no debugger version
2026-07-27 20:20:35.790 xcodebuild[45092:31272357] [MT] IDELaunchParametersSnapshot: The operation couldn’t be completed. (DebuggerLLDB.DebuggerVersionStore.StoreError error 0.)
2026-07-27 20:20:35.790 xcodebuild[45092:31272357] [MT] IDELaunchParametersSnapshot: no debugger version
2026-07-27 20:20:46.377 xcodebuild[45092:31272357] [MT] IDELaunchParametersSnapshot: The operation couldn’t be completed. (DebuggerLLDB.DebuggerVersionStore.StoreError error 0.)
2026-07-27 20:20:46.377 xcodebuild[45092:31272357] [MT] IDELaunchParametersSnapshot: no debugger version
2026-07-27 20:21:06.189 xcodebuild[45092:31272357] [MT] IDETestOperationsObserverDebug: 1276.326 elapsed -- Testing started completed.
2026-07-27 20:21:06.189 xcodebuild[45092:31272357] [MT] IDETestOperationsObserverDebug: 0.000 sec, +0.000 sec -- start
2026-07-27 20:21:06.189 xcodebuild[45092:31272357] [MT] IDETestOperationsObserverDebug: 1276.326 sec, +1276.326 sec -- end
Testing started
Test suite 'ExperiencePreferencesTests' started on 'Clone 1 of iPhone 17 Pro - xctest (47986)'
Test case 'ExperiencePreferencesTests.testAutoplayPolicyInStoredJSONIsRejectedAndPreservedAsCorruption()' passed on 'Clone 1 of iPhone 17 Pro - xctest (47986)' (0.004 seconds)
Test case 'ExperiencePreferencesTests.testConcurrentSavesRemainACompleteDecodableDocument()' passed on 'Clone 1 of iPhone 17 Pro - xctest (47986)' (0.012 seconds)
Test case 'ExperiencePreferencesTests.testCorruptFileIsPreservedByteForByteBeforeDefaultsReplaceIt()' passed on 'Clone 1 of iPhone 17 Pro - xctest (47986)' (0.003 seconds)
Test case 'ExperiencePreferencesTests.testDefaultWriteFailureKeepsCorruptionAndItsPreservedCopy()' passed on 'Clone 1 of iPhone 17 Pro - xctest (47986)' (0.003 seconds)
Test case 'ExperiencePreferencesTests.testDocumentHasNoAutoplayOrDuplicatedSystemAccessibilityChoices()' passed on 'Clone 1 of iPhone 17 Pro - xctest (47986)' (0.000 seconds)
Test case 'ExperiencePreferencesTests.testFailedAtomicReplacementLeavesPriorValidDocumentUntouched()' passed on 'Clone 1 of iPhone 17 Pro - xctest (47986)' (0.001 seconds)
Test case 'ExperiencePreferencesTests.testFailedMigrationLeavesVersionZeroDocumentUntouched()' passed on 'Clone 1 of iPhone 17 Pro - xctest (47986)' (0.002 seconds)
Test case 'ExperiencePreferencesTests.testFutureSchemaReturnsSafeDefaultsPreservesBytesAndLeavesCanonicalUntouched()' passed on 'Clone 1 of iPhone 17 Pro - xctest (47986)' (0.002 seconds)
Test case 'ExperiencePreferencesTests.testMissingFileReturnsDefaultsWithoutCreatingState()' passed on 'Clone 1 of iPhone 17 Pro - xctest (47986)' (0.001 seconds)
Test case 'ExperiencePreferencesTests.testPreservationCollisionStopsRecoveryWithoutChangingEitherFile()' passed on 'Clone 1 of iPhone 17 Pro - xctest (47986)' (0.002 seconds)
Test case 'ExperiencePreferencesTests.testPreservationFailureNeverReplacesCorruptCanonicalFile()' passed on 'Clone 1 of iPhone 17 Pro - xctest (47986)' (0.001 seconds)
Test case 'ExperiencePreferencesTests.testReloadingSupportedCanonicalDocumentClearsFutureWriteBlock()' passed on 'Clone 1 of iPhone 17 Pro - xctest (47986)' (0.002 seconds)
Test case 'ExperiencePreferencesTests.testRepeatedFutureLoadsReuseOneIdenticalPreservedCopy()' passed on 'Clone 1 of iPhone 17 Pro - xctest (47986)' (0.002 seconds)
Test case 'ExperiencePreferencesTests.testSaveAndLoadRoundTripEveryChoice()' passed on 'Clone 1 of iPhone 17 Pro - xctest (47986)' (0.001 seconds)
Test case 'ExperiencePreferencesTests.testSaveDetectsFutureSchemaWithoutPriorLoad()' passed on 'Clone 1 of iPhone 17 Pro - xctest (47986)' (0.002 seconds)
Test case 'ExperiencePreferencesTests.testSaveOverCorruptCanonicalPreservesItBeforeWritingRequestedState()' passed on 'Clone 1 of iPhone 17 Pro - xctest (47986)' (0.002 seconds)
Test case 'ExperiencePreferencesTests.testStableDefaultsRequireExplicitNarrationPlayback()' passed on 'Clone 1 of iPhone 17 Pro - xctest (47986)' (0.001 seconds)
Test case 'ExperiencePreferencesTests.testUnsupportedModelCannotBeSaved()' passed on 'Clone 1 of iPhone 17 Pro - xctest (47986)' (0.002 seconds)
Test case 'ExperiencePreferencesTests.testVersionZeroMigratesAtomicallyAndDefaultsNewDownloadChoiceOff()' passed on 'Clone 1 of iPhone 17 Pro - xctest (47986)' (0.001 seconds)
Test suite 'ReleaseDiscoveryTests' started on 'Clone 1 of iPhone 17 Pro - xctest (47987)'
Test case 'ReleaseDiscoveryTests.testAuthoritativeQueryRemovalDoesNotPermitNotificationOnReappearance()' passed on 'Clone 1 of iPhone 17 Pro - xctest (47987)' (0.010 seconds)
Test case 'ReleaseDiscoveryTests.testDuplicatePushProducesExactlyOneDurableNotificationClaim()' passed on 'Clone 1 of iPhone 17 Pro - xctest (47987)' (0.004 seconds)
Test case 'ReleaseDiscoveryTests.testFullyCorruptCacheFailsClosedOfflineAndRebuildsFromValidRemote()' passed on 'Clone 1 of iPhone 17 Pro - xctest (47987)' (0.014 seconds)
Test case 'ReleaseDiscoveryTests.testFuturePublicationTimeCannotBecomeAvailableEarly()' passed on 'Clone 1 of iPhone 17 Pro - xctest (47987)' (0.001 seconds)
Test case 'ReleaseDiscoveryTests.testNewestCorruptCacheSlotFallsBackToOlderAuthenticatedGeneration()' passed on 'Clone 1 of iPhone 17 Pro - xctest (47987)' (0.002 seconds)
Test case 'ReleaseDiscoveryTests.testNotificationClaimIsSealedAgainstNewestSlotCorruption()' passed on 'Clone 1 of iPhone 17 Pro - xctest (47987)' (0.003 seconds)
Test case 'ReleaseDiscoveryTests.testOfflineRefreshFallsBackToAuthenticatedCachedCatalog()' passed on 'Clone 1 of iPhone 17 Pro - xctest (47987)' (0.002 seconds)
Test case 'ReleaseDiscoveryTests.testOutOfOrderRemoteRecordsHaveOneCanonicalChronologicalOrder()' passed on 'Clone 1 of iPhone 17 Pro - xctest (47987)' (0.002 seconds)
Test case 'ReleaseDiscoveryTests.testPackageContractComesFromAuthenticatedCatalogWithExactInstallFields()' passed on 'Clone 1 of iPhone 17 Pro - xctest (47987)' (0.002 seconds)
Test case 'ReleaseDiscoveryTests.testPendingDeepLinkMarkerAndItsClearAreSealedAcrossFallback()' passed on 'Clone 1 of iPhone 17 Pro - xctest (47987)' (0.004 seconds)
Test case 'ReleaseDiscoveryTests.testRemoteRecordIdentityAndPackageBindingFailClosed()' passed on 'Clone 1 of iPhone 17 Pro - xctest (47987)' (0.002 seconds)
Test case 'ReleaseDiscoveryTests.testRetainedInstallContractSurvivesAuthoritativeCatalogWithdrawal()' passed on 'Clone 1 of iPhone 17 Pro - xctest (47987)' (0.004 seconds)
Test case 'ReleaseDiscoveryTests.testSubscriptionFailureLeavesCatalogUsable()' passed on 'Clone 1 of iPhone 17 Pro - xctest (47987)' (0.002 seconds)
Test case 'ReleaseDiscoveryTests.testUnrelatedPushIsIgnoredWithoutFetching()' passed on 'Clone 1 of iPhone 17 Pro - xctest (47987)' (0.001 seconds)
Test case 'ReleaseDiscoveryTests.testUnsupportedRuntimeIsCachedButCannotNotifyOrDeepLink()' passed on 'Clone 1 of iPhone 17 Pro - xctest (47987)' (0.002 seconds)
Test suite 'FutureReleaseDownloadControllerTests' started on 'Clone 1 of iPhone 17 Pro - xctest (47987)'
Test case 'FutureReleaseDownloadControllerTests.testAutomaticRequestUsesPreferenceAndLowDataModeGates()' passed on 'Clone 1 of iPhone 17 Pro - xctest (47987)' (0.005 seconds)
Test case 'FutureReleaseDownloadControllerTests.testBootstrapRejectsInstalledBytesWithoutRetainedContract()' passed on 'Clone 1 of iPhone 17 Pro - xctest (47987)' (0.002 seconds)
Test case 'FutureReleaseDownloadControllerTests.testColdBootstrapKeepsInstalledWorldEntryAfterCatalogWithdrawal()' passed on 'Clone 1 of iPhone 17 Pro - xctest (47987)' (0.003 seconds)
Test case 'FutureReleaseDownloadControllerTests.testColdBootstrapRestoresQueueFromRetainedContractWithoutCatalog()' passed on 'Clone 1 of iPhone 17 Pro - xctest (47987)' (0.007 seconds)
Test case 'FutureReleaseDownloadControllerTests.testExplicitRequestPinsExactContractBeforeStartingInstaller()' passed on 'Clone 1 of iPhone 17 Pro - xctest (47987)' (0.004 seconds)
Test suite 'ReleaseDiscoveryLifecycleTests' started on 'Clone 1 of iPhone 17 Pro - xctest (47987)'
Test case 'ReleaseDiscoveryLifecycleTests.testActivationRefreshesCatalogWithoutRequestingNotificationPermission()' passed on 'Clone 1 of iPhone 17 Pro - xctest (47987)' (0.001 seconds)
Test case 'ReleaseDiscoveryLifecycleTests.testDeniedPermissionNeverRegistersOrSubscribes()' passed on 'Clone 1 of iPhone 17 Pro - xctest (47987)' (0.001 seconds)
Test case 'ReleaseDiscoveryLifecycleTests.testInvalidAnnouncementCannotEnterAuthenticatedCatalog()' passed on 'Clone 1 of iPhone 17 Pro - xctest (47987)' (0.001 seconds)
Test case 'ReleaseDiscoveryLifecycleTests.testNotificationTapKeepsExactAuthenticatedHistoricalPlacementOffline()' passed on 'Clone 1 of iPhone 17 Pro - xctest (47987)' (0.004 seconds)
Test case 'ReleaseDiscoveryLifecycleTests.testNotificationTapSurvivesTerminationBeforeJourneyAdoption()' passed on 'Clone 1 of iPhone 17 Pro - xctest (47987)' (0.004 seconds)
Test case 'ReleaseDiscoveryLifecycleTests.testPermissionRequestIsBlockedUntilHistoricalExperience()' passed on 'Clone 1 of iPhone 17 Pro - xctest (47987)' (0.002 seconds)
Test case 'ReleaseDiscoveryLifecycleTests.testPushNeverRequestsPermissionAndDuplicateReleaseSchedulesOnceWhenAuthorized()' passed on 'Clone 1 of iPhone 17 Pro - xctest (47987)' (0.003 seconds)
Test suite 'ReleaseInstallationContractStoreTests' started on 'Clone 1 of iPhone 17 Pro - xctest (47987)'
Test case 'ReleaseInstallationContractStoreTests.testBothCorruptSlotsFailClosed()' passed on 'Clone 1 of iPhone 17 Pro - xctest (47987)' (0.003 seconds)
Test case 'ReleaseInstallationContractStoreTests.testNewestSlotCorruptionCannotLosePinnedContract()' passed on 'Clone 1 of iPhone 17 Pro - xctest (47987)' (0.002 seconds)
Test case 'ReleaseInstallationContractStoreTests.testPinRejectsImmutableReleaseAndPackageBindingChanges()' passed on 'Clone 1 of iPhone 17 Pro - xctest (47987)' (0.002 seconds)
Test case 'ReleaseInstallationContractStoreTests.testPinSealsExactOfflineVerificationContractAcrossColdLaunch()' passed on 'Clone 1 of iPhone 17 Pro - xctest (47987)' (0.002 seconds)
Test case 'ReleaseInstallationContractStoreTests.testRetirementIsSealedAgainstFallbackResurrection()' passed on 'Clone 1 of iPhone 17 Pro - xctest (47987)' (0.003 seconds)
2026-07-27 20:21:09.297 xcodebuild[48042:31336772]  DVTDeviceOperation: Encountered a build number "" that is incompatible with DVTBuildVersion.
2026-07-27 20:21:09.302 xcodebuild[48042:31336769] [MT] DVTDeviceOperation: Encountered a build number "" that is incompatible with DVTBuildVersion.
2026-07-27 20:22:13.736 xcodebuild[48042:31336769] [MT] IDELaunchParametersSnapshot: The operation couldn’t be completed. (DebuggerLLDB.DebuggerVersionStore.StoreError error 0.)
2026-07-27 20:22:13.736 xcodebuild[48042:31336769] [MT] IDELaunchParametersSnapshot: no debugger version
2026-07-27 20:22:24.367 xcodebuild[48042:31336769] [MT] IDELaunchParametersSnapshot: The operation couldn’t be completed. (DebuggerLLDB.DebuggerVersionStore.StoreError error 0.)
2026-07-27 20:22:24.367 xcodebuild[48042:31336769] [MT] IDELaunchParametersSnapshot: no debugger version
2026-07-27 20:22:28.758 xcodebuild[48042:31336769] [MT] IDELaunchParametersSnapshot: The operation couldn’t be completed. (DebuggerLLDB.DebuggerVersionStore.StoreError error 0.)
2026-07-27 20:22:28.758 xcodebuild[48042:31336769] [MT] IDELaunchParametersSnapshot: no debugger version
2026-07-27 20:25:12.352 xcodebuild[48042:31336769] [MT] IDETestOperationsObserverDebug: 187.630 elapsed -- Testing started completed.
2026-07-27 20:25:12.352 xcodebuild[48042:31336769] [MT] IDETestOperationsObserverDebug: 0.000 sec, +0.000 sec -- start
2026-07-27 20:25:12.352 xcodebuild[48042:31336769] [MT] IDETestOperationsObserverDebug: 187.630 sec, +187.630 sec -- end
Testing started
CHAPTER_01_LIVE_UI_TRAVERSAL beats=17 interactions=6
2026-07-27 20:25:13.198 xcodebuild[48947:31351198]  DVTDeviceOperation: Encountered a build number "" that is incompatible with DVTBuildVersion.
2026-07-27 20:25:13.201 xcodebuild[48947:31351167] [MT] DVTDeviceOperation: Encountered a build number "" that is incompatible with DVTBuildVersion.
Release app boundary-only: PASS_BOUNDARY_ONLY_NON_SHIPPING
CHAPTER_01_NATIVE_VERIFY=PASS
